SSC_CODE_2016,Age_yr_55_P,Age_yr_56_M,Age_yr_56_F,Age_yr_56_P,Age_yr_57_M,Age_yr_57_F,Age_yr_57_P,Age_yr_58_M,Age_yr_58_F,Age_yr_58_P,Age_yr_59_M,Age_yr_59_F,Age_yr_59_P,Age_yr_55_59_M,Age_yr_55_59_F,Age_yr_55_59_P,Age_yr_60_M,Age_yr_60_F,Age_yr_60_P,Age_yr_61_M,Age_yr_61_F,Age_yr_61_P,Age_yr_62_M,Age_yr_62_F,Age_yr_62_P,Age_yr_63_M,Age_yr_63_F,Age_yr_63_P,Age_yr_64_M,Age_yr_64_F,Age_yr_64_P,Age_yr_60_64_M,Age_yr_60_64_F,Age_yr_60_64_P,Age_yr_65_M,Age_yr_65_F,Age_yr_65_P,Age_yr_66_M,Age_yr_66_F,Age_yr_66_P,Age_yr_67_M,Age_yr_67_F,Age_yr_67_P,Age_yr_68_M,Age_yr_68_F,Age_yr_68_P,Age_yr_69_M,Age_yr_69_F,Age_yr_69_P,Age_yr_65_69_M,Age_yr_65_69_F,Age_yr_65_69_P,Age_yr_70_M,Age_yr_70_F,Age_yr_70_P,Age_yr_71_M,Age_yr_71_F,Age_yr_71_P,Age_yr_72_M,Age_yr_72_F,Age_yr_72_P,Age_yr_73_M,Age_yr_73_F,Age_yr_73_P,Age_yr_74_M,Age_yr_74_F,Age_yr_74_P,Age_yr_70_74_M,Age_yr_70_74_F,Age_yr_70_74_P,Age_yr_75_M,Age_yr_75_F,Age_yr_75_P,Age_yr_76_M,Age_yr_76_F,Age_yr_76_P,Age_yr_77_M,Age_yr_77_F,Age_yr_77_P,Age_yr_78_M,Age_yr_78_F,Age_yr_78_P,Age_yr_79_M,Age_yr_79_F,Age_yr_79_P,Age_yr_75_79_M,Age_yr_75_79_F,Age_yr_75_79_P,Age_yr_80_84_M,Age_yr_80_84_F,Age_yr_80_84_P,Age_yr_85_89_M,Age_yr_85_89_F,Age_yr_85_89_P,Age_yr_90_94_M,Age_yr_90_94_F,Age_yr_90_94_P,Age_yr_95_99_M,Age_yr_95_99_F,Age_yr_95_99_P,Age_yr_100_yr_over_M,Age_yr_100_yr_over_F,Age_yr_100_yr_over_P,Tot_M,Tot_F,Tot_P
SSC70001,20,3,3,6,6,4,11,6,3,9,3,10,13,30,28,59,5,4,6,7,8,12,5,3,11,3,3,4,3,0,4,21,21,38,0,3,7,0,4,3,4,0,4,8,4,9,3,0,3,21,9,25,0,3,4,5,0,3,0,5,5,0,0,0,0,0,0,5,6,12,0,0,0,3,0,3,0,0,0,0,0,0,0,3,3,3,3,3,0,0,0,0,0,0,0,0,0,0,0,0,0,0,0,367,328,694
SSC70002,4,0,3,3,4,4,3,0,3,3,7,0,12,16,7,26,5,4,10,0,6,8,0,0,3,4,0,4,0,0,0,17,12,29,6,4,7,4,0,4,3,0,3,3,4,8,3,5,6,16,8,32,3,0,8,7,0,7,3,0,3,0,3,3,3,0,3,16,4,25,6,0,3,0,3,3,3,0,3,3,0,3,0,0,0,5,3,12,3,4,4,0,3,3,0,3,3,0,0,0,0,0,0,183,174,353
SSC70003,20,7,11,21,14,13,26,12,5,15,9,13,24,58,49,105,3,10,16,3,15,21,4,10,14,10,11,25,15,14,28,41,61,106,12,9,21,11,13,22,14,10,22,13,5,17,10,9,23,63,53,109,11,9,21,7,9,13,11,3,14,10,10,16,3,6,11,44,31,75,3,4,11,6,10,13,4,7,3,3,3,10,6,3,9,18,24,37,4,11,14,4,3,10,0,4,3,0,0,0,0,0,0,1067,1061,2127
SSC70004,3,0,0,0,0,0,0,3,0,3,0,0,0,4,3,15,4,0,3,0,3,3,0,0,0,3,0,4,0,0,0,3,7,16,0,3,3,0,3,3,3,0,3,0,0,0,0,6,6,3,13,12,0,0,0,0,0,0,0,0,0,3,0,3,0,0,0,5,0,4,0,0,0,0,0,0,0,0,0,0,0,0,0,0,0,0,0,0,0,0,3,4,0,4,0,0,3,0,0,0,0,0,0,247,243,494
SSC70005,4,3,0,3,3,4,10,0,0,0,0,0,3,15,7,24,3,0,3,8,3,10,0,0,0,0,0,0,4,3,11,15,8,19,0,3,3,0,3,3,3,0,3,0,0,0,0,0,0,3,5,10,0,0,0,0,0,5,0,3,3,0,0,0,0,0,3,5,9,14,0,0,0,0,0,0,0,0,0,0,0,0,0,0,0,0,0,3,0,3,3,0,0,0,0,0,0,0,0,0,0,0,0,154,141,300
SSC70006,3,0,3,3,3,0,3,3,0,5,0,0,4,10,4,17,0,4,7,0,0,0,3,3,7,0,0,3,0,0,0,5,10,16,0,0,0,0,0,0,3,0,3,0,0,0,0,0,0,3,0,3,0,3,3,0,0,0,0,0,0,0,0,0,0,0,0,3,3,3,0,0,0,0,0,0,0,0,0,0,0,0,0,0,0,0,0,0,0,0,0,0,0,0,0,0,0,0,0,0,0,0,0,217,208,420
SSC70007,11,7,5,14,4,3,9,3,0,4,10,3,12,30,13,48,0,0,3,7,3,9,6,3,8,4,3,5,0,3,3,15,8,22,0,3,3,4,0,6,3,0,3,0,3,3,0,0,0,5,5,18,0,0,0,0,0,0,0,0,0,0,0,0,0,0,0,0,0,0,0,0,0,0,0,0,0,0,0,0,0,0,0,0,0,0,0,0,0,0,0,0,0,0,0,0,0,0,0,0,0,0,0,496,381,873
SSC70008,0,0,0,0,3,3,4,0,0,0,0,0,0,3,6,8,0,0,0,0,0,0,0,0,0,0,0,0,0,0,3,0,0,3,0,0,0,0,0,0,0,0,0,0,0,0,0,0,0,3,0,0,0,3,3,0,0,0,0,0,0,0,0,0,0,0,0,0,5,5,0,0,0,0,0,0,0,0,0,0,0,0,0,0,0,0,0,0,0,0,0,0,3,3,0,0,0,0,0,0,0,0,0,101,138,239
SSC70009,0,0,0,0,0,0,0,3,0,3,0,0,0,4,3,7,3,3,3,0,0,0,0,0,0,0,0,0,0,3,3,0,7,11,0,0,0,0,0,0,0,0,0,0,0,0,0,0,0,3,3,7,0,0,0,0,0,0,0,0,0,0,0,3,0,0,3,3,5,11,0,0,0,0,0,0,0,0,0,0,0,0,0,0,0,0,3,0,4,0,4,0,0,0,0,0,0,0,0,0,0,0,0,211,209,418
SSC70010,0,0,0,0,0,0,0,0,0,0,0,0,0,0,3,3,3,0,3,0,0,0,0,0,0,0,0,0,3,0,3,9,0,4,0,0,0,0,0,0,0,0,0,0,0,0,0,0,0,0,0,0,0,0,0,0,0,0,0,0,0,0,0,0,0,0,0,0,0,0,0,0,0,0,0,0,0,0,0,0,0,0,0,0,0,0,0,0,0,0,0,0,0,0,0,0,0,0,0,0,0,0,0,57,54,111
SSC70011,10,3,3,11,0,4,5,0,0,3,0,8,7,10,20,32,0,0,3,4,0,9,3,3,6,0,0,0,0,3,4,13,12,22,0,0,5,0,0,3,0,0,3,0,0,0,0,0,3,8,3,9,0,3,3,0,0,0,0,0,0,0,0,0,0,0,0,3,4,5,0,3,3,0,0,0,0,0,0,0,0,3,0,0,0,0,6,4,0,0,0,0,0,0,0,0,0,0,0,0,0,0,0,403,455,855
SSC70012,0,0,0,0,0,0,0,0,0,0,0,0,0,5,0,5,0,0,0,0,0,0,0,0,0,0,0,0,0,0,0,0,0,3,0,0,0,0,0,0,0,0,0,0,0,0,0,0,0,0,3,3,0,0,0,0,0,0,0,0,0,0,0,0,0,0,0,0,0,0,0,0,0,0,0,0,0,0,0,0,0,0,0,0,0,0,0,0,0,0,0,0,0,0,0,0,0,0,0,0,0,0,0,62,59,117
SSC70013,3,0,3,3,0,4,0,3,3,3,4,0,6,6,6,20,3,11,9,0,3,3,0,3,3,0,0,3,0,3,3,8,16,25,3,0,3,0,0,0,0,0,0,0,0,3,3,0,4,7,3,17,7,0,9,0,3,3,0,0,0,0,0,0,0,0,3,7,5,14,3,0,4,0,3,3,0,0,0,0,0,0,0,0,0,4,3,9,3,3,8,0,3,3,0,0,0,0,0,0,0,0,0,225,251,477
SSC70014,37,17,23,40,18,13,28,12,19,28,16,11,28,77,81,161,13,12,28,11,13,23,21,12,32,14,15,23,12,8,19,69,61,126,15,12,29,13,9,22,5,10,14,8,7,17,5,3,13,54,38,92,3,9,13,5,0,9,7,10,18,4,0,8,7,7,15,30,28,59,3,3,4,0,0,0,0,0,0,8,5,11,3,10,11,12,22,36,10,4,15,3,0,4,0,0,0,0,0,0,0,0,0,1172,1199,2369
SSC70015,35,20,20,44,20,14,36,20,24,43,28,12,43,103,91,199,14,11,20,17,14,30,12,18,33,6,13,19,13,10,27,67,65,131,7,17,16,8,11,21,5,7,15,12,6,20,8,6,10,34,42,78,3,3,9,3,3,3,3,7,8,6,7,12,3,4,11,18,20,40,5,3,9,4,0,9,7,0,5,4,3,10,0,0,0,17,13,32,5,12,17,3,5,9,3,0,3,0,0,0,0,0,0,1322,1386,2706
SSC70016,0,0,0,0,0,0,0,0,0,0,0,0,0,0,0,0,0,0,0,0,0,0,0,0,0,0,0,0,0,0,0,0,0,0,0,0,0,0,0,0,0,0,0,0,0,0,0,0,0,0,0,0,0,0,0,0,0,0,0,0,0,0,0,0,0,0,0,0,0,0,0,0,0,0,0,0,0,0,0,0,0,0,0,0,0,0,0,0,0,0,0,0,0,0,0,0,0,0,0,0,0,0,0,0,0,0
SSC70017,0,3,0,4,0,0,0,0,5,3,5,0,3,6,10,14,0,0,0,0,4,3,0,0,3,0,0,0,0,0,0,3,10,12,0,0,0,0,0,0,0,3,3,0,0,0,3,0,3,3,4,6,0,0,0,0,0,3,0,0,0,0,0,0,0,0,0,3,0,3,0,3,3,0,0,0,0,0,0,0,0,0,0,0,0,0,3,3,0,0,0,0,0,0,0,0,0,0,0,0,0,0,0,93,109,195
SSC70018,0,0,0,0,0,0,0,0,0,0,0,0,0,0,0,0,0,0,0,0,0,0,0,0,0,0,0,0,0,0,0,0,0,0,0,0,0,0,0,0,0,0,0,0,0,0,0,0,0,0,0,0,0,0,0,0,0,0,0,0,0,0,0,0,0,0,0,0,0,0,0,0,0,0,0,0,0,0,0,0,0,0,0,0,0,0,0,0,0,0,0,0,0,0,0,0,0,0,0,0,0,0,0,22,5,27
SSC70019,3,0,3,3,0,0,0,0,3,7,3,0,3,14,9,23,0,8,6,0,3,3,3,3,6,0,0,4,0,0,3,4,10,21,0,0,0,3,0,4,0,0,3,0,0,0,0,0,0,3,3,10,3,0,3,0,0,0,0,3,3,0,3,3,0,0,0,3,5,10,0,0,0,0,0,0,0,0,0,0,0,0,0,0,0,0,0,0,0,0,0,0,0,0,0,0,0,0,0,0,0,0,0,138,137,268
SSC70020,3,0,0,0,3,0,3,0,3,3,0,0,0,6,7,9,3,0,7,0,3,3,0,0,0,0,0,0,0,3,3,5,6,12,0,0,0,0,0,0,0,0,0,0,3,3,0,0,3,3,4,8,0,0,0,0,0,0,0,0,0,0,0,0,0,0,0,0,0,0,0,0,0,0,0,0,0,0,0,0,0,0,0,0,0,0,0,3,0,0,0,0,0,0,0,0,0,0,0,0,0,0,0,107,112,224
SSC70021,0,4,0,4,0,3,3,0,0,0,3,0,6,5,11,16,3,0,3,0,0,0,0,0,0,0,0,0,0,0,0,3,0,7,0,0,0,0,0,0,0,0,0,0,0,0,0,0,0,0,6,5,0,0,0,0,0,0,0,0,0,0,0,0,0,0,0,0,3,3,0,0,0,3,0,3,0,0,0,0,0,0,0,0,0,3,0,3,0,0,0,0,0,0,0,0,0,0,0,0,0,0,0,127,125,249
SSC70022,35,4,20,23,11,9,23,13,18,28,13,6,22,63,72,133,17,19,35,14,9,23,7,13,20,11,7,17,19,10,24,64,57,121,4,10,19,6,8,11,4,10,18,4,0,6,3,3,3,27,37,63,3,0,5,10,4,12,0,0,0,0,3,3,3,0,3,16,5,27,3,3,5,3,4,7,0,7,7,0,5,5,3,0,4,7,12,23,3,12,11,0,0,4,0,0,0,0,0,0,0,0,0,1525,1543,3069
SSC70023,0,0,0,0,0,0,0,0,0,0,0,0,0,4,0,3,0,4,7,0,3,3,0,0,0,0,0,0,0,0,3,3,10,11,0,0,0,0,0,0,0,3,3,0,0,0,0,0,0,3,8,6,0,0,3,0,0,0,0,3,3,0,0,0,0,0,0,0,3,4,0,0,0,0,0,0,0,0,0,0,0,0,0,0,0,0,0,0,0,0,0,0,0,0,0,0,0,0,0,0,0,0,0,170,189,363
SSC70024,10,3,3,7,3,5,12,0,5,3,3,0,3,15,20,29,3,14,18,6,3,5,4,5,11,8,0,5,0,0,0,23,20,42,8,0,5,12,3,15,3,0,8,4,9,12,6,0,6,26,12,43,3,3,3,3,0,3,0,0,0,0,0,0,3,0,3,6,9,17,0,0,0,3,0,8,3,0,4,0,0,0,0,0,0,10,6,16,0,0,0,0,4,8,0,0,0,0,0,0,0,0,0,259,248,507
SSC70025,20,6,14,19,13,17,25,5,11,17,12,6,18,48,58,103,5,10,13,11,7,18,6,6,19,9,0,11,15,3,19,43,30,72,4,0,4,12,5,11,4,4,15,3,6,12,3,3,10,31,20,52,0,3,5,3,0,3,3,4,9,8,3,8,0,0,0,16,8,26,0,0,3,3,0,3,0,0,0,3,0,7,0,0,0,5,0,8,0,3,3,3,0,8,0,0,0,0,0,0,0,0,0,889,790,1683
SSC70026,18,10,6,21,9,3,16,8,5,11,3,11,14,37,32,69,4,6,13,5,4,7,9,3,13,10,5,13,3,3,6,29,24,50,5,5,10,3,0,4,8,3,7,4,3,5,6,9,11,23,19,46,0,3,3,6,0,8,5,6,9,3,3,9,4,3,8,16,12,34,0,5,6,6,5,9,3,0,7,0,0,0,0,0,0,10,9,19,4,3,4,0,3,3,0,0,0,0,0,0,0,0,0,439,400,838
SSC70027,8,7,6,9,3,8,9,4,6,9,4,14,17,22,32,56,5,3,9,5,5,15,5,7,17,9,3,14,0,3,3,27,24,53,0,5,10,3,0,3,3,7,8,0,3,5,0,0,0,11,16,31,3,4,5,0,0,3,0,0,0,3,0,4,0,3,8,5,15,23,3,4,4,7,6,13,0,0,0,0,3,3,0,0,0,12,9,24,0,7,7,4,0,4,0,0,0,0,0,0,0,0,0,1229,1235,2458
SSC70028,3,4,0,4,0,0,0,0,3,3,0,0,0,7,3,10,0,0,0,0,0,0,0,0,0,0,0,0,0,3,3,3,0,8,0,0,0,0,0,0,0,0,0,0,0,0,0,0,0,0,0,0,0,0,0,0,0,0,0,0,0,0,0,0,0,0,0,0,0,3,0,0,0,0,0,0,0,0,0,0,0,0,0,0,0,0,0,0,0,0,0,0,0,0,0,0,0,0,0,0,0,0,0,92,71,164
SSC70029,11,3,5,14,10,6,12,6,13,15,4,4,4,28,27,54,9,5,12,13,0,12,5,5,7,7,4,13,3,0,3,30,10,45,3,3,6,5,3,8,0,0,3,4,10,13,7,0,6,28,12,42,0,0,0,3,3,8,4,3,8,3,3,3,0,5,5,11,11,20,0,0,0,3,0,3,0,0,4,0,0,0,0,0,0,6,4,11,0,0,0,0,0,0,0,0,0,0,0,0,0,0,0,425,361,789
SSC70030,12,5,6,11,4,4,10,5,8,11,10,3,8,28,25,51,8,4,15,7,3,11,4,3,9,3,0,10,6,3,12,40,16,57,0,0,3,0,0,3,4,4,8,6,3,5,3,4,9,18,15,31,3,4,4,3,0,3,0,0,4,3,0,0,0,0,3,11,6,22,3,0,4,0,0,0,0,0,0,0,0,0,0,0,0,5,3,5,0,0,0,0,0,3,0,0,0,0,0,0,0,0,0,438,375,818
SSC70031,3,0,4,4,3,0,6,0,0,0,0,0,0,9,11,18,0,0,0,3,0,3,0,3,3,0,0,0,3,0,3,6,4,11,0,0,3,0,0,0,0,0,0,0,0,0,4,0,4,4,3,10,0,0,0,0,0,0,0,0,0,0,0,0,3,0,3,5,0,3,0,0,0,0,0,0,0,0,0,0,0,0,0,0,0,0,0,0,0,0,0,0,0,0,0,0,0,0,0,0,0,0,0,246,284,531
SSC70032,0,0,0,0,0,0,0,0,0,0,0,0,0,0,0,0,0,0,0,0,0,0,0,0,0,0,0,0,0,0,0,0,0,0,0,0,0,0,0,0,0,0,0,0,0,0,0,0,0,0,0,0,0,0,0,0,0,0,0,0,0,0,0,0,0,0,0,0,0,0,0,0,0,0,0,0,0,0,0,0,0,0,0,0,0,0,0,0,0,0,0,0,0,0,0,0,0,0,0,0,0,0,0,3,3,3
SSC70033,0,0,0,0,3,0,3,0,0,3,0,0,0,0,3,5,0,0,0,0,0,0,0,0,0,0,0,0,3,0,3,3,0,4,0,0,0,0,0,0,0,0,0,0,0,0,0,0,0,0,0,0,0,0,0,0,0,0,0,0,0,0,0,0,0,3,3,0,3,3,0,0,0,0,0,0,0,0,0,0,0,0,0,0,0,0,3,3,0,0,0,0,0,3,0,0,0,0,0,0,0,0,0,104,94,190
SSC70034,0,0,0,0,0,0,0,0,0,0,0,0,0,3,0,5,3,0,3,0,0,0,3,0,3,5,3,3,0,0,0,7,7,11,0,0,0,0,0,0,0,0,0,0,0,0,0,0,0,0,3,4,0,0,0,0,0,0,0,0,0,0,0,0,0,0,0,0,0,0,0,0,0,0,0,0,0,0,0,0,0,0,0,0,0,3,0,3,0,0,0,0,0,0,0,0,0,0,0,0,0,0,0,55,32,86
SSC70035,0,0,0,0,0,0,0,0,0,0,0,0,0,0,0,0,0,0,0,0,0,0,0,0,0,0,0,0,0,0,0,0,0,0,0,0,0,0,0,0,0,0,0,0,0,0,0,0,0,0,0,0,0,0,0,0,0,0,0,0,0,0,0,0,0,0,0,0,0,0,0,0,0,0,0,0,0,0,0,0,0,0,0,0,0,0,0,0,0,0,0,0,0,0,0,0,0,0,0,0,0,0,0,0,0,0
SSC70036,0,0,0,0,0,0,0,0,0,0,0,0,0,0,0,0,0,0,0,0,0,0,0,0,0,0,0,0,0,0,0,3,3,3,0,0,0,0,0,0,0,0,0,0,0,0,0,0,0,0,0,3,0,0,0,0,0,0,0,0,0,0,0,0,0,0,0,0,0,0,0,0,0,0,0,0,0,0,0,0,0,0,0,0,0,0,0,0,0,0,0,0,0,0,0,0,0,0,0,0,0,0,0,26,21,41
SSC70037,12,3,3,5,8,4,10,3,5,8,9,0,13,23,19,44,0,5,9,3,0,6,0,3,4,4,0,7,3,0,3,11,7,22,5,3,6,3,0,3,5,3,10,0,0,0,0,3,5,12,12,22,3,4,4,3,0,3,0,0,0,0,0,0,0,6,3,10,9,17,0,0,0,4,0,4,0,0,0,3,0,3,0,0,0,11,3,12,3,3,4,0,0,0,0,0,0,0,0,0,0,0,0,455,423,871
SSC70038,0,0,0,0,0,0,0,0,0,0,0,0,0,0,0,3,0,0,0,0,0,0,0,0,0,0,0,0,0,0,0,0,0,0,0,0,0,0,0,0,0,0,0,0,0,0,0,0,0,0,0,0,0,0,0,0,0,0,0,0,0,0,0,0,0,0,0,0,0,0,0,0,0,0,0,0,0,0,0,0,0,0,0,0,0,0,0,0,0,0,0,0,0,0,0,0,0,0,0,0,0,0,0,36,35,73
SSC70039,49,17,16,35,22,32,55,26,28,53,17,14,38,102,122,226,20,21,35,29,18,47,22,21,45,23,18,38,13,10,25,101,90,193,8,17,26,18,15,29,13,7,21,14,10,24,14,10,20,66,52,118,6,10,15,6,9,17,6,7,13,3,13,15,7,6,16,37,40,79,3,6,5,9,3,9,3,3,6,3,4,5,5,3,15,20,22,45,13,8,18,4,11,15,3,7,3,0,0,0,0,0,0,1554,1600,3149
SSC70040,16,10,5,19,5,12,23,3,7,13,3,5,16,41,41,79,9,9,22,6,3,15,3,11,18,6,6,7,4,11,13,37,44,75,6,3,13,4,3,5,8,5,13,8,9,12,5,5,9,29,19,52,4,0,9,0,8,7,3,4,5,0,0,3,4,3,7,15,19,31,0,8,8,3,0,3,0,0,0,3,3,7,0,0,0,8,13,16,8,5,11,3,3,3,0,0,0,0,0,0,0,0,0,671,605,1268
SSC70041,3,0,0,0,0,0,0,0,0,0,0,0,0,0,0,3,0,0,0,0,0,0,0,0,0,0,0,0,0,0,0,0,0,0,0,0,0,0,0,0,0,0,0,0,0,0,0,0,0,0,0,0,0,0,0,0,0,0,0,0,0,0,0,0,0,0,0,0,0,0,0,0,0,0,0,0,0,0,0,0,0,0,0,0,0,0,0,0,0,0,0,0,0,0,0,0,0,0,0,0,0,0,0,32,22,55
SSC70042,0,0,0,0,0,0,0,0,0,0,0,0,0,0,0,0,0,0,0,0,0,0,0,0,0,0,0,0,0,0,0,0,0,0,0,0,0,0,0,0,0,0,0,0,0,0,0,0,0,0,0,0,0,0,0,0,0,0,0,0,0,0,0,0,0,0,0,0,0,0,0,0,0,0,0,0,0,0,0,0,0,0,0,0,0,0,0,0,0,0,0,0,0,0,0,0,0,0,0,0,0,0,0,0,0,0
SSC70043,5,0,0,0,0,0,0,0,0,0,0,0,0,4,3,12,0,0,3,0,0,0,0,0,0,0,0,0,0,0,0,0,3,7,0,0,0,0,0,0,0,0,0,0,0,0,0,0,0,0,0,3,0,0,0,0,0,0,0,0,0,0,0,0,0,0,0,0,0,0,0,0,0,0,0,0,0,0,0,0,0,0,0,0,0,0,0,3,0,0,3,0,0,0,0,0,0,0,0,0,0,0,0,151,129,280
SSC70044,0,0,0,0,0,0,0,0,0,0,0,0,0,0,0,3,4,0,4,0,0,0,0,0,0,0,0,0,0,0,0,4,0,4,0,0,0,0,0,0,0,0,0,0,0,0,0,0,0,3,4,3,0,0,0,0,0,0,0,0,0,0,0,0,0,0,0,0,0,0,0,0,0,0,0,0,0,0,0,0,0,0,0,0,0,0,0,0,0,0,0,0,0,0,0,0,0,0,0,0,0,0,0,16,20,35
SSC70045,3,0,0,0,0,3,3,0,3,0,0,0,0,3,9,9,0,0,0,0,0,0,0,0,4,0,0,3,0,0,0,4,3,8,3,0,3,0,0,3,0,0,0,0,0,0,0,0,0,5,4,9,0,0,0,0,0,0,0,0,0,0,0,0,0,0,0,0,0,0,0,0,0,0,0,0,0,0,3,0,0,0,0,0,0,0,0,3,0,0,0,0,0,0,0,0,0,0,0,0,0,0,0,128,120,250
SSC70046,0,0,0,0,0,0,0,0,3,3,3,0,3,3,8,10,0,4,3,0,0,0,0,0,0,3,0,3,0,0,0,5,6,13,0,4,7,3,0,3,3,0,7,0,0,0,3,0,0,12,4,14,3,0,4,0,0,0,0,0,0,3,0,4,0,0,0,5,3,8,0,0,0,0,0,0,0,0,0,0,0,0,0,0,0,0,0,0,0,0,0,0,0,0,0,0,0,0,0,0,0,0,0,53,42,96
SSC70047,0,0,0,0,0,0,0,0,0,0,0,0,0,0,0,0,0,0,0,0,0,0,0,0,0,0,0,0,0,0,0,0,0,0,0,0,0,0,0,0,0,0,0,0,0,0,0,0,0,0,0,0,0,0,0,0,0,0,0,0,0,0,0,0,0,0,0,0,0,0,0,0,0,0,0,0,0,0,0,0,0,0,0,0,0,0,0,0,0,0,0,0,0,0,0,0,0,0,0,0,0,0,0,0,0,0
SSC70048,0,0,0,0,0,0,0,0,0,0,0,0,0,0,3,3,0,0,0,0,0,0,0,0,0,0,0,0,0,0,0,0,0,4,0,0,0,0,0,0,0,0,0,0,0,0,0,0,0,0,0,0,0,0,0,0,0,0,0,0,0,0,0,0,0,0,0,0,0,0,0,0,0,0,0,0,0,0,0,0,0,0,0,0,0,0,0,0,0,0,0,0,0,0,0,0,0,0,0,0,0,0,0,25,28,54
SSC70049,0,0,0,0,0,0,0,0,0,0,0,0,0,0,0,0,0,0,0,0,0,0,0,0,0,0,0,0,0,0,0,0,0,0,0,0,0,0,0,0,0,0,0,0,0,0,0,0,0,0,0,0,0,0,0,0,0,0,0,0,0,0,0,0,0,0,0,0,0,0,0,0,0,0,0,0,0,0,0,0,0,0,0,0,0,0,0,0,0,0,0,0,0,0,0,0,0,0,0,0,0,0,0,0,0,0
SSC70050,0,0,0,0,0,0,0,0,0,0,0,0,0,0,3,4,0,0,0,0,0,0,0,0,0,0,0,0,0,0,0,4,3,4,0,0,0,0,0,0,0,0,0,0,0,0,0,0,0,0,0,0,0,0,0,0,0,0,0,0,0,0,0,0,0,0,0,0,0,0,0,0,0,0,0,0,0,0,0,0,0,0,0,0,0,0,0,0,0,0,0,0,0,0,0,0,0,0,0,0,0,0,0,102,83,184
SSC70051,0,3,0,3,0,0,0,3,0,3,0,0,0,3,0,4,0,0,0,0,0,0,0,0,0,0,0,0,0,0,0,0,0,0,0,0,0,3,0,5,0,0,0,0,0,0,0,0,0,3,0,3,0,0,0,0,0,0,0,0,0,0,0,0,0,0,0,0,0,0,0,0,0,0,0,0,0,0,0,0,0,0,0,0,0,0,0,0,0,0,0,0,0,0,0,0,0,0,0,0,0,0,0,191,139,331
SSC70052,0,0,0,0,0,0,0,0,0,0,0,0,0,0,0,0,0,0,0,0,0,0,0,0,0,0,0,0,0,0,0,0,0,0,0,0,0,0,0,0,0,0,0,0,0,0,0,0,0,0,0,0,0,0,0,0,0,0,0,0,0,0,0,0,0,0,0,0,0,0,0,0,0,0,0,0,0,0,0,0,0,0,0,0,0,0,0,0,0,0,0,0,0,0,0,0,0,0,0,0,0,0,0,0,6,4
SSC70053,0,0,0,0,0,0,0,0,0,0,0,0,0,0,0,0,0,0,0,0,0,0,0,0,0,0,0,0,0,0,0,0,0,0,0,0,0,0,0,0,0,0,0,0,0,0,0,0,0,0,0,0,0,0,0,0,0,0,0,0,0,0,0,0,0,0,0,0,0,0,0,0,0,0,0,0,0,0,0,0,0,0,0,0,0,0,0,0,0,0,0,0,0,0,0,0,0,0,0,0,0,0,0,0,0,0
SSC70054,0,0,0,0,0,0,0,0,0,0,0,0,0,3,0,4,0,0,0,0,0,0,0,0,0,0,0,0,0,0,0,0,0,0,0,0,0,0,0,0,3,0,3,0,0,0,0,0,0,0,0,0,0,0,0,0,0,0,0,0,0,0,0,0,0,0,0,0,0,3,0,0,0,0,0,0,0,0,0,0,0,0,0,0,0,0,0,0,0,0,0,0,0,0,0,0,0,0,0,0,0,0,0,8,8,18
SSC70055,0,0,0,0,0,0,0,0,0,0,0,0,0,0,0,0,0,0,0,0,0,0,0,0,0,0,0,0,0,0,0,0,0,0,0,0,0,0,0,0,0,0,0,0,0,0,0,0,0,0,0,0,0,0,0,0,0,0,0,0,0,0,0,0,0,0,0,0,0,0,0,0,0,0,0,0,0,0,0,0,0,0,0,0,0,0,0,0,0,0,0,0,0,0,0,0,0,0,0,0,0,0,0,0,0,0
SSC70056,9,3,3,4,0,0,0,3,0,7,0,0,0,15,5,22,3,0,7,4,0,4,3,3,3,7,3,12,0,0,0,16,8,25,3,0,5,0,3,3,0,0,0,0,0,0,0,0,0,3,4,10,0,0,0,0,0,0,0,0,0,0,0,0,0,0,0,3,0,3,0,0,0,0,0,0,0,0,0,0,0,0,0,0,0,0,0,0,0,0,0,0,0,0,0,0,0,0,0,0,0,0,0,147,104,255
SSC70057,0,0,0,0,0,0,0,0,0,0,0,0,0,0,0,0,0,0,0,0,0,0,0,0,0,0,0,0,0,0,0,0,0,0,0,0,0,0,0,0,0,0,0,0,0,0,0,0,0,3,0,3,0,0,0,0,0,0,0,0,0,0,0,0,0,0,0,0,0,0,0,0,0,0,0,0,0,0,0,0,0,0,0,0,0,0,0,0,0,0,0,0,0,0,0,0,0,0,0,0,0,0,0,5,3,10
SSC70058,0,0,0,0,0,0,0,0,0,0,0,0,0,0,0,0,0,0,0,0,0,0,0,0,0,0,0,0,0,0,0,0,0,0,0,0,0,0,0,0,0,0,0,0,0,0,0,0,0,0,0,0,0,0,0,0,0,0,0,0,0,0,0,0,0,0,0,0,0,0,0,0,0,0,0,0,0,0,0,0,0,0,0,0,0,0,0,0,0,0,0,0,0,0,0,0,0,0,0,0,0,0,0,15,14,33
SSC70059,26,22,14,40,11,23,38,28,9,39,17,19,38,92,83,175,18,11,25,11,14,24,22,24,41,16,18,35,16,11,27,86,78,162,22,13,36,10,10,25,12,5,19,12,18,30,6,0,8,65,52,122,7,12,21,14,8,28,8,5,14,3,9,16,6,5,9,50,37,85,3,14,20,12,5,18,6,3,12,9,9,13,3,5,9,33,36,66,15,21,33,7,14,20,0,3,3,0,3,4,0,0,0,1518,1534,3050
SSC70060,0,0,0,0,0,0,0,0,0,0,0,0,0,0,3,5,0,0,0,0,0,0,0,0,0,0,0,0,0,0,0,0,0,0,0,0,0,0,0,0,0,0,0,0,0,0,0,0,0,0,0,0,0,0,0,0,0,0,0,0,0,0,0,0,0,0,0,0,0,0,0,0,0,0,0,0,0,0,0,0,0,0,0,0,0,0,0,0,0,0,0,0,0,0,0,0,0,0,0,0,0,0,0,3,4,4
SSC70061,9,0,3,4,3,3,8,0,3,7,4,3,8,16,21,33,0,0,0,6,4,8,0,0,3,0,0,4,3,4,8,16,12,26,3,3,6,0,0,3,3,3,3,0,0,3,4,0,10,15,8,25,0,0,0,5,3,5,0,0,0,0,3,3,0,0,0,7,6,13,0,3,3,3,3,3,0,0,0,0,0,0,0,0,0,3,3,9,6,4,5,0,0,0,0,0,0,0,0,0,0,0,0,208,194,400
SSC70062,12,6,0,3,4,4,4,7,0,8,3,0,3,15,12,28,9,0,9,7,3,6,3,3,3,3,0,3,0,3,8,20,6,23,6,0,4,0,0,0,3,0,3,4,0,4,4,3,8,12,12,26,0,3,3,6,0,3,0,0,0,0,0,0,0,0,0,7,3,12,0,0,0,0,0,0,0,0,0,0,0,0,0,0,0,4,4,4,0,0,0,0,0,0,0,0,0,0,0,0,0,0,0,276,275,548
SSC70063,0,0,0,0,0,0,4,0,0,0,0,0,0,0,0,4,0,0,0,0,0,0,0,0,0,0,0,0,0,0,0,0,0,0,0,0,0,0,0,0,0,0,0,0,0,0,0,0,0,0,0,0,0,0,0,0,0,0,0,0,0,0,0,0,0,0,0,0,0,0,0,0,0,0,0,0,0,0,0,0,0,0,0,0,0,0,0,0,0,0,0,0,0,0,0,0,0,0,0,0,0,0,0,18,10,20
SSC70064,0,0,0,0,0,0,0,0,0,0,0,0,0,0,0,0,0,0,0,0,0,0,0,0,0,0,0,0,0,0,0,0,0,0,0,0,0,0,0,0,0,0,0,0,0,0,0,0,0,0,0,0,0,0,0,0,0,0,0,0,0,0,0,0,0,0,0,0,0,0,0,0,0,0,0,0,0,0,0,0,0,0,0,0,0,0,0,0,0,0,0,0,0,0,0,0,0,0,0,0,0,0,0,39,36,78
SSC70065,13,12,11,23,20,19,33,12,4,14,12,8,18,59,51,109,9,12,23,5,3,9,13,8,14,6,9,16,9,3,10,43,30,71,11,5,19,10,3,16,5,8,11,3,7,8,9,4,12,35,27,69,5,6,14,6,7,11,3,0,6,0,3,3,3,3,9,23,16,38,3,8,11,0,3,8,0,0,0,3,3,5,0,0,0,9,16,30,9,0,6,3,0,7,0,0,0,0,0,0,0,0,0,623,596,1223
SSC70066,0,0,0,0,0,0,0,0,0,0,0,0,0,0,0,0,0,0,0,0,0,0,0,0,0,0,0,0,0,0,0,0,0,0,0,0,0,0,0,0,0,0,0,0,0,0,0,0,0,0,0,0,0,0,0,0,0,0,0,0,0,0,0,0,0,0,0,0,0,0,0,0,0,0,0,0,0,0,0,0,0,0,0,0,0,0,0,0,0,0,0,0,0,0,0,0,0,0,0,0,0,0,0,12,3,12
SSC70067,0,0,0,0,0,0,0,3,0,3,0,0,0,3,0,3,0,0,0,0,0,0,0,0,0,0,0,0,0,0,0,0,0,0,0,0,0,0,0,0,0,0,0,0,0,0,0,0,0,4,0,7,0,0,0,0,0,0,0,0,0,0,0,0,0,0,0,0,0,0,0,0,0,0,0,0,0,0,0,0,0,0,0,0,0,0,0,0,0,0,0,0,0,0,0,0,0,0,0,0,0,0,0,15,5,15
SSC70068,3,0,0,0,0,0,0,0,0,0,0,0,0,0,0,0,0,0,0,0,0,0,0,0,0,0,0,0,0,0,0,0,0,0,0,0,0,0,0,0,0,0,0,0,0,0,0,0,0,0,0,0,0,0,0,0,0,0,0,0,0,0,0,0,0,0,0,0,0,0,0,0,0,0,0,0,0,0,0,0,0,0,0,0,0,0,0,0,0,0,0,0,0,0,0,0,0,0,0,0,0,0,0,35,9,45
SSC70069,0,0,0,0,0,0,0,0,0,0,0,3,3,3,4,6,0,0,0,0,0,0,0,0,0,0,0,0,0,0,0,0,0,0,0,0,0,0,0,0,0,0,0,0,0,0,0,0,0,0,0,0,0,0,0,0,0,0,0,0,0,0,0,0,0,0,0,0,0,3,0,0,0,0,0,0,0,0,0,0,0,0,0,0,0,0,0,0,0,0,0,0,0,0,0,0,0,0,0,0,0,0,0,129,110,242
SSC70070,0,0,0,0,0,0,0,0,0,0,0,0,0,0,0,0,0,0,0,0,0,0,0,0,0,0,0,0,0,0,0,0,0,0,0,0,0,0,0,0,0,0,0,0,0,0,0,0,0,0,0,0,0,0,0,0,0,0,0,0,0,0,0,0,0,0,0,0,0,0,0,0,0,0,0,0,0,0,0,0,0,0,0,0,0,0,0,0,0,0,0,0,0,0,0,0,0,0,0,0,0,0,0,0,0,0
SSC70071,0,0,0,0,0,0,0,0,0,3,0,0,0,0,5,8,3,6,7,0,0,0,0,0,0,0,0,0,0,0,0,3,6,10,0,0,0,0,0,0,0,3,3,0,0,0,0,3,5,0,7,4,0,0,0,0,0,0,4,0,4,0,0,0,0,0,0,11,0,11,0,0,4,0,0,0,4,0,4,0,0,0,0,0,0,3,0,6,0,0,0,0,0,0,0,0,0,0,0,0,0,0,0,61,62,127
SSC70072,0,0,0,0,0,0,0,0,0,0,0,0,0,0,0,3,0,0,0,0,0,0,0,0,0,0,0,0,0,0,0,0,0,0,0,0,0,0,0,0,0,0,0,0,0,0,0,0,0,0,0,0,0,0,0,0,0,0,0,0,0,0,0,0,0,0,0,0,0,0,0,0,0,0,0,0,0,0,0,0,0,0,0,0,0,0,0,0,0,0,0,0,0,0,0,0,0,0,0,0,0,0,0,7,4,9
SSC70073,77,43,39,84,56,28,89,48,21,66,27,21,53,225,144,367,34,21,53,51,17,64,43,30,73,26,19,45,34,11,48,187,92,276,17,19,36,19,16,37,24,16,35,24,18,41,22,5,29,105,76,181,16,11,28,11,8,23,4,6,11,8,0,7,4,6,14,48,32,86,12,4,18,3,7,4,3,5,13,0,3,3,0,0,3,20,19,38,7,10,17,5,8,11,0,0,3,0,0,0,0,0,0,3636,2836,6464
SSC70074,15,5,8,13,3,4,10,7,3,8,3,4,11,34,22,52,3,0,3,4,0,4,4,4,8,6,3,15,3,3,5,24,14,36,3,0,7,9,7,14,3,0,4,0,7,4,6,4,9,20,19,34,3,3,7,3,0,3,0,0,0,0,3,3,3,0,3,12,12,24,0,0,0,3,0,3,0,0,0,3,0,3,0,0,0,10,0,10,0,0,0,0,0,0,0,0,0,0,0,0,0,0,0,384,315,696
SSC70075,0,0,0,0,0,0,0,0,0,0,0,0,0,0,0,0,0,0,0,0,0,0,0,0,0,0,0,0,0,0,0,0,0,0,0,0,0,0,0,0,0,0,0,0,0,0,0,0,0,0,0,0,0,0,0,0,0,0,0,0,0,0,0,0,0,0,0,0,0,0,0,0,0,0,0,0,0,0,0,0,0,0,0,0,0,0,0,0,0,0,0,0,0,0,0,0,0,0,0,0,0,0,0,5,0,5
SSC70076,0,0,0,3,0,0,3,0,0,0,0,0,0,3,0,3,0,0,0,4,0,4,0,0,0,0,0,0,0,0,0,3,4,3,0,0,0,3,0,3,0,0,0,0,3,3,0,0,0,3,3,3,0,0,0,0,0,3,0,0,0,0,0,0,0,0,0,3,0,4,0,0,0,0,0,0,0,0,0,0,0,0,0,0,0,0,0,0,0,0,0,0,0,0,0,0,0,0,0,0,0,0,0,107,73,178
SSC70077,0,0,0,0,0,0,0,0,0,0,0,0,0,0,0,0,0,0,0,0,0,0,0,0,0,0,0,0,0,0,0,0,0,0,0,0,0,0,0,0,0,0,0,0,0,0,0,0,0,0,0,3,0,0,0,0,0,0,0,0,0,0,0,0,0,0,0,0,0,4,0,0,0,0,0,0,0,0,0,0,0,0,0,0,0,0,0,0,0,0,0,0,0,0,0,0,0,0,0,0,0,0,0,19,15,37
SSC70078,28,10,11,22,13,12,30,19,5,28,9,12,18,72,49,124,16,11,22,8,9,22,14,4,16,13,4,13,4,4,6,51,37,88,5,4,17,9,8,19,9,3,10,6,5,9,0,7,6,31,27,59,0,0,3,4,4,4,3,0,0,10,5,12,0,0,7,16,12,32,4,7,9,0,3,4,7,0,7,0,0,0,4,3,4,14,13,27,3,5,9,3,8,10,0,4,3,0,0,0,0,0,0,739,740,1477
SSC70079,3,3,0,3,0,4,4,3,0,3,0,0,0,6,9,16,0,0,4,0,3,5,0,3,3,0,3,3,4,0,4,6,9,21,0,0,0,3,0,3,0,3,5,0,0,0,0,0,0,8,3,13,0,0,0,0,0,0,0,0,0,0,0,0,0,0,0,0,0,3,0,0,0,0,0,0,0,0,0,0,0,0,0,0,0,0,0,0,0,0,0,0,0,0,0,0,0,0,0,0,0,0,0,150,88,238
SSC70080,40,7,14,20,13,9,24,14,18,27,25,11,36,84,69,154,4,18,18,24,10,35,12,6,18,24,9,32,14,5,21,68,52,123,10,11,22,9,9,15,9,0,6,6,7,9,10,8,18,34,33,72,3,6,11,3,5,8,0,0,0,0,0,4,0,0,3,13,13,26,3,6,10,3,3,3,0,0,0,0,3,3,0,3,3,6,11,21,6,7,14,0,0,0,0,0,0,0,0,0,0,0,0,1473,1409,2884
SSC70081,4,0,4,3,3,3,3,0,0,0,0,0,0,9,6,16,3,3,9,3,0,3,5,4,11,8,3,7,3,0,9,20,14,38,4,4,7,4,0,7,8,4,6,7,0,5,3,0,3,26,15,38,0,3,3,0,0,3,3,0,0,3,3,8,3,0,6,9,8,16,0,0,0,0,0,0,0,0,0,0,0,0,0,0,0,0,0,5,3,0,5,0,0,0,0,0,0,0,0,0,0,0,0,112,93,207
SSC70082,0,0,0,0,0,0,0,0,0,0,0,0,3,6,0,4,0,0,0,5,4,6,0,0,3,3,4,3,4,3,6,9,8,23,0,0,0,8,0,8,0,0,0,0,0,0,0,0,0,10,0,10,0,0,0,0,0,0,3,0,4,0,0,0,3,0,4,10,0,7,0,0,0,0,0,0,0,0,0,0,0,0,0,0,0,3,0,3,0,0,0,0,0,0,0,0,0,0,0,0,0,0,0,62,25,86
SSC70083,0,0,0,0,0,0,0,0,0,0,3,3,3,3,3,10,3,0,3,3,0,3,0,3,3,0,0,0,3,0,3,10,3,16,0,3,3,3,0,3,0,0,3,0,0,0,0,0,0,6,7,6,0,0,5,0,0,0,0,0,0,0,0,0,0,0,0,4,3,4,0,0,0,0,0,0,0,0,0,0,0,0,0,0,0,0,0,0,0,0,0,0,0,0,0,0,0,0,0,0,0,0,0,41,29,73
SSC70084,43,25,16,38,10,5,24,21,17,41,18,21,34,92,87,172,15,11,21,15,12,30,8,10,16,11,13,21,9,9,18,53,43,94,3,8,14,5,9,15,5,5,8,9,10,15,3,3,10,26,41,61,13,6,15,4,0,8,7,0,9,4,3,7,3,6,9,26,13,41,0,3,4,3,0,3,0,3,3,0,0,0,0,0,0,8,11,18,3,6,11,0,0,3,0,0,0,0,3,0,0,0,0,1772,1759,3537
SSC70085,0,0,0,0,0,0,0,0,0,0,0,0,0,0,0,0,0,0,0,0,0,0,0,0,0,0,0,0,0,0,0,0,0,0,0,0,0,0,0,0,0,0,0,0,0,0,0,0,0,0,0,0,0,0,0,0,0,0,0,0,0,0,0,0,0,0,0,0,0,0,0,0,0,0,0,0,0,0,0,0,0,0,0,0,0,0,0,0,0,0,0,0,0,0,0,0,0,0,0,0,0,0,0,8,0,13
SSC70086,15,4,7,8,5,0,5,3,0,4,3,6,5,23,23,41,5,4,12,0,3,3,4,0,5,3,0,3,4,0,4,9,11,28,0,4,4,4,0,5,0,0,0,0,0,3,3,0,3,13,7,21,0,0,0,0,0,3,0,0,0,0,0,0,0,0,0,3,3,10,0,0,0,3,0,3,0,0,0,0,0,0,0,0,0,4,3,10,0,0,4,0,0,0,0,0,0,0,0,0,0,0,0,505,501,1004
SSC70087,0,0,0,0,0,0,0,0,0,0,0,0,0,0,0,0,0,0,0,0,0,0,0,0,0,0,0,0,0,0,0,0,0,0,0,0,0,0,0,0,0,0,0,0,0,0,0,0,0,0,0,0,0,0,0,0,0,0,0,0,0,0,0,0,0,0,0,0,0,0,0,0,0,0,0,0,0,0,0,0,0,0,0,0,0,0,0,0,0,0,0,0,0,0,0,0,0,0,0,0,0,0,0,8,4,14
SSC70088,43,15,27,39,22,22,42,17,33,49,13,24,41,86,127,212,24,24,49,17,19,40,23,19,40,20,24,44,9,17,33,96,104,207,20,23,48,11,13,28,12,10,21,9,5,15,13,14,24,73,64,137,9,15,24,3,9,14,0,3,5,8,6,12,3,4,10,24,43,69,0,3,4,3,4,7,3,3,3,3,3,8,5,3,6,15,21,38,5,11,15,6,3,15,0,4,4,0,0,0,0,0,0,1362,1555,2919
SSC70089,0,0,0,0,0,0,0,0,0,0,0,0,0,3,0,5,3,0,3,0,0,0,0,0,0,0,0,0,0,0,0,3,0,3,3,0,3,0,0,0,0,0,0,0,0,0,0,0,0,3,0,3,0,0,0,0,0,0,0,0,0,0,0,0,0,0,0,0,0,0,0,0,0,0,0,0,0,0,0,0,0,0,0,0,0,0,0,0,0,0,0,0,0,0,0,0,0,0,0,0,0,0,0,148,63,213
SSC70090,0,0,0,0,3,0,3,3,0,3,3,3,9,12,10,20,3,0,3,0,3,3,0,0,0,0,0,0,0,0,0,4,4,10,0,3,3,4,0,4,0,0,3,0,0,0,0,0,0,4,5,8,0,0,0,0,0,4,0,0,0,3,0,3,0,0,0,6,5,6,0,0,0,0,0,0,0,0,0,0,0,0,0,0,0,0,0,0,0,0,0,0,0,0,0,0,0,0,0,0,0,0,0,99,88,186
SSC70091,4,3,0,5,0,3,5,0,0,0,0,0,0,4,8,10,0,8,4,4,0,3,0,0,0,0,3,3,0,0,0,8,12,16,0,0,3,0,0,0,0,0,0,0,0,3,0,0,0,5,5,9,0,0,0,0,0,0,0,4,4,0,0,0,0,3,3,4,7,8,0,0,0,0,0,0,0,0,0,0,0,0,0,0,0,3,0,3,0,0,0,0,0,0,0,0,0,0,0,0,0,0,0,160,176,339
SSC70092,0,0,0,0,0,0,0,0,0,0,0,0,0,0,0,0,0,0,0,0,0,0,0,0,0,0,0,0,0,0,0,0,0,0,0,0,0,0,0,0,0,0,0,0,0,0,0,0,0,0,0,0,0,0,0,0,0,0,0,0,0,0,0,0,0,0,0,0,0,0,0,0,0,0,0,0,0,0,0,0,0,0,0,0,0,0,0,0,0,0,0,0,0,0,0,0,0,0,0,0,0,0,0,0,0,0
SSC70093,3,0,0,0,0,0,0,0,0,0,0,0,0,3,0,3,0,0,0,0,0,0,0,0,0,0,0,0,0,0,0,0,0,0,0,0,0,0,0,0,0,0,0,0,0,0,0,0,0,3,3,9,0,0,0,0,0,0,0,0,0,0,0,0,0,0,0,3,0,3,0,0,0,0,0,0,0,0,0,0,0,0,0,0,0,0,0,0,0,0,0,0,0,0,0,0,0,0,0,0,0,0,0,19,18,39
SSC70094,3,3,3,3,3,0,3,0,3,3,0,0,3,11,6,17,3,4,7,3,0,3,0,0,0,3,0,3,0,0,0,13,4,11,0,0,0,3,3,8,0,0,0,0,0,0,0,0,0,3,4,14,0,3,3,0,0,5,0,3,4,0,0,0,0,0,0,3,6,9,0,0,0,0,0,0,0,0,0,0,0,0,0,0,0,0,0,3,0,0,0,0,0,0,0,0,0,0,0,0,0,0,0,154,145,302
SSC70095,0,0,0,0,0,0,0,0,0,0,0,0,0,3,3,4,0,0,0,0,0,0,0,0,0,0,0,0,0,0,0,0,3,4,3,0,3,0,0,0,0,0,0,0,0,0,0,0,0,3,3,6,0,0,0,0,0,0,0,0,0,0,0,0,0,0,0,0,0,0,0,0,0,0,0,0,0,0,0,0,0,0,0,0,0,0,0,0,0,0,0,0,0,0,0,0,0,0,0,0,0,0,0,73,73,154
SSC70096,0,0,0,0,0,0,0,0,0,0,4,0,3,7,3,7,0,0,3,0,0,0,3,0,3,0,0,0,0,0,3,5,0,5,0,0,0,0,0,0,0,0,0,0,0,3,0,0,0,3,0,5,0,0,0,0,0,0,0,0,0,0,0,0,0,0,0,3,0,7,0,0,0,0,0,0,0,0,0,0,0,0,0,0,0,5,0,5,0,0,0,0,0,0,0,0,0,0,0,0,0,0,0,42,47,94
SSC70097,36,24,17,39,11,10,25,12,9,25,16,19,38,82,68,153,17,18,33,9,25,34,15,7,23,22,18,38,13,14,33,80,84,168,18,17,36,14,10,28,10,16,27,15,7,29,22,14,36,85,71,154,13,13,22,12,8,18,3,12,21,12,19,27,9,12,16,48,55,109,7,8,18,6,6,14,9,8,19,10,13,27,8,9,10,41,43,87,27,27,50,16,26,47,7,19,28,4,4,8,0,0,0,1302,1318,2624
SSC70098,17,3,0,7,11,3,12,5,8,12,4,6,12,33,20,50,0,5,5,3,0,6,3,0,3,0,3,3,4,3,6,10,11,20,0,3,3,0,0,5,3,4,10,0,0,0,3,0,8,13,10,24,8,0,4,3,3,7,0,3,6,0,0,0,3,0,3,14,11,18,0,3,6,0,3,6,0,7,7,0,3,8,3,0,3,10,15,23,5,0,5,8,5,12,0,3,3,0,0,0,0,0,0,787,726,1518
SSC70099,4,0,0,0,3,4,6,0,0,0,0,0,3,8,10,10,4,0,3,0,0,0,0,3,3,0,0,0,0,0,0,3,3,9,0,0,0,3,0,3,0,0,0,0,0,0,0,0,0,0,0,3,0,0,0,0,0,0,0,0,0,0,0,0,0,0,0,0,0,0,0,0,0,0,0,0,0,0,0,0,0,0,0,0,0,0,0,0,0,0,0,0,0,0,0,0,0,0,0,0,0,0,0,101,93,192
SSC70100,3,0,0,3,3,0,3,0,0,0,0,0,0,6,0,10,0,0,0,0,0,0,0,0,0,0,0,0,0,0,0,0,0,3,0,3,3,0,0,3,0,0,0,0,0,0,0,0,6,3,8,7,0,0,0,0,0,0,3,0,3,0,0,0,0,0,0,0,0,0,0,0,0,0,0,0,0,0,0,0,0,0,0,0,0,0,0,0,0,0,0,0,0,0,0,0,0,0,0,0,0,0,0,40,23,64
SSC70101,0,0,0,0,0,0,0,0,3,3,0,0,0,3,3,3,0,0,0,0,0,0,0,0,0,0,0,0,0,0,0,0,0,5,0,0,0,0,0,0,0,0,0,0,0,0,0,0,0,0,0,0,0,0,0,0,0,0,0,0,0,0,0,0,0,0,0,0,3,3,0,0,0,0,0,0,0,0,0,0,0,0,0,0,0,0,0,0,0,0,0,0,0,0,0,0,0,0,0,0,0,0,0,52,43,97
SSC70102,3,0,0,0,0,0,0,0,0,0,0,0,0,3,0,3,0,0,0,0,0,0,0,0,0,3,3,5,0,0,0,4,3,11,0,4,4,0,0,0,0,3,3,0,0,4,0,0,3,7,10,12,3,0,3,0,0,0,0,0,0,0,0,0,0,0,0,6,0,6,0,0,0,0,0,0,0,0,0,0,0,0,0,0,0,0,0,0,3,0,0,0,0,0,0,0,0,0,0,0,0,0,0,90,75,166
SSC70103,0,3,0,3,0,0,0,0,0,0,0,0,0,3,0,3,0,0,0,0,0,0,0,0,0,0,0,0,0,0,0,0,0,0,0,0,0,0,0,0,0,0,0,0,0,0,0,0,0,0,0,0,0,0,0,0,0,0,0,0,0,0,0,0,0,0,0,0,0,0,0,0,0,0,0,0,0,0,0,0,0,0,0,0,0,0,0,0,0,0,0,0,0,0,0,0,0,0,0,0,0,0,0,43,8,48
SSC70104,0,0,0,3,0,0,0,0,3,3,0,0,0,3,3,5,0,0,0,0,0,0,0,0,0,0,0,0,0,0,0,0,0,3,0,0,0,0,0,0,0,0,0,0,3,4,0,0,0,0,0,3,0,0,0,0,0,3,0,0,0,0,0,0,0,0,0,0,0,3,0,0,0,0,0,0,0,0,0,0,0,0,0,0,0,0,0,0,0,0,0,0,0,0,0,0,0,0,0,0,0,0,0,45,57,103
SSC70105,0,0,0,0,0,0,0,0,0,0,0,0,0,0,0,0,0,0,0,0,0,0,0,0,0,0,0,0,0,0,0,0,0,3,0,0,0,0,0,0,0,0,0,0,0,0,0,0,0,0,0,0,0,0,0,0,0,0,0,0,0,0,0,0,0,0,0,0,0,0,0,0,0,0,0,0,0,0,0,0,0,0,0,0,0,0,0,0,0,0,0,0,0,0,0,0,0,0,0,0,0,0,0,19,9,24
SSC70106,23,3,17,22,3,9,14,11,11,24,3,3,6,34,60,91,5,7,14,3,9,9,8,7,11,9,8,14,3,4,4,29,28,51,4,3,4,0,0,3,0,0,0,0,3,6,3,3,6,8,11,22,0,0,0,3,7,6,0,0,0,0,0,0,3,3,5,6,14,15,0,0,0,3,0,3,0,0,0,0,3,6,0,0,0,4,3,8,0,3,3,0,0,0,0,0,0,0,0,0,0,0,0,1116,1093,2206
SSC70107,6,4,0,3,8,0,6,3,9,8,0,0,0,15,11,31,4,9,9,0,0,0,0,0,4,0,0,0,3,0,3,7,17,24,0,6,6,0,0,3,0,0,0,0,0,0,0,0,0,4,7,11,0,0,0,4,0,4,0,0,0,0,0,0,0,0,0,3,0,6,0,0,0,0,0,0,0,0,0,0,0,0,0,0,0,0,0,0,0,3,3,0,0,0,0,0,0,0,0,0,0,0,0,452,465,923
SSC70108,0,0,0,0,0,0,0,0,0,0,0,0,0,0,4,3,0,0,4,0,0,0,0,0,0,0,0,0,0,0,0,0,3,5,0,0,0,0,0,0,0,0,0,0,0,0,0,0,0,0,0,0,0,0,0,0,0,0,0,0,0,0,0,0,0,0,0,3,0,3,0,0,0,0,0,0,0,0,0,0,0,0,0,0,0,0,0,0,0,0,0,0,0,0,0,0,0,0,0,0,0,0,0,71,52,124
SSC70109,50,30,25,58,18,29,51,21,31,55,26,29,57,124,139,263,18,31,48,23,18,36,22,24,44,14,17,30,12,12,21,89,94,182,12,14,30,18,12,24,16,9,23,11,14,22,16,7,26,66,60,125,7,12,17,6,11,18,3,15,22,5,8,19,11,3,13,32,46,79,10,3,13,4,11,14,0,4,8,3,5,8,0,5,5,23,28,49,11,21,29,4,13,16,0,5,5,0,0,3,0,0,0,2074,2202,4278
SSC70110,24,20,9,29,13,12,20,11,5,18,11,7,16,69,42,109,10,3,11,6,10,15,12,4,13,8,5,13,12,6,20,45,34,83,8,0,8,11,4,16,3,3,4,6,7,9,0,3,10,28,14,47,10,0,11,3,0,8,4,0,9,3,3,6,0,0,3,23,8,32,0,0,0,0,0,0,0,0,0,0,0,0,0,0,0,5,4,7,3,8,9,0,0,0,0,0,0,0,0,0,0,0,0,868,770,1641
SSC70111,0,0,0,0,0,0,0,0,0,0,0,0,0,0,0,0,0,0,0,0,0,0,0,0,0,0,0,0,0,0,0,0,0,0,0,0,0,0,0,0,0,0,0,0,0,0,0,0,0,0,0,0,0,0,0,0,0,0,0,0,0,0,0,0,0,0,0,0,0,0,0,0,0,0,0,0,0,0,0,0,0,0,0,0,0,0,0,0,0,0,0,0,0,0,0,0,0,0,0,0,0,0,0,0,0,0
SSC70112,41,27,19,48,10,20,25,20,25,39,6,13,19,86,95,177,22,14,38,26,15,40,11,16,25,17,14,30,10,13,25,90,68,155,16,13,24,13,21,29,3,8,13,10,8,20,11,11,21,61,52,111,7,7,13,4,7,15,11,11,20,5,5,12,6,10,15,31,36,70,7,9,12,3,3,6,4,0,4,3,0,3,0,7,7,17,20,38,16,12,29,9,7,15,3,5,8,0,0,0,0,0,0,1646,1635,3288
SSC70113,0,3,0,3,0,0,0,0,0,0,0,0,0,3,0,3,0,0,0,0,0,0,0,0,0,0,0,0,0,0,0,0,3,3,0,0,0,0,0,0,0,0,0,0,0,0,0,0,0,0,0,0,0,0,0,0,0,0,0,0,0,0,0,0,0,0,0,0,0,0,0,0,0,0,0,0,0,0,0,0,0,0,0,0,0,0,0,0,0,0,0,0,0,0,0,0,0,0,0,0,0,0,0,44,31,75
SSC70114,0,0,0,0,0,0,0,0,0,0,0,0,0,0,0,0,0,0,0,0,0,0,0,0,0,0,0,0,0,0,0,0,0,0,0,0,0,0,0,0,0,0,0,0,0,0,0,0,0,0,0,0,0,0,0,0,0,0,0,0,0,0,0,0,0,0,0,0,0,0,0,0,0,0,0,0,0,0,0,0,0,0,0,0,0,0,0,0,0,0,0,0,0,0,0,0,0,0,0,0,0,0,0,3,4,3
SSC70115,16,3,4,9,3,8,11,3,4,6,0,0,0,26,18,45,5,8,11,3,4,3,3,3,7,0,0,0,3,4,3,15,13,28,6,3,5,0,0,3,0,0,0,0,0,0,0,0,0,5,4,11,0,0,0,0,0,0,0,0,0,0,0,0,0,0,0,3,0,3,0,0,0,0,0,0,0,0,0,0,0,0,0,0,0,0,3,3,0,0,0,0,0,0,0,0,0,0,0,0,0,0,0,537,582,1116
SSC70116,31,18,18,42,5,8,18,6,9,21,20,12,29,61,64,127,11,11,23,6,9,17,11,13,17,13,8,24,7,3,8,47,51,95,4,3,10,3,5,6,0,11,10,0,0,4,3,9,6,17,21,44,0,6,4,0,0,3,0,0,3,0,3,6,5,4,6,9,12,24,0,0,6,0,3,3,0,0,0,0,0,0,0,0,0,4,7,11,3,3,7,0,0,3,0,0,0,0,0,0,0,0,0,1329,1333,2664
SSC70117,0,0,0,0,0,0,0,0,0,0,0,0,0,0,0,0,0,0,0,0,0,0,0,0,0,0,0,0,0,0,0,0,0,0,0,0,0,0,0,0,0,0,0,0,0,0,0,0,0,0,0,0,0,0,0,0,0,0,0,0,0,0,0,0,0,0,0,0,0,0,0,0,0,0,0,0,0,0,0,0,0,0,0,0,0,0,0,0,0,0,0,0,0,0,0,0,0,0,0,0,0,0,0,3,0,4
SSC70118,8,0,0,0,0,0,0,3,0,3,3,0,5,9,4,10,4,0,3,0,0,4,0,3,4,3,0,3,0,0,0,10,8,12,0,0,0,0,0,0,0,0,0,0,0,0,0,0,0,4,4,4,0,0,0,0,0,0,0,0,0,4,0,4,0,0,0,5,0,6,0,0,0,0,0,0,0,0,0,0,0,0,0,0,0,0,0,0,0,0,0,0,0,0,0,0,0,0,0,0,0,0,0,115,123,240
SSC70119,0,0,0,0,0,0,0,0,0,0,0,0,0,0,0,0,0,0,0,0,0,0,0,0,0,0,0,0,0,0,0,0,0,0,0,0,0,0,0,0,0,0,0,0,0,0,0,0,0,0,0,0,0,0,0,0,0,0,0,0,0,0,0,0,0,0,0,0,0,0,0,0,0,0,0,0,0,0,0,0,0,0,0,0,0,0,0,0,0,0,0,0,0,0,0,0,0,0,0,0,0,0,0,11,12,17
SSC70120,3,0,0,0,0,0,0,0,0,0,0,0,0,0,3,3,0,0,0,0,0,0,0,0,0,0,0,0,0,0,0,0,0,0,0,0,0,0,0,0,0,0,0,0,0,0,0,0,0,0,0,3,0,0,0,0,0,0,0,0,0,0,0,0,0,0,0,0,4,4,0,0,0,0,0,0,0,0,0,0,0,0,0,0,0,0,0,0,0,0,0,0,0,0,0,0,0,0,0,0,0,0,0,79,60,138
SSC70121,0,0,0,0,0,0,0,0,0,3,0,0,0,3,0,4,0,0,0,0,0,0,0,0,0,0,0,0,0,0,0,0,0,0,0,0,0,0,0,0,0,0,0,0,0,0,0,0,0,0,0,0,0,0,0,0,0,0,0,0,0,0,0,0,0,0,0,0,0,0,0,0,0,0,3,3,0,0,0,0,0,0,0,0,0,0,4,7,0,0,0,0,0,0,0,0,0,0,0,0,0,0,0,46,39,79
SSC70122,0,0,0,3,0,0,0,0,0,0,0,0,0,0,0,5,3,0,3,3,0,3,3,0,3,0,0,0,4,3,3,9,5,13,0,0,0,0,0,0,0,0,0,0,0,0,0,0,0,0,0,0,0,0,0,0,0,0,0,0,0,3,0,3,0,0,0,3,0,4,0,0,0,0,0,0,0,0,0,0,0,0,0,0,0,0,0,0,0,0,0,0,0,0,0,0,0,0,0,0,0,0,0,99,73,169
SSC70123,15,14,9,21,11,5,18,3,12,10,9,8,20,45,41,87,11,15,23,5,4,10,6,3,6,3,8,11,8,8,14,37,36,71,0,7,12,10,10,20,7,3,10,9,0,8,8,4,14,27,22,56,4,0,4,3,0,8,0,0,0,0,7,7,4,0,6,6,12,23,4,0,6,3,0,7,0,0,0,0,0,3,0,0,0,9,4,19,6,6,10,0,0,0,0,0,0,0,0,0,0,0,0,887,843,1730
SSC70124,6,0,0,8,0,3,3,0,3,5,0,4,4,12,15,23,3,0,3,4,3,9,0,0,0,3,4,6,3,0,4,14,7,21,0,0,0,0,3,3,0,0,0,0,0,0,0,0,3,3,5,12,0,0,0,0,0,0,0,0,0,0,0,0,0,0,0,0,3,3,0,0,0,0,0,0,0,0,0,0,0,0,0,0,0,0,0,0,0,0,0,0,0,0,0,0,0,0,0,0,0,0,0,271,333,605
SSC70125,0,0,0,0,0,0,0,0,0,0,0,0,0,0,0,0,0,0,0,0,0,0,0,0,0,0,0,0,0,0,0,0,0,0,0,0,0,0,0,0,0,0,0,0,0,0,0,0,0,0,0,0,0,0,0,0,0,0,0,0,0,0,0,0,0,0,0,0,0,0,0,0,0,0,0,0,0,0,0,0,0,0,0,0,0,0,0,0,0,0,0,0,0,0,0,0,0,0,0,0,0,0,0,0,0,0
SSC70126,0,0,0,0,0,0,0,0,0,0,0,0,0,0,0,0,0,0,0,0,0,0,0,0,0,0,0,0,0,0,0,0,0,0,0,0,0,0,0,0,0,0,0,0,0,0,0,0,0,0,0,0,0,0,0,0,0,0,0,0,0,0,0,0,0,0,0,0,0,0,0,0,0,0,0,0,0,0,0,0,0,0,0,0,0,0,0,0,0,0,0,0,0,0,0,0,0,0,0,0,0,0,0,0,0,0
SSC70127,17,12,4,17,15,4,17,3,4,12,3,3,8,43,23,68,5,0,5,5,0,10,0,0,3,4,0,3,4,0,4,25,0,28,4,0,6,0,0,0,0,0,0,0,3,5,0,0,0,8,3,10,0,0,0,0,3,4,0,0,0,3,0,3,0,0,0,9,3,6,0,0,0,0,0,0,0,0,0,0,0,0,0,0,0,0,0,3,0,0,0,0,3,3,0,0,0,0,0,0,0,0,0,1566,250,1810
SSC70128,0,0,0,0,0,0,0,0,0,0,0,0,0,0,0,0,0,0,0,0,0,0,0,0,0,0,0,0,0,0,0,0,0,0,0,0,0,0,0,0,0,0,0,0,0,0,0,0,0,0,0,0,0,0,0,0,0,0,0,0,0,0,0,0,0,0,0,0,0,0,0,0,0,0,0,0,0,0,0,0,0,0,0,0,0,0,0,0,0,0,0,0,0,0,0,0,0,0,0,0,0,0,0,0,0,0
SSC70129,102,54,27,84,43,30,77,62,29,93,44,27,72,282,154,428,44,33,77,41,24,60,32,23,55,35,27,61,32,17,48,181,113,295,31,11,45,23,13,33,28,22,49,19,13,28,18,13,34,121,75,196,20,12,35,17,13,23,14,10,21,13,10,21,15,10,21,71,50,124,16,6,21,9,0,8,10,3,12,6,5,11,10,3,11,39,20,58,11,9,19,8,6,21,3,0,7,0,0,0,0,0,0,3569,1565,5132
SSC70130,6,6,3,12,5,0,5,6,5,12,3,3,7,23,19,44,6,0,6,8,3,10,4,0,4,0,0,0,3,6,4,19,9,32,0,3,3,3,0,3,0,0,0,0,0,0,0,0,0,4,6,7,0,0,3,4,0,4,0,0,0,0,0,0,0,3,3,7,4,11,0,0,0,0,0,0,0,0,0,0,0,0,3,0,3,5,0,10,0,0,0,0,0,0,0,0,0,0,0,0,0,0,0,666,200,865
SSC70131,3,0,3,3,0,0,0,0,0,3,0,0,0,5,5,5,0,0,0,0,0,0,0,0,0,0,0,0,0,0,0,0,6,6,0,0,0,0,0,0,0,0,0,0,0,0,0,0,0,6,0,4,0,0,0,0,0,0,0,0,0,0,0,0,0,0,0,0,0,0,0,0,0,0,0,0,0,0,0,0,0,0,0,0,0,0,0,0,0,0,0,0,0,0,0,0,0,0,0,0,0,0,0,35,35,70
SSC70132,62,34,23,54,34,31,63,29,31,60,24,29,50,144,149,288,34,26,59,40,22,59,25,12,38,22,28,53,18,19,32,137,102,236,15,24,43,27,20,45,34,11,47,9,17,26,22,11,31,110,77,185,12,13,22,18,19,34,12,8,18,8,8,20,14,6,24,65,50,118,3,5,6,3,5,11,3,3,9,0,0,5,0,5,8,16,17,38,9,15,25,3,5,8,3,3,9,0,0,0,0,0,0,2316,2069,4380
SSC70133,6,3,0,4,6,4,12,3,6,9,9,12,16,27,26,50,7,7,9,3,4,5,3,3,8,7,0,7,0,3,4,21,15,39,0,3,3,8,0,5,7,0,7,0,0,0,3,0,3,12,6,20,0,0,0,0,0,0,0,0,0,0,0,0,0,0,0,3,0,0,0,0,3,0,0,3,0,0,0,0,0,0,0,0,0,3,0,4,0,4,4,0,0,0,0,0,0,0,0,0,0,0,0,247,219,470
SSC70134,3,0,3,3,3,0,3,3,0,3,0,0,0,5,5,13,0,0,0,0,0,0,0,0,0,0,0,0,0,0,0,0,0,3,0,0,0,0,0,0,0,0,0,0,0,0,0,0,0,0,3,3,0,0,0,0,0,0,0,0,0,0,0,0,0,0,0,0,0,0,0,0,0,0,0,0,0,0,0,0,0,0,0,0,0,0,0,0,0,0,0,0,0,0,0,0,0,0,0,0,0,0,0,70,79,151
SSC70135,0,0,0,0,0,0,0,0,0,0,0,0,0,0,0,0,0,0,0,0,0,0,0,0,0,0,0,0,0,0,0,0,0,0,0,0,0,0,0,0,0,0,0,0,0,0,0,0,0,0,0,0,0,0,0,0,0,0,0,0,0,0,0,0,0,0,0,0,0,0,0,0,0,0,0,0,0,0,0,0,0,0,0,0,0,0,0,0,0,0,0,0,0,0,0,0,0,0,0,0,0,0,0,0,0,0
SSC70136,7,4,0,11,10,0,12,0,4,4,8,6,14,29,15,49,10,3,13,3,8,6,11,5,14,8,6,11,9,3,8,33,21,57,0,3,7,0,3,3,3,0,3,3,3,4,0,0,0,12,8,17,0,0,0,0,0,3,3,0,4,0,0,3,0,0,0,4,4,12,4,3,4,0,0,0,0,0,0,0,0,0,0,0,0,4,3,4,0,0,0,0,0,0,0,0,0,0,0,0,0,0,0,577,500,1081
SSC70137,0,0,0,0,0,0,0,0,0,0,0,3,4,3,6,10,0,0,3,0,3,3,0,0,0,0,0,3,0,0,0,4,3,8,0,0,0,0,0,0,0,0,0,0,0,0,0,0,0,0,0,0,0,0,0,0,0,0,0,0,0,0,0,0,0,0,0,0,0,3,0,0,0,0,0,3,0,0,0,0,0,0,0,0,0,0,0,3,0,0,0,0,0,0,0,0,0,0,0,0,0,0,0,141,163,301
SSC70138,25,10,8,19,9,12,24,6,14,24,5,5,11,44,50,95,3,7,13,12,14,23,3,7,16,10,12,26,7,11,11,36,51,84,3,11,18,8,11,16,7,6,11,5,6,10,17,12,28,39,51,88,9,8,11,8,5,9,11,3,9,9,0,8,6,6,9,28,22,51,4,3,11,5,0,5,7,4,7,0,3,4,3,4,8,24,15,38,10,5,14,3,3,7,0,0,0,0,0,0,0,0,0,870,881,1757
SSC70139,4,0,10,10,3,5,4,0,7,5,3,0,6,12,24,31,4,0,4,3,3,11,0,0,3,6,5,9,3,4,4,15,17,30,0,3,3,3,3,4,0,3,3,3,0,3,0,0,0,3,11,14,0,0,0,0,0,0,3,0,0,0,0,3,3,0,3,5,3,11,0,0,0,0,0,0,0,0,0,0,0,0,0,0,0,0,0,0,0,0,0,0,0,0,0,0,0,0,0,0,0,0,0,987,1037,2027
SSC70140,0,3,3,7,0,3,3,4,0,4,0,3,3,7,4,16,0,0,0,6,0,6,0,0,0,0,0,0,0,0,0,6,0,6,0,0,0,0,0,0,0,0,0,0,0,0,0,3,4,0,9,6,0,0,0,0,0,0,4,0,4,0,0,0,0,0,0,4,0,3,0,0,0,0,0,0,0,0,0,0,0,0,0,0,0,0,0,0,0,0,0,0,0,0,0,0,3,0,0,0,0,0,0,169,140,313
SSC70141,0,0,0,0,0,4,4,0,3,4,0,0,3,4,6,11,3,0,3,0,0,0,4,0,4,0,0,3,0,0,3,7,0,13,0,0,0,0,0,3,0,0,0,0,0,0,0,0,0,0,5,3,0,0,3,0,0,0,0,0,0,0,0,0,0,0,0,0,6,6,0,0,0,0,0,0,0,0,0,0,0,0,0,0,0,0,0,0,3,3,6,0,0,0,0,0,0,0,0,0,0,0,0,164,172,334
SSC70142,5,5,0,4,3,0,5,0,0,0,0,0,0,14,3,20,4,3,6,0,0,0,0,0,0,0,0,0,3,0,3,4,3,14,0,4,3,0,3,3,0,0,0,0,0,0,0,0,0,0,4,6,0,0,0,0,3,3,0,0,0,0,0,0,0,0,0,0,10,5,0,0,0,0,0,0,0,0,0,0,0,0,0,3,3,0,3,3,3,9,6,0,0,0,0,0,0,0,0,0,0,0,0,196,204,394
SSC70143,72,42,35,75,44,36,88,35,33,71,29,19,56,182,172,353,23,26,49,29,19,41,24,32,59,14,22,43,20,25,44,115,129,242,22,19,39,15,18,30,17,15,35,24,11,38,8,12,18,87,67,156,19,17,35,8,7,17,7,10,20,6,5,13,3,6,12,44,46,90,9,12,19,9,7,13,3,5,6,5,5,12,4,0,6,20,34,56,3,20,26,7,12,21,0,0,0,0,0,0,0,0,0,2427,2518,4944
SSC70144,28,3,9,17,4,10,10,13,8,20,11,12,23,44,53,98,16,8,21,3,14,18,11,8,21,11,4,17,13,6,16,54,41,95,4,6,10,4,4,7,3,4,7,17,0,14,8,5,14,33,15,54,4,0,8,3,5,9,6,3,11,7,0,9,7,0,7,30,13,38,3,4,8,6,3,7,4,3,6,0,4,4,3,4,8,17,18,34,5,6,11,6,13,21,0,0,3,0,0,0,0,0,0,748,743,1488
SSC70145,37,6,8,18,15,14,26,9,11,22,10,15,22,58,72,131,14,20,32,15,25,37,13,10,21,12,7,15,18,9,23,58,72,138,15,14,24,12,6,19,15,10,24,5,9,16,5,7,13,51,40,95,3,8,13,15,4,16,4,0,9,4,10,18,6,4,11,32,27,62,3,0,6,5,0,7,0,0,3,3,3,8,3,7,12,22,14,32,3,10,10,3,3,3,0,0,0,0,0,0,0,0,0,1603,1503,3114
SSC70146,23,16,8,19,13,11,21,9,17,25,6,6,18,61,48,110,17,12,24,19,5,26,6,6,15,20,4,25,14,8,25,72,35,109,10,6,20,6,8,10,14,6,17,9,7,14,8,0,14,44,22,68,7,5,16,5,4,7,7,0,8,10,4,17,0,0,3,29,17,48,3,0,5,8,0,8,6,0,8,3,3,8,0,5,3,19,10,28,9,4,10,4,3,7,0,0,0,0,0,0,0,0,0,768,736,1495
SSC70147,10,0,0,0,0,0,3,0,0,0,0,0,3,8,3,12,0,3,3,0,3,3,0,0,0,0,4,9,3,3,5,3,10,16,0,0,0,0,6,7,0,0,3,0,0,0,3,5,7,7,14,24,3,7,6,3,3,4,0,0,3,7,3,3,6,7,6,14,15,33,3,0,7,3,4,7,3,0,6,0,0,4,0,3,3,11,16,26,9,23,39,8,20,27,0,7,7,3,0,0,0,0,0,147,200,349
SSC70148,9,0,3,3,0,5,7,0,3,3,0,3,3,9,17,31,0,3,3,0,3,3,3,4,4,0,0,3,0,0,0,8,8,17,0,4,3,3,0,3,0,0,0,0,0,0,0,0,0,3,4,10,0,0,3,0,0,0,0,0,0,0,0,0,0,0,0,3,3,4,0,0,0,0,0,0,0,0,0,0,0,0,0,0,0,0,0,0,0,3,4,0,0,0,0,0,0,0,0,0,0,0,0,182,225,410
SSC70149,3,0,6,10,0,4,3,4,0,6,3,5,3,17,13,30,5,7,9,3,0,0,0,3,3,7,3,9,3,4,9,20,10,28,3,0,3,4,3,10,0,3,8,3,4,3,0,0,0,13,14,23,0,0,0,0,0,0,3,3,7,0,0,0,0,0,0,10,3,11,0,0,0,0,0,0,0,0,0,0,0,0,0,0,0,0,3,3,0,0,3,4,0,3,0,0,0,0,0,0,0,0,0,203,212,413
SSC70150,0,0,0,0,0,0,0,0,0,0,0,0,0,0,0,0,0,0,0,0,0,0,0,0,0,0,0,0,0,0,0,0,0,0,0,0,0,0,0,0,0,0,0,0,0,0,0,0,0,0,0,0,0,0,0,0,0,0,0,0,0,0,0,0,0,0,0,0,0,0,0,0,0,0,0,0,0,0,0,0,0,0,0,0,0,0,0,0,0,0,0,0,0,0,0,0,0,0,0,0,0,0,0,0,0,0
SSC70151,0,0,0,0,0,0,0,0,0,0,0,0,0,3,0,3,0,0,0,0,0,0,0,0,0,0,0,0,0,0,0,0,4,4,0,0,0,0,0,0,0,0,0,0,0,0,0,3,3,0,0,3,0,0,0,0,0,0,0,0,0,0,0,0,0,0,0,0,0,0,0,0,0,0,0,0,0,0,0,0,0,0,0,0,0,0,3,3,0,0,0,0,0,0,0,0,0,0,0,0,0,0,0,57,55,112
SSC70152,3,3,3,3,3,0,3,3,3,7,5,0,6,15,11,25,0,3,3,0,0,0,0,0,4,0,0,0,0,3,3,4,8,15,0,0,0,0,0,0,0,0,3,0,0,0,0,0,0,3,4,7,0,0,0,0,0,0,0,0,3,0,0,0,0,0,0,3,3,9,0,0,0,0,0,0,0,0,0,0,0,0,0,0,0,0,0,0,0,3,3,0,0,0,0,0,0,0,0,0,0,0,0,293,315,606
SSC70153,0,0,3,0,3,0,8,0,0,0,0,0,0,10,3,10,0,0,0,0,0,0,0,0,0,3,0,4,0,3,4,4,6,12,3,0,3,0,0,0,3,0,4,0,7,4,3,0,3,8,7,15,0,3,4,3,0,0,0,0,0,0,0,0,0,0,0,3,3,6,0,0,0,0,0,0,0,0,0,0,0,0,0,0,0,0,0,0,0,0,0,0,0,0,0,0,0,0,0,0,0,0,0,48,40,87
SSC70154,0,0,0,0,0,0,0,0,0,0,0,0,0,0,0,0,0,0,0,0,0,0,0,0,0,0,0,0,0,0,0,0,0,0,0,0,0,0,0,0,0,0,0,0,0,0,0,0,0,0,0,0,0,0,0,0,0,0,0,0,0,0,0,0,0,0,0,0,0,0,0,0,0,0,0,0,0,0,0,0,0,0,0,0,0,0,0,0,0,0,0,0,0,0,0,0,0,0,0,0,0,0,0,4,0,5
SSC70155,7,0,0,3,0,0,0,0,0,0,4,5,9,8,12,18,4,4,5,8,0,7,6,0,5,0,3,4,0,0,0,16,10,28,3,0,6,4,3,3,3,3,8,0,0,0,7,0,4,14,5,22,0,0,3,0,0,0,3,5,5,0,0,3,0,0,0,9,5,17,0,0,0,0,0,3,0,0,0,0,0,0,0,0,0,4,0,3,0,0,3,0,0,0,0,0,0,0,0,0,0,0,0,190,157,347
SSC70156,9,5,13,18,9,4,9,3,3,10,0,3,3,25,21,40,7,3,8,4,3,6,5,0,4,8,6,14,0,0,0,19,18,37,12,0,10,0,8,8,0,3,6,0,0,0,0,0,3,14,9,24,4,0,5,0,3,3,0,4,4,4,0,4,0,0,4,6,10,15,6,0,7,0,0,0,0,0,0,3,0,3,0,3,4,10,4,21,0,3,4,0,0,0,0,0,0,0,0,0,0,0,0,275,238,510
SSC70157,4,3,0,0,0,0,0,0,0,3,0,0,0,3,7,14,0,3,3,0,0,0,0,3,3,0,0,0,0,0,0,0,4,6,0,0,0,0,0,0,0,0,0,0,0,0,0,0,0,0,0,0,0,0,0,0,0,0,0,0,3,0,0,0,0,0,0,0,0,5,0,0,0,0,0,0,0,0,0,0,0,0,0,0,0,0,0,4,0,0,0,0,0,0,0,0,0,0,0,0,0,0,0,113,125,239
SSC70158,39,16,10,29,13,10,27,6,9,16,18,10,28,76,64,139,9,9,17,15,19,31,6,8,15,10,17,29,7,12,16,49,58,106,9,6,12,6,3,9,5,9,13,3,10,11,5,0,7,29,32,57,8,3,8,3,0,3,3,3,9,5,3,5,5,9,11,18,21,41,0,3,3,0,6,6,0,0,3,0,4,4,0,0,3,4,12,19,0,12,13,0,5,9,0,0,0,0,0,0,0,0,0,1112,1158,2267
SSC70159,46,31,14,47,20,12,33,18,19,39,14,24,43,113,89,204,25,19,42,27,17,40,11,22,35,23,14,37,20,16,35,101,83,179,7,11,24,20,15,29,21,17,35,15,10,23,16,12,32,84,59,145,11,15,22,11,3,14,14,0,15,3,10,7,8,0,11,39,31,65,16,0,16,3,5,11,4,4,8,7,0,6,3,5,12,32,19,47,14,9,27,13,4,18,3,0,3,0,0,0,0,0,0,2061,1670,3729
SSC70160,3,0,0,0,0,0,0,0,0,0,0,0,0,3,0,3,0,0,0,0,3,3,0,0,0,0,0,0,0,0,0,3,3,7,0,0,0,0,0,0,0,3,3,0,0,0,0,0,0,0,3,4,0,0,0,0,0,0,0,0,0,0,0,0,0,0,0,3,0,3,0,0,0,0,0,0,0,0,0,0,0,0,0,0,0,0,0,3,0,0,0,0,0,0,0,0,0,0,0,0,0,0,0,21,22,47
SSC70161,62,38,26,70,46,31,79,32,38,73,25,34,56,163,178,334,26,20,43,36,21,63,23,40,61,25,26,54,26,25,55,139,135,270,22,19,45,23,19,42,25,16,39,18,13,28,28,16,39,115,84,192,16,24,48,11,14,26,10,17,22,10,5,11,23,4,25,64,69,134,12,7,18,4,13,16,3,7,10,3,3,5,4,9,15,27,48,77,25,24,47,3,10,10,6,0,6,0,0,0,0,0,0,2328,2247,4578
SSC70162,6,3,3,4,3,0,3,0,4,4,0,3,0,6,14,17,0,0,0,3,0,3,0,0,0,0,0,0,0,3,3,4,3,9,0,0,5,0,3,5,0,0,0,3,0,5,0,4,0,9,11,18,4,0,3,3,0,3,3,0,3,0,4,3,0,0,3,7,4,14,0,0,0,0,3,4,0,0,0,3,0,3,0,0,0,3,3,9,0,0,0,0,0,0,0,0,0,0,0,0,0,0,0,53,47,94
SSC70163,0,0,0,0,0,0,0,0,0,0,0,0,0,0,0,0,0,0,0,0,0,0,0,0,0,0,0,0,3,0,3,3,0,3,0,0,0,0,0,3,0,0,0,0,0,0,0,0,0,0,0,4,0,0,0,0,0,0,0,0,0,0,0,0,0,0,0,0,0,0,0,0,0,0,0,0,0,0,0,0,0,0,0,0,0,0,0,0,0,0,0,0,0,0,0,0,0,0,0,0,0,0,0,17,16,32
SSC70164,0,0,0,0,0,0,0,0,0,0,0,0,0,3,0,3,0,0,0,0,0,0,0,0,0,0,0,0,0,0,0,0,0,3,0,0,0,0,0,0,0,0,0,0,0,0,0,0,0,3,0,3,0,0,0,0,0,0,3,0,3,0,0,0,0,0,0,0,0,6,0,0,0,0,0,0,0,0,0,0,0,0,0,0,0,0,0,0,0,0,0,0,0,0,0,0,0,0,0,0,0,0,0,21,24,44
SSC70165,5,0,4,6,0,10,10,11,3,14,3,9,7,15,26,45,0,0,0,0,0,5,0,0,3,6,0,6,3,3,4,12,10,21,0,0,3,0,0,4,8,0,8,3,0,3,0,0,0,13,3,18,0,0,0,0,0,0,0,0,0,0,0,0,3,0,3,8,0,11,0,0,0,0,0,0,0,0,0,0,0,0,0,0,0,0,4,4,4,0,4,0,0,0,0,0,0,0,0,0,0,0,0,233,219,452
SSC70166,0,0,0,0,0,0,0,0,0,3,0,0,3,5,3,7,0,0,4,0,0,4,0,0,0,0,0,0,0,0,0,3,4,6,0,0,0,0,0,0,0,0,0,0,0,0,0,0,0,0,0,3,0,0,0,0,0,0,0,0,0,0,0,0,0,0,0,0,3,4,0,0,0,0,0,0,0,0,0,0,0,0,0,0,0,0,0,0,0,0,0,0,0,0,0,0,0,0,0,0,0,0,0,88,84,165
SSC70167,21,3,12,12,15,7,27,16,7,21,6,7,14,53,50,100,6,14,16,9,6,14,11,3,11,5,10,19,5,6,8,34,36,72,4,14,15,7,4,8,5,8,10,7,10,17,8,19,28,28,50,81,3,3,9,11,4,11,5,9,13,4,5,10,6,4,5,29,21,50,5,3,10,4,0,8,5,0,3,0,4,3,3,0,3,16,11,29,10,9,17,3,3,4,0,0,0,0,0,0,0,0,0,870,875,1743
SSC70168,21,10,13,16,10,7,15,4,3,10,8,5,12,41,36,73,3,0,8,4,10,9,0,8,8,0,0,0,0,0,0,13,12,28,3,3,5,3,3,6,3,4,10,0,5,4,3,0,4,12,17,37,8,3,5,0,0,0,0,3,4,3,0,8,0,0,0,13,12,20,0,4,3,3,0,3,0,0,3,0,0,0,0,0,0,3,5,8,3,8,6,0,0,0,0,0,0,0,0,0,0,0,0,1124,1179,2302
SSC70169,46,22,26,47,22,24,44,14,14,28,19,25,40,96,107,207,15,15,33,13,15,27,23,18,38,33,14,47,21,21,38,104,81,183,15,15,36,14,10,25,14,13,25,8,11,21,14,4,19,66,60,124,7,7,12,11,7,17,4,5,11,10,4,15,6,8,13,35,33,69,4,6,11,3,5,11,7,4,5,0,9,6,3,3,10,15,30,44,12,6,17,4,6,8,3,3,5,0,0,0,0,0,0,1452,1546,3000
SSC70170,0,0,0,0,0,0,0,0,0,0,0,0,0,0,0,0,0,0,0,0,0,0,0,0,0,0,0,0,0,0,0,0,0,0,0,0,0,0,0,0,0,0,0,0,0,0,0,0,0,0,0,0,0,0,0,0,0,0,0,0,0,0,0,0,0,0,0,0,0,0,0,0,0,0,0,0,0,0,0,0,0,0,0,0,0,0,0,0,0,0,0,0,0,0,0,0,0,0,0,0,0,0,0,4,4,12
SSC70171,0,0,0,0,0,0,0,0,0,0,0,0,0,0,0,0,0,0,0,0,0,0,0,0,0,0,0,0,0,0,0,0,0,0,0,0,0,0,0,0,0,0,0,0,0,0,0,0,0,0,0,0,0,0,0,0,0,0,0,0,0,0,0,0,0,0,0,0,0,0,0,0,0,0,0,0,0,0,0,0,0,0,0,0,0,0,0,0,0,0,0,0,0,0,0,0,0,0,0,0,0,0,0,0,0,0
SSC70172,20,10,14,22,12,10,20,3,15,19,3,8,14,43,51,91,11,16,21,7,3,12,7,4,8,9,3,10,0,4,5,29,28,56,3,0,5,0,0,3,0,0,0,3,3,5,0,0,0,8,8,13,5,3,5,0,0,0,0,0,0,0,0,0,0,0,0,3,4,10,3,0,3,0,3,4,0,0,0,0,0,0,0,0,0,4,7,12,0,3,3,0,3,3,0,0,0,0,0,0,0,0,0,1195,1113,2308
SSC70173,4,3,3,3,3,0,5,0,0,0,0,3,7,7,8,11,0,0,0,0,0,0,0,0,0,0,0,0,0,0,0,0,0,3,0,0,0,0,0,0,0,0,0,0,0,0,0,0,0,0,0,0,0,0,0,0,0,0,0,0,0,0,0,0,0,0,0,0,0,0,0,0,0,0,0,0,0,0,0,0,0,0,0,0,0,0,0,0,0,0,0,0,0,0,0,0,0,0,0,0,0,0,0,52,40,89
SSC70174,0,0,0,0,0,0,0,0,0,0,0,0,0,0,0,0,0,0,0,0,0,0,0,0,0,0,0,0,0,0,0,0,0,0,0,0,0,0,0,0,0,0,0,0,0,0,0,0,0,0,0,0,0,0,0,0,0,0,0,0,0,0,0,0,0,0,0,0,0,0,0,0,0,0,0,0,0,0,0,0,0,0,0,0,0,0,0,0,0,0,0,0,0,0,0,0,0,0,0,0,0,0,0,0,0,0
SSC70175,0,0,0,0,0,0,0,0,0,0,0,0,0,0,0,0,0,0,0,0,0,0,0,0,0,0,0,0,0,0,0,0,0,0,0,0,0,0,0,0,0,0,0,0,0,0,0,0,0,0,0,0,0,0,0,0,0,0,0,0,0,0,0,0,0,0,0,0,0,0,0,0,0,0,0,0,0,0,0,0,0,0,0,0,0,0,0,0,0,0,0,0,0,0,0,0,0,0,0,0,0,0,0,9,5,10
SSC70176,11,6,9,13,6,3,14,9,3,10,6,6,13,33,25,57,7,0,7,4,4,7,3,7,7,9,3,8,3,3,3,24,15,36,7,0,5,0,0,0,6,0,9,0,4,7,0,3,5,9,10,18,0,0,3,0,0,0,0,0,0,0,0,3,4,0,3,3,0,8,4,0,3,0,0,3,0,0,0,0,0,0,0,0,0,6,5,10,0,0,0,0,0,0,0,0,0,0,0,0,0,0,0,398,326,721
SSC70177,12,7,0,13,3,4,7,4,0,4,8,0,8,35,11,42,8,5,4,4,0,5,3,0,3,0,0,0,3,4,10,15,8,27,5,3,7,0,0,7,4,0,3,0,0,0,4,3,3,14,8,20,3,0,3,3,0,8,0,0,0,0,0,0,0,4,4,5,8,14,0,3,4,4,0,5,3,0,3,3,0,3,0,0,0,8,4,14,0,0,0,0,0,0,0,0,0,0,0,0,0,0,0,301,216,517
SSC70178,34,13,8,22,9,10,26,13,16,23,9,9,26,71,56,128,12,7,24,12,18,26,18,13,35,14,9,28,15,12,25,74,67,140,7,13,22,11,7,22,14,8,16,8,4,15,11,7,14,53,40,94,8,6,16,3,5,12,7,7,12,3,8,13,0,0,3,27,32,52,4,3,12,5,3,8,0,0,3,0,0,0,0,0,0,18,4,25,5,7,17,5,5,12,0,0,0,0,0,0,0,0,0,832,719,1549
SSC70179,10,0,3,5,3,10,13,3,6,7,8,0,11,19,18,42,5,7,11,0,3,3,3,0,3,0,0,5,6,0,8,19,14,27,4,5,10,3,0,5,0,0,4,0,3,3,10,0,10,13,12,29,0,3,3,0,0,0,3,0,3,3,0,3,3,3,6,12,6,18,0,0,3,0,0,0,0,3,3,0,3,8,0,0,0,6,8,12,3,0,3,0,0,0,0,0,0,0,0,0,0,0,0,197,153,350
SSC70180,3,0,7,4,0,3,8,3,4,4,3,3,8,9,15,25,0,0,3,3,0,5,3,0,3,0,0,0,4,0,6,18,9,23,0,7,7,0,0,0,6,0,6,0,0,3,3,0,3,11,6,15,0,0,0,0,3,3,3,3,3,3,0,3,8,4,11,14,9,21,0,0,0,0,0,0,0,0,0,0,0,0,0,0,0,3,0,3,0,0,0,0,0,0,0,0,0,0,0,0,0,0,0,194,108,295
SSC70181,16,7,3,13,4,3,5,0,0,3,3,9,9,27,21,53,0,3,3,6,0,11,9,3,10,4,4,12,11,4,11,29,16,43,4,4,10,7,0,3,7,4,8,3,4,8,4,8,6,17,17,33,3,4,8,3,3,6,3,0,6,3,3,9,5,0,4,22,12,31,3,5,7,3,0,3,3,3,6,5,0,4,0,0,0,18,9,23,3,7,10,0,3,3,0,0,0,0,0,0,0,0,0,422,376,796
SSC70182,0,0,0,0,0,0,0,0,0,0,0,0,0,0,0,0,0,0,0,0,0,0,0,0,0,0,0,0,0,0,0,0,0,0,0,0,0,0,0,0,0,0,0,0,0,0,0,0,0,0,0,0,0,0,0,0,0,0,0,0,0,0,0,0,0,0,0,0,0,0,0,0,0,0,0,0,0,0,0,0,0,0,0,0,0,0,0,0,0,0,0,0,0,0,0,0,0,0,0,0,0,0,0,16,17,30
SSC70183,0,0,0,0,0,0,0,0,0,0,0,0,0,0,0,0,0,0,0,0,0,0,0,0,0,0,0,0,0,0,0,0,0,0,0,0,0,0,0,0,0,0,0,0,0,0,0,0,0,0,0,0,0,0,0,0,0,0,0,0,0,0,0,0,0,0,0,0,0,0,0,0,0,0,0,0,0,0,0,0,0,0,0,0,0,0,0,0,0,0,0,0,0,0,0,0,0,0,0,0,0,0,0,0,0,0
SSC70184,0,0,0,0,0,0,0,0,0,0,0,0,0,0,0,8,0,0,0,0,0,0,0,0,0,0,0,0,0,0,0,0,0,0,0,0,0,0,0,0,0,0,0,0,0,0,0,0,0,0,3,3,0,0,0,4,0,0,0,0,0,0,0,0,0,0,0,3,3,9,0,0,0,0,0,0,0,0,0,0,0,0,0,0,0,0,0,0,0,0,0,0,0,0,0,0,0,0,0,0,0,0,0,40,19,58
SSC70185,3,0,0,0,3,7,9,0,3,0,5,0,3,13,13,24,5,0,8,0,0,0,0,0,3,0,0,3,0,4,3,8,7,19,0,0,0,0,0,3,0,0,0,0,0,0,0,0,0,0,3,4,0,4,4,0,0,0,0,0,0,0,0,0,0,0,0,3,4,5,0,0,0,0,0,0,0,0,0,0,0,0,0,0,0,0,0,3,0,0,0,0,0,0,0,0,0,0,0,0,0,0,0,194,198,401
SSC70186,10,5,3,4,7,10,11,6,9,9,3,4,3,22,26,41,8,0,10,3,3,5,3,8,9,0,0,0,3,4,12,15,23,36,0,3,7,0,0,0,5,5,5,3,0,3,0,3,3,10,10,14,4,0,4,0,0,0,0,0,0,3,3,4,0,0,3,6,7,10,0,0,0,0,0,0,0,0,0,0,0,0,0,0,0,0,0,3,0,0,0,0,0,0,0,0,0,0,0,0,0,0,0,639,589,1225
SSC70187,38,9,17,24,11,15,33,11,9,19,7,11,20,64,68,138,19,15,30,9,16,21,17,16,33,14,11,20,10,15,25,62,65,131,9,12,20,9,11,25,5,10,21,7,9,13,5,16,24,41,58,96,7,9,19,5,11,12,10,0,10,10,9,13,3,3,9,37,31,67,12,4,14,8,0,5,7,6,9,11,10,17,3,9,12,36,30,59,15,12,21,3,7,6,0,0,0,0,0,0,0,0,0,1288,1257,2548
SSC70188,0,0,0,0,0,0,0,0,0,0,0,0,0,3,0,3,0,0,0,0,0,0,0,0,0,0,0,4,0,0,0,0,0,3,0,0,0,0,0,0,0,0,0,0,0,0,0,0,0,6,0,6,0,0,0,0,0,0,0,0,0,0,0,0,0,0,0,3,0,3,0,0,0,0,0,0,0,0,0,0,0,0,0,0,0,0,0,0,0,0,0,0,0,0,0,0,0,0,0,0,0,0,0,68,68,137
SSC70189,8,4,3,5,0,0,0,0,0,0,0,3,5,14,9,15,0,3,7,3,0,4,0,0,3,0,3,3,0,3,3,7,9,17,0,0,0,0,0,0,3,0,3,0,0,0,5,0,5,3,0,3,0,0,3,0,0,0,0,0,0,0,0,0,0,0,0,4,0,3,0,0,0,0,0,0,0,0,0,0,0,0,0,0,0,0,0,0,0,0,3,0,0,0,0,0,0,0,0,0,0,0,0,299,325,618
SSC70190,3,0,0,0,0,0,7,3,0,3,0,0,0,4,9,10,0,0,0,0,0,0,0,0,3,0,0,0,0,4,5,4,3,4,3,0,3,0,0,0,3,0,5,0,0,0,0,0,0,5,0,6,0,0,0,3,0,3,0,0,0,0,0,0,0,0,0,4,3,5,0,0,0,0,0,0,0,0,0,0,0,0,0,0,0,0,0,0,0,0,0,0,0,0,0,0,0,0,0,0,0,0,0,117,128,247
SSC70191,0,0,0,0,0,0,0,0,0,0,0,0,0,0,0,0,0,0,0,0,0,0,0,0,0,0,0,0,0,0,0,0,0,0,0,0,0,0,0,0,0,0,0,0,0,0,0,0,0,0,0,0,0,0,0,0,0,0,0,0,0,0,0,0,0,0,0,0,0,0,0,0,0,0,0,0,0,0,0,0,0,0,0,0,0,0,0,0,0,0,0,0,0,0,0,0,0,0,0,0,0,0,0,0,0,0
SSC70192,32,20,11,30,11,12,26,7,9,18,12,8,20,67,56,123,9,6,19,9,6,21,13,17,30,6,5,16,14,15,24,49,53,109,4,16,21,13,7,19,13,6,24,11,3,14,13,9,25,55,42,105,0,5,4,11,3,15,7,8,13,4,0,8,9,7,11,24,30,50,7,4,13,7,7,18,3,0,3,4,3,4,3,3,8,24,18,44,6,4,10,0,3,3,3,3,3,0,3,3,0,0,0,1029,966,2000
SSC70193,38,18,22,38,13,15,32,22,19,41,12,12,20,84,91,170,16,19,33,9,9,16,8,22,25,6,8,17,12,10,17,52,50,109,8,17,20,23,8,34,3,9,9,7,8,16,12,14,20,51,48,98,4,4,8,4,13,13,9,4,7,10,14,17,3,3,10,29,33,57,3,4,9,5,5,12,3,3,5,0,3,5,0,0,3,17,13,36,0,3,10,0,6,6,0,0,0,0,0,0,0,0,0,1497,1467,2959
SSC70194,0,0,0,0,0,0,0,0,0,0,0,0,0,0,0,0,0,0,0,0,0,0,0,0,0,0,0,0,0,0,0,0,0,3,0,0,0,0,0,0,0,0,0,0,0,0,0,0,0,0,0,0,0,0,0,0,0,0,0,0,0,0,0,0,0,0,0,0,0,0,0,0,0,0,0,0,0,0,0,0,0,0,0,0,0,0,0,0,0,0,0,0,0,0,0,0,0,0,0,0,0,0,0,19,16,33
SSC70195,9,4,3,8,6,3,7,3,0,5,3,0,3,23,14,36,3,4,8,3,0,3,3,0,3,0,7,6,0,0,0,15,7,26,3,0,5,3,0,3,0,0,0,0,0,0,0,0,0,9,0,7,0,0,0,0,0,0,0,0,0,0,0,0,0,0,0,0,3,4,0,0,3,0,0,0,0,0,0,0,0,0,0,0,0,0,0,4,0,3,3,0,0,0,0,0,0,0,0,0,0,0,0,273,277,548
SSC70196,0,0,0,0,0,0,0,0,0,0,0,0,0,0,0,3,0,0,0,0,0,0,0,0,0,0,0,0,0,0,0,0,4,0,0,0,3,0,3,3,0,0,0,0,0,0,0,0,0,3,4,3,0,0,0,0,0,0,0,0,0,0,0,0,0,0,0,0,0,0,0,0,0,0,0,0,0,0,0,0,0,0,0,0,0,0,0,0,0,0,0,0,0,0,0,0,0,0,0,0,0,0,0,81,93,169
SSC70197,0,0,0,0,0,0,0,0,0,0,3,0,0,3,3,5,0,0,0,0,0,0,0,0,3,0,0,0,3,0,3,3,0,4,0,0,0,0,0,0,0,0,0,0,0,0,0,0,0,0,0,0,0,0,0,0,0,0,0,0,0,0,0,0,0,0,0,4,0,4,0,0,0,0,0,0,0,0,0,0,0,0,0,0,0,0,0,0,0,0,0,0,0,0,0,0,0,0,0,0,0,0,0,49,35,83
SSC70198,9,10,8,13,7,0,11,0,4,3,0,6,5,25,16,46,0,3,11,0,5,4,3,4,6,3,4,8,3,0,4,16,21,29,0,0,3,0,4,3,3,3,4,4,0,4,0,0,0,11,5,15,0,0,0,0,0,0,3,0,3,0,0,0,0,0,0,3,0,3,0,0,0,0,0,0,0,3,3,0,0,0,0,0,0,0,5,3,0,0,0,0,0,0,0,0,0,0,0,0,0,0,0,1208,1197,2398
SSC70199,0,0,0,0,0,0,0,0,0,0,0,0,0,0,0,0,0,0,0,0,0,0,0,0,0,0,0,0,0,0,0,0,0,0,0,0,0,0,0,0,0,0,0,0,0,0,0,0,0,0,0,0,0,0,0,0,0,0,0,0,0,0,0,0,0,0,0,0,0,0,0,0,0,0,0,0,0,0,0,0,0,0,0,0,0,0,0,0,0,0,0,0,0,0,0,0,0,0,0,0,0,0,0,0,0,0
SSC70200,3,0,0,3,0,3,3,0,0,0,0,0,0,6,6,10,0,3,3,0,0,0,0,0,0,3,0,3,4,3,7,8,7,17,3,0,5,0,0,0,0,3,3,3,0,4,0,0,0,3,5,13,3,0,3,0,0,0,0,0,0,0,0,0,0,0,0,3,3,3,0,0,0,0,0,0,0,0,0,0,0,0,0,0,0,0,0,0,4,3,3,0,0,0,0,0,0,0,0,0,0,0,0,146,171,323
SSC70201,26,12,13,30,15,8,21,13,12,22,11,9,20,67,61,125,8,15,22,7,19,27,4,8,15,15,3,18,10,4,18,41,51,97,16,15,25,11,11,22,10,6,15,8,11,18,7,3,14,56,48,102,6,6,18,5,4,10,3,7,6,6,7,7,4,11,13,23,34,57,4,6,10,4,3,7,5,3,4,4,5,5,3,0,5,21,14,38,10,5,17,0,3,5,0,0,0,0,0,0,0,0,0,1036,940,1978
SSC70202,0,3,0,3,0,0,0,0,0,0,0,0,0,3,0,3,0,0,0,0,0,0,0,0,0,0,0,0,0,0,0,0,0,0,0,0,0,0,0,0,0,0,0,0,0,0,0,0,0,0,0,0,0,0,0,0,0,0,0,0,0,0,0,0,0,0,0,0,0,0,0,0,0,0,0,0,0,0,0,0,0,0,0,0,0,0,0,0,0,0,0,0,0,0,0,0,0,0,0,0,0,0,0,86,85,175
SSC70203,6,8,0,3,0,0,0,3,3,3,3,0,3,13,5,22,3,3,4,0,3,3,4,3,11,0,0,4,3,0,3,7,12,22,0,4,4,0,0,0,0,0,0,0,0,3,0,0,0,3,7,8,0,0,0,0,3,3,0,0,0,0,0,0,0,0,0,0,3,3,0,0,0,0,0,0,0,0,0,0,0,0,0,0,0,0,0,3,0,0,0,0,0,0,0,0,0,0,0,0,0,0,0,177,198,378
SSC70204,4,0,0,0,0,0,0,0,0,0,0,0,0,0,4,4,0,0,0,3,0,3,0,0,0,0,0,0,0,0,0,7,0,7,0,3,3,0,0,0,0,0,0,0,0,0,0,0,0,0,3,5,0,0,0,0,0,0,0,0,0,0,0,0,0,0,0,0,0,0,0,0,0,0,0,0,0,0,0,0,0,0,0,0,0,0,0,0,0,0,0,0,0,0,0,0,0,0,0,0,0,0,0,74,56,131
SSC70205,0,0,0,0,0,0,0,0,0,0,0,0,0,0,0,0,0,0,0,0,0,0,0,0,0,0,0,0,3,0,3,3,0,3,0,0,0,0,0,0,0,0,0,0,0,0,0,0,0,0,0,0,0,0,0,0,0,0,0,0,0,0,0,0,0,0,0,0,0,0,0,0,0,0,0,0,0,0,0,0,0,0,0,0,0,0,0,0,0,0,0,0,0,0,0,0,0,0,0,0,0,0,0,27,30,64
SSC70206,0,0,0,3,0,0,3,0,3,3,0,0,0,0,7,5,3,0,3,0,0,0,0,0,3,0,3,3,0,0,0,6,3,6,0,3,3,0,0,0,0,0,0,0,0,0,0,0,0,0,3,3,0,0,0,0,0,0,0,0,0,0,0,0,0,0,0,0,0,0,0,0,0,0,0,0,0,0,0,0,0,0,0,0,0,0,0,0,0,0,0,0,0,0,0,0,0,0,0,0,0,0,0,180,209,390
SSC70207,5,0,3,8,0,11,9,6,9,12,10,7,13,21,30,49,3,9,6,5,0,5,4,0,3,0,0,0,4,0,10,17,6,31,4,3,3,0,0,0,4,0,4,3,3,3,3,0,5,14,6,16,0,0,0,0,0,0,0,0,0,0,0,0,0,0,0,0,0,3,0,0,0,0,0,0,0,0,0,0,0,0,0,0,0,0,0,0,0,0,0,0,0,0,0,0,0,0,0,0,0,0,0,586,570,1149
SSC70208,40,20,24,42,23,16,39,15,11,25,16,19,33,88,87,178,18,22,39,11,14,26,11,8,21,15,9,19,18,15,30,70,64,133,9,8,17,14,6,26,7,9,14,7,5,13,9,6,19,55,29,86,6,0,5,6,3,6,0,3,5,0,0,0,4,0,4,18,13,29,0,0,0,0,0,0,0,0,0,0,0,3,4,0,4,4,3,12,0,3,3,0,0,0,0,0,0,0,0,0,0,0,0,1664,1574,3240
SSC70209,0,0,0,0,0,0,0,0,0,0,0,0,0,0,0,0,0,0,0,0,0,0,0,0,0,0,0,0,0,0,0,0,0,0,0,0,0,0,0,0,0,0,0,0,0,0,0,0,0,4,0,4,0,0,0,0,0,0,0,0,0,0,0,0,0,0,0,0,0,0,0,0,0,0,0,0,0,0,0,0,0,0,0,0,0,0,0,0,0,0,0,0,0,0,0,0,0,0,0,0,0,0,0,38,22,60
SSC70210,44,19,18,39,19,23,42,22,19,43,26,25,49,105,113,215,27,17,42,17,21,37,15,14,30,24,12,35,20,18,36,106,89,191,27,15,41,19,22,50,20,13,32,16,13,31,21,11,39,101,82,185,9,9,17,9,12,26,10,9,21,11,11,23,9,7,16,53,47,103,10,8,19,3,5,10,3,5,11,3,3,5,3,4,11,20,27,48,9,13,29,4,3,7,3,7,4,0,0,0,0,0,0,1952,1900,3853
SSC70211,3,0,0,0,0,0,0,0,0,0,0,0,0,4,3,7,0,0,0,0,3,0,0,0,0,0,0,0,0,0,0,0,5,5,0,0,0,0,3,3,0,0,0,0,0,0,0,0,0,3,3,4,0,3,3,0,0,0,0,0,0,0,0,0,0,0,0,0,3,7,0,0,0,0,0,0,0,0,0,0,0,0,0,0,0,0,0,0,0,0,0,0,0,0,0,0,0,0,0,0,0,0,0,73,93,169
SSC70212,6,3,0,4,3,0,3,3,0,7,4,0,8,19,7,29,3,0,4,3,3,4,4,0,0,3,5,4,4,5,11,17,11,25,5,0,5,3,0,3,0,3,3,5,0,5,0,5,5,13,11,24,3,3,5,3,0,3,5,0,5,0,0,3,0,0,0,12,6,13,0,0,0,0,0,0,0,0,0,0,0,0,0,0,0,0,0,0,0,0,0,0,0,0,0,0,0,0,0,0,0,0,0,176,150,319
SSC70213,5,3,0,4,0,3,10,0,8,6,3,3,7,17,20,34,4,0,7,0,0,3,0,3,4,0,0,3,3,0,0,7,7,17,0,4,4,0,0,0,3,0,3,0,0,0,0,0,0,4,10,7,0,3,3,3,0,0,0,0,4,0,0,0,3,0,3,10,6,17,0,0,0,0,0,0,0,0,0,0,0,0,0,3,3,0,3,3,0,3,3,0,0,0,0,0,0,0,0,0,0,0,0,347,375,723
SSC70214,0,0,0,0,0,0,0,0,0,0,0,0,0,0,0,0,0,0,0,0,0,0,0,0,0,0,0,0,0,0,0,0,0,0,0,0,0,0,0,0,0,0,0,0,0,0,0,0,0,0,0,0,0,0,0,0,0,0,0,0,0,0,0,0,0,0,0,0,0,0,0,0,0,0,0,0,0,0,0,0,0,0,0,0,0,0,0,0,0,0,0,0,0,0,0,0,0,0,0,0,0,0,0,4,4,12
SSC70215,3,0,0,0,0,0,0,3,4,9,0,0,0,5,7,10,0,0,3,0,0,0,0,0,0,0,0,0,0,0,0,0,0,3,0,4,4,0,0,0,0,0,0,0,0,0,0,0,0,0,6,5,0,0,0,0,0,0,0,0,0,0,0,0,0,0,0,0,0,0,0,0,0,0,0,0,0,0,0,0,0,0,0,0,0,0,0,0,0,3,3,0,0,0,0,0,0,0,0,0,0,0,0,107,129,236
SSC70216,0,0,0,0,0,0,0,0,0,0,0,0,0,0,0,0,0,0,0,0,0,0,0,0,0,0,0,0,0,0,0,0,0,0,0,0,0,0,0,0,0,0,0,0,0,0,0,0,0,0,0,0,0,0,0,0,0,0,0,0,0,0,0,0,0,0,0,0,0,0,0,0,0,0,0,0,0,0,0,0,0,0,0,0,0,0,0,0,0,0,0,0,0,0,0,0,0,0,0,0,0,0,0,9,9,21
SSC70217,0,0,0,0,0,0,0,0,0,0,0,0,0,0,3,3,0,0,0,0,0,0,0,0,0,0,0,0,0,0,0,0,0,0,0,0,0,0,0,0,0,0,0,0,0,0,0,0,0,0,0,0,0,0,0,0,0,0,0,0,0,0,0,0,0,0,0,0,0,0,0,0,0,0,0,0,0,0,0,0,0,0,0,0,0,0,0,0,0,0,0,0,0,0,0,0,0,0,0,0,0,0,0,15,16,33
SSC70218,5,3,3,7,3,4,9,3,13,17,3,5,6,19,27,41,0,3,3,0,3,3,0,3,3,5,0,8,0,0,0,9,9,13,0,0,3,0,3,3,0,0,0,0,0,0,0,0,0,3,5,8,0,0,0,0,0,0,0,0,0,0,0,0,0,0,0,0,0,0,0,0,0,0,0,0,0,0,0,0,0,0,0,0,0,0,0,3,0,3,3,0,0,0,0,0,0,0,0,0,0,0,0,181,224,404
SSC70219,25,15,17,30,20,16,31,10,17,22,10,19,34,77,70,150,14,9,25,23,9,26,5,10,14,16,11,29,15,11,25,74,54,132,9,6,16,22,6,27,17,8,23,13,10,19,14,9,18,74,39,109,5,0,5,8,5,9,9,3,11,0,3,3,7,0,4,25,15,38,5,3,10,5,5,15,3,0,3,0,4,4,0,3,4,19,12,34,4,12,11,0,4,4,0,0,4,0,0,0,0,0,0,1394,1353,2747
SSC70220,0,0,0,0,0,0,0,0,0,0,0,0,0,0,0,0,0,0,0,0,0,0,0,0,0,0,0,0,0,0,0,0,0,0,0,0,0,0,0,0,0,0,0,0,0,0,0,0,0,0,0,0,0,0,0,0,0,0,0,0,0,0,0,0,0,0,0,0,0,0,0,0,0,0,0,0,0,0,0,0,0,0,0,0,0,0,0,0,0,0,0,0,0,0,0,0,0,0,0,0,0,0,0,7,8,14
SSC70221,0,0,0,0,0,0,0,0,0,3,0,3,4,3,3,6,0,0,0,0,0,0,0,0,0,0,0,0,0,0,0,0,0,0,0,0,0,0,0,0,0,0,0,0,0,0,0,0,0,0,0,0,0,0,0,0,0,0,0,0,0,0,0,0,0,0,0,0,0,0,0,0,0,0,0,0,0,0,0,0,0,0,0,0,0,0,0,0,0,0,0,0,0,0,0,0,0,0,0,0,0,0,0,87,84,178
SSC70222,3,0,3,3,0,3,3,0,0,0,0,0,0,4,4,7,0,0,3,0,0,3,0,0,0,0,0,0,3,0,3,9,0,6,0,0,3,0,0,0,0,0,3,3,5,7,0,0,0,5,6,8,0,3,3,0,0,0,0,0,0,0,0,0,0,0,0,0,3,3,0,0,0,0,0,0,0,0,0,0,0,0,0,0,0,0,0,0,0,0,0,3,0,3,0,0,0,0,0,0,0,0,0,86,95,185
SSC70223,0,0,0,0,0,0,0,0,0,0,0,0,0,0,0,0,0,0,0,0,3,3,0,0,0,0,0,0,0,0,0,0,4,6,0,0,0,0,0,0,0,0,0,0,0,0,0,0,0,0,0,0,0,0,0,0,0,0,0,0,0,0,0,0,0,3,3,0,3,3,0,0,0,0,0,0,0,0,0,0,0,0,0,0,0,0,0,0,0,0,0,0,0,0,0,0,0,0,0,0,0,0,0,57,59,120
SSC70224,4,0,0,0,3,4,6,3,3,10,5,3,9,15,9,28,0,0,7,0,4,5,0,0,3,3,0,3,6,3,6,14,8,22,4,3,3,0,3,3,0,0,3,0,0,0,7,0,7,11,8,18,3,0,3,0,0,0,0,0,0,0,0,3,0,0,3,8,4,13,0,0,3,0,0,3,0,3,3,0,0,0,0,0,0,3,4,11,3,0,3,0,0,0,0,0,0,0,0,0,0,0,0,176,155,328
SSC70225,3,0,0,0,0,0,0,0,0,3,0,0,0,3,3,4,0,0,0,0,0,0,0,0,3,0,0,0,0,0,0,0,0,3,0,0,0,0,0,0,0,0,0,0,0,0,0,0,0,0,0,0,0,0,0,0,0,0,0,0,0,0,0,0,0,0,0,0,0,0,0,0,0,0,0,0,0,0,0,0,0,0,0,0,0,0,0,0,0,0,0,0,0,0,0,0,0,0,0,0,0,0,0,14,11,25
SSC70226,3,0,3,3,3,8,5,0,0,0,3,0,3,6,12,21,3,3,4,5,0,7,3,0,3,0,0,0,0,3,3,9,8,19,0,0,0,0,0,0,0,0,0,0,3,4,0,0,0,3,7,6,0,0,0,0,0,0,0,0,0,0,0,0,0,0,0,0,0,0,0,0,0,0,0,0,0,0,0,0,0,0,0,0,0,0,5,5,0,4,3,0,0,0,0,0,0,0,0,0,0,0,0,182,182,371
SSC70227,0,3,0,3,0,0,0,0,0,0,0,0,0,0,0,0,0,0,0,0,0,0,0,0,0,0,0,0,0,0,0,0,0,0,0,0,0,0,0,0,0,0,0,0,0,0,0,0,0,0,0,0,0,0,0,0,0,0,0,0,0,0,0,0,0,0,0,0,0,0,0,0,0,0,0,0,0,0,0,0,0,0,0,0,0,0,0,0,0,0,0,0,0,0,0,0,0,0,0,0,0,0,0,11,11,22
SSC70228,0,0,3,3,0,0,0,0,0,4,4,0,3,3,7,8,0,3,3,3,0,3,0,0,0,0,0,0,0,0,0,3,3,5,0,0,0,0,3,3,0,0,0,0,0,0,0,0,0,0,4,4,0,0,0,0,0,0,0,0,0,0,0,0,0,0,0,0,0,0,0,0,0,0,0,0,0,0,0,0,0,0,0,0,0,0,0,0,0,0,0,0,0,0,0,0,0,0,0,0,0,0,0,58,43,99
SSC70229,11,4,7,6,3,0,3,3,3,5,0,3,3,16,14,36,5,3,8,0,4,5,3,0,4,0,3,3,3,0,3,11,15,25,3,3,4,0,0,0,0,0,0,3,3,3,0,0,0,9,10,14,3,0,3,0,3,3,0,0,0,0,0,0,3,0,3,3,3,7,0,0,0,0,3,3,0,0,0,0,0,0,0,0,0,0,5,5,0,0,0,0,3,3,0,0,0,0,0,0,0,0,0,424,448,872
SSC70230,0,0,0,0,0,0,0,0,0,0,0,0,0,3,0,3,0,0,0,0,0,0,0,0,0,0,0,0,0,0,0,0,0,0,0,0,0,0,0,0,0,0,0,0,0,0,0,0,0,0,0,0,0,0,0,0,0,0,0,0,0,0,0,0,0,0,0,3,0,3,0,0,0,0,0,0,0,0,0,0,0,0,0,0,0,0,0,0,0,0,0,0,0,0,0,0,0,0,0,0,0,0,0,22,24,44
SSC70231,53,19,14,36,13,27,47,20,16,41,20,14,31,102,104,201,17,38,59,18,11,34,10,17,30,21,15,31,26,21,40,95,102,195,13,4,20,13,12,27,12,10,24,9,8,23,10,10,23,57,54,109,18,8,25,14,9,19,9,3,9,5,3,9,10,7,15,45,22,70,8,3,12,8,3,11,0,10,6,3,4,10,3,3,7,20,21,44,13,17,23,6,9,19,5,0,5,0,0,0,0,0,0,1612,1666,3282
SSC70232,0,0,0,0,0,0,0,0,0,0,0,0,0,0,0,0,0,0,0,0,0,0,0,0,0,0,0,0,0,0,0,0,0,0,0,0,0,0,0,0,0,0,0,0,0,0,0,3,3,3,3,3,0,0,0,0,0,0,0,0,0,0,0,0,0,0,0,0,0,0,0,0,0,0,0,0,0,0,0,0,0,0,0,0,0,0,0,0,0,0,0,0,0,0,0,0,0,0,0,0,0,0,0,6,5,13
SSC70233,0,0,3,5,0,0,0,0,0,0,0,0,0,3,4,8,0,0,0,0,0,0,0,0,0,0,0,0,0,0,0,0,0,3,0,0,0,0,0,0,0,0,0,0,0,0,0,0,0,0,0,0,0,0,0,0,0,0,0,0,0,0,0,0,0,0,0,0,0,0,0,0,0,0,0,0,0,0,0,0,0,0,0,0,0,0,0,0,0,0,0,0,0,0,0,0,0,0,0,0,0,0,0,109,113,222
SSC70234,26,17,18,33,3,15,22,12,15,29,7,10,18,52,72,126,14,10,23,8,0,14,13,8,16,11,10,24,4,14,20,47,42,90,3,7,10,0,5,12,5,7,11,6,8,17,3,5,12,24,35,61,0,7,8,5,3,7,7,4,7,3,0,7,0,5,7,16,16,27,3,3,3,0,0,0,3,0,3,5,0,9,0,0,3,12,7,20,3,4,11,3,6,9,0,0,3,0,0,0,0,0,0,2173,2049,4218
SSC70235,13,3,8,16,9,7,10,3,7,12,7,3,13,27,37,73,6,3,10,6,7,16,3,9,9,5,3,12,3,7,10,30,34,61,8,8,17,6,0,8,6,7,12,7,3,12,4,0,4,41,18,57,3,3,6,9,8,14,4,3,6,0,0,3,0,0,0,18,10,26,3,0,4,0,0,0,0,6,6,0,0,0,0,0,0,3,5,7,0,5,5,0,0,0,0,0,0,0,0,0,0,0,0,353,351,709
SSC70236,3,3,3,3,0,3,3,0,3,7,0,0,0,7,8,14,0,0,0,0,3,3,0,0,0,3,0,3,0,3,5,4,7,10,0,0,0,0,0,0,0,0,0,0,0,0,0,0,0,3,0,7,0,0,0,0,0,0,0,0,0,0,0,0,0,0,0,0,0,3,0,0,0,0,0,0,0,0,0,0,0,0,0,0,0,0,0,0,0,0,0,0,0,0,0,0,0,0,0,0,0,0,0,47,42,84
SSC70237,41,15,9,28,18,14,33,13,8,20,13,15,24,65,76,139,9,8,17,8,17,25,8,10,23,6,7,17,7,11,23,45,54,96,14,4,14,3,6,9,6,14,17,3,7,10,3,0,6,31,33,62,3,3,5,0,0,0,3,6,8,0,7,13,6,0,6,13,20,37,11,0,9,6,3,6,0,0,0,0,0,0,0,0,0,15,4,22,6,3,10,0,3,3,0,0,3,0,0,0,0,0,0,1088,1038,2123
SSC70238,9,0,3,4,3,6,9,4,3,7,3,3,5,11,19,30,0,7,13,0,0,0,4,3,10,0,0,0,0,0,0,5,13,23,0,0,0,0,0,0,0,0,0,0,0,5,3,0,3,7,12,15,0,3,3,0,0,0,0,0,3,0,0,3,0,0,0,4,3,9,0,0,0,0,0,0,0,0,0,0,0,0,0,0,3,0,4,6,3,7,10,0,0,0,0,3,3,0,0,0,0,0,0,285,346,634
SSC70239,4,3,0,3,6,3,8,0,7,4,4,3,3,12,20,34,0,4,7,4,3,8,0,0,0,3,0,0,0,4,3,13,15,25,0,0,0,5,0,6,0,3,6,0,0,0,0,0,0,7,3,8,0,0,0,0,0,0,0,4,3,0,3,3,0,0,0,3,3,5,3,0,3,0,3,3,3,0,3,0,0,0,0,0,0,4,4,8,0,0,4,0,4,3,0,0,0,0,0,0,0,0,0,282,298,579
SSC70240,0,0,0,0,0,0,0,0,0,0,0,0,0,0,0,0,0,0,0,0,0,0,0,0,0,0,0,0,0,0,0,0,0,0,0,0,0,0,0,0,0,0,0,0,0,0,0,0,0,0,0,3,0,0,0,0,0,0,0,0,0,0,0,0,0,0,0,0,0,0,0,0,0,0,0,0,0,0,0,0,0,0,0,0,0,0,0,0,0,0,0,0,0,0,0,0,0,0,0,0,0,0,0,15,5,16
SSC70241,0,0,0,0,0,0,0,0,0,0,0,0,0,0,0,0,0,0,0,0,0,0,0,0,0,0,0,0,0,0,0,0,0,0,0,0,0,0,0,0,0,0,0,0,0,0,0,0,0,0,0,0,0,0,0,0,0,0,0,0,0,0,0,0,0,0,0,0,0,0,0,0,0,0,0,0,0,0,0,0,0,0,0,0,0,0,0,0,0,0,0,0,0,0,0,0,0,0,0,0,0,0,0,0,0,0
SSC70242,0,0,3,3,5,0,5,0,0,0,0,3,4,6,3,10,3,0,3,0,0,0,3,0,3,0,0,0,0,0,0,11,0,13,6,0,6,3,0,3,0,0,0,0,0,3,0,0,0,7,0,12,0,0,0,0,0,0,0,0,0,0,0,0,0,0,0,0,0,4,0,0,0,0,0,0,0,0,0,0,0,0,0,0,5,4,3,4,3,3,6,0,0,0,0,0,0,0,0,0,0,0,0,127,98,232
SSC70243,0,0,0,0,0,0,0,0,0,0,4,0,4,3,4,10,0,0,0,0,0,4,0,0,0,0,0,0,0,0,0,8,3,9,0,0,0,0,0,0,0,0,0,0,0,3,0,0,0,3,0,6,0,0,0,0,0,0,0,0,0,0,0,0,0,0,0,0,0,0,0,0,0,0,0,0,0,0,0,0,0,0,0,0,0,0,0,0,0,0,0,0,0,0,0,0,0,0,0,0,0,0,0,33,34,68
SSC70244,8,0,4,3,3,3,8,3,0,3,0,0,0,13,11,22,0,4,8,0,0,0,0,3,3,0,3,3,3,0,3,5,10,19,0,0,0,0,3,5,0,0,0,0,0,0,0,0,0,0,5,4,0,3,3,0,0,0,0,0,3,0,0,0,0,0,0,8,4,11,0,0,0,0,0,0,0,0,0,0,0,0,0,0,0,0,0,3,0,3,6,0,0,0,0,0,0,0,0,0,0,0,0,212,249,466
SSC70245,58,31,22,54,22,18,46,25,20,48,28,22,49,134,121,253,29,20,50,20,14,33,19,25,41,11,17,35,26,20,41,100,95,199,12,7,20,13,10,17,12,4,16,8,10,19,11,9,24,62,40,104,12,6,22,11,5,13,3,14,14,5,3,10,7,8,17,45,38,82,0,7,7,5,10,16,0,3,6,3,4,3,3,0,4,21,23,43,12,6,25,9,5,9,3,4,12,0,0,0,0,0,0,2149,1998,4149
SSC70246,0,0,0,0,0,0,0,0,0,0,0,0,0,3,0,4,0,0,0,0,0,0,0,0,0,0,0,0,3,0,3,3,0,3,0,0,0,0,0,0,0,0,0,0,0,0,3,0,3,3,0,7,0,0,0,0,0,0,0,0,0,0,0,0,0,0,0,0,0,0,0,0,0,0,0,0,0,0,0,0,0,0,0,0,0,0,0,0,0,0,0,0,0,0,0,0,0,0,0,0,0,0,0,33,18,46
SSC70247,0,0,0,0,3,0,3,0,0,0,0,0,3,3,3,9,0,0,0,0,0,0,0,0,0,3,0,0,5,0,5,4,0,7,0,3,3,0,6,6,3,0,5,0,0,0,0,0,0,5,10,15,3,0,6,0,0,4,0,0,0,0,0,0,0,0,0,8,3,6,0,0,0,0,0,0,0,0,0,0,0,0,0,0,0,0,0,0,0,0,0,0,0,0,0,0,0,0,0,0,0,0,0,110,103,210
SSC70248,0,0,0,0,0,0,0,0,0,0,0,0,0,3,0,3,0,0,3,0,0,0,0,0,0,0,0,0,0,0,0,4,0,3,0,0,0,0,0,0,0,0,0,0,0,0,0,0,0,5,0,5,0,0,0,0,0,0,0,0,0,0,0,0,0,0,0,0,0,0,0,0,0,0,0,0,0,0,0,0,0,0,0,0,0,0,0,0,0,0,0,0,0,0,0,0,0,0,0,0,0,0,0,57,12,73
SSC70249,0,0,0,0,0,0,0,0,0,0,0,0,0,0,0,0,0,0,0,0,0,0,0,0,0,0,0,0,0,0,0,0,0,0,0,0,0,0,0,0,0,0,0,0,0,0,0,0,0,0,0,0,0,0,0,0,0,0,0,0,0,0,0,0,0,0,0,0,0,0,0,0,0,0,0,0,0,0,0,0,0,0,0,0,0,0,0,0,0,0,0,0,0,0,0,0,0,0,0,0,0,0,0,23,8,33
SSC70250,0,0,0,0,0,0,0,0,0,0,0,0,0,0,0,3,3,0,3,0,0,0,0,0,0,0,0,0,0,0,0,3,0,3,0,0,0,0,0,0,0,0,0,0,0,0,0,0,0,0,0,0,0,0,0,0,0,0,0,0,0,0,0,0,0,0,0,0,0,0,0,0,0,0,0,0,0,0,0,0,0,0,0,0,0,0,0,0,0,0,0,0,0,0,0,0,0,0,0,0,0,0,0,44,48,89
SSC70251,40,18,16,29,23,18,37,17,22,47,25,23,49,110,88,197,25,32,64,15,13,28,10,11,24,16,19,27,13,9,20,82,81,164,9,6,22,15,15,33,11,11,24,17,3,18,13,4,16,67,45,110,4,7,12,15,8,19,6,0,5,7,3,14,8,6,10,34,19,58,4,8,14,10,4,12,7,0,5,7,3,10,0,0,0,25,15,43,3,13,16,0,0,6,0,3,7,0,3,3,0,0,0,1575,1420,2991
SSC70252,3,0,0,0,0,0,0,0,0,0,0,0,0,0,3,3,0,3,3,3,0,4,0,0,0,0,0,0,0,0,0,4,4,7,0,0,0,0,0,0,0,0,0,0,0,0,0,0,0,3,0,3,0,0,0,0,0,0,0,0,0,0,0,0,0,0,0,0,0,0,0,0,0,0,0,0,0,0,0,0,0,0,0,0,0,0,0,0,0,0,0,0,0,0,0,0,0,0,0,0,0,0,0,102,99,197
SSC70253,19,5,8,18,3,9,14,7,13,27,6,10,12,33,59,88,3,13,17,8,7,13,8,11,20,7,6,10,9,11,23,32,45,83,6,10,18,6,3,10,8,3,10,12,0,12,5,8,6,32,22,51,3,4,5,0,4,4,3,0,4,0,0,0,0,3,3,3,13,17,4,3,8,3,3,3,3,0,3,0,0,0,0,0,4,14,6,21,0,4,5,4,3,8,0,0,0,0,0,0,0,0,0,831,885,1709
SSC70254,5,0,8,12,9,3,11,0,0,0,3,8,14,14,26,41,6,8,11,4,4,3,6,4,10,3,0,5,3,8,9,19,24,41,4,0,6,3,3,10,0,4,4,0,4,3,3,0,0,14,14,29,0,4,4,5,0,5,4,0,4,4,0,3,7,0,5,11,4,22,0,0,4,0,0,0,0,0,0,3,0,3,0,3,3,6,5,10,4,0,3,0,4,4,0,0,0,0,0,0,0,0,0,365,359,728
SSC70255,12,5,3,6,0,3,3,5,0,11,0,7,9,24,14,40,3,5,14,3,8,14,7,0,3,0,0,0,0,5,5,12,25,36,4,4,13,4,3,8,3,3,5,5,0,8,0,0,0,21,16,34,3,0,3,6,0,9,0,5,5,0,0,0,4,0,3,12,10,20,0,0,0,3,0,3,0,3,4,0,0,0,0,0,0,8,4,11,3,3,3,4,0,6,0,0,0,0,0,0,0,0,0,318,282,602
SSC70256,0,0,0,4,0,0,0,0,0,0,0,0,0,4,4,8,0,0,3,3,0,4,0,0,0,0,0,0,0,0,0,6,6,7,0,0,0,0,0,0,0,0,0,0,0,0,0,0,0,0,0,0,0,0,0,0,0,0,0,0,0,0,0,0,0,0,0,0,0,0,0,0,0,0,0,0,0,0,0,0,0,0,0,0,0,0,0,0,0,3,3,0,0,0,0,0,0,0,0,0,0,0,0,26,44,70
SSC70257,0,0,3,3,0,3,4,0,3,3,0,0,3,10,12,21,0,0,0,4,3,5,0,0,0,0,0,0,0,0,3,4,6,11,0,0,0,0,0,0,0,0,0,3,4,8,3,0,3,8,3,10,0,0,0,3,0,3,0,0,0,0,0,0,0,0,0,3,0,3,0,0,0,3,0,3,0,0,3,0,0,0,0,0,0,5,3,4,0,0,0,0,0,0,0,0,0,0,0,0,0,0,0,135,112,249
SSC70258,5,3,0,3,0,0,0,0,0,0,0,0,0,11,0,13,0,0,0,0,0,0,0,0,0,0,0,0,0,0,0,0,0,0,0,0,0,0,0,0,0,0,0,0,0,0,0,0,0,0,0,0,0,0,0,0,0,0,0,0,0,0,0,0,0,0,0,0,0,0,0,0,0,0,0,0,0,0,0,0,0,0,0,0,0,0,0,0,0,0,0,0,0,0,0,0,0,0,0,0,0,0,0,498,358,857
SSC70259,0,0,0,0,0,0,0,0,0,0,0,0,0,0,0,0,0,0,0,0,0,0,0,0,0,0,0,0,0,0,0,0,0,0,0,0,0,0,0,0,0,0,0,0,0,0,0,0,0,0,0,0,0,0,0,0,0,0,0,0,0,0,0,0,0,0,0,0,0,0,0,0,0,0,0,0,0,0,0,0,0,0,0,0,0,0,0,0,0,0,0,0,0,0,0,0,0,0,0,0,0,0,0,24,14,31
SSC70260,3,0,3,4,0,0,0,0,0,0,0,0,5,8,4,13,0,0,5,0,0,0,0,3,3,0,0,0,0,0,0,0,3,7,0,0,3,0,4,4,0,3,3,0,0,0,0,0,3,0,5,11,0,3,3,0,0,0,0,0,0,0,0,0,0,0,0,0,3,9,0,0,0,0,0,0,0,0,0,0,0,0,0,0,0,0,0,0,0,0,0,0,0,0,0,0,0,0,0,0,0,0,0,109,115,227
SSC70261,0,0,0,0,0,0,0,0,0,0,0,0,0,0,0,0,0,0,0,0,0,0,0,0,0,0,0,0,0,0,0,0,0,0,0,0,0,0,0,0,0,0,0,0,0,0,0,0,0,0,0,0,0,0,0,0,0,0,0,0,0,0,0,0,0,0,0,0,0,0,0,0,0,0,0,0,0,0,0,0,0,0,0,0,0,0,0,0,0,0,0,0,0,0,0,0,0,0,0,0,0,0,0,0,0,0
SSC70262,27,11,9,23,17,17,32,18,10,25,9,16,27,72,58,131,22,16,41,11,11,20,18,18,29,12,11,25,13,3,13,72,59,127,8,14,24,12,14,27,15,19,34,5,13,19,17,5,22,54,64,119,11,7,17,12,12,25,8,11,18,6,17,23,11,9,19,48,51,102,10,8,14,11,10,22,10,3,14,6,4,13,3,7,15,37,35,73,27,35,59,25,30,52,10,14,18,3,5,5,0,0,0,1261,1298,2562
SSC70263,4,0,0,3,0,3,3,0,0,0,0,3,4,8,11,15,0,0,0,0,0,0,0,0,3,0,3,3,0,0,0,3,7,6,0,0,0,0,0,0,0,0,0,0,0,0,3,0,3,3,0,5,0,0,0,0,0,0,0,0,0,0,0,0,0,0,0,0,0,0,0,0,0,0,0,0,0,0,0,0,0,0,0,0,0,0,0,0,0,0,0,0,0,0,0,0,0,0,0,0,0,0,0,62,56,123
SSC70264,0,0,0,0,0,0,0,0,0,0,0,0,0,0,0,0,0,0,0,0,0,0,0,0,0,0,0,0,0,0,0,0,0,0,0,0,0,0,0,0,0,0,0,0,0,0,0,0,0,0,0,0,0,0,0,0,0,0,0,0,0,0,0,0,0,0,0,0,0,0,0,0,0,0,0,0,0,0,0,0,0,0,0,0,0,0,0,0,0,0,0,0,0,0,0,0,0,0,0,0,0,0,0,0,3,3
SSC70265,3,0,0,0,0,0,0,0,0,0,0,0,0,0,3,3,0,0,0,0,0,0,0,0,0,0,0,0,0,0,0,0,0,0,0,0,0,0,0,0,0,0,0,0,0,0,0,0,0,0,0,0,0,0,0,0,0,0,0,0,0,0,0,0,0,0,0,0,0,0,0,0,0,0,0,0,0,0,0,0,0,0,0,0,0,0,0,0,0,0,0,0,0,0,0,0,0,0,0,0,0,0,0,7,3,14
SSC70266,3,0,3,4,0,3,0,0,0,0,0,0,0,6,4,13,0,0,0,0,3,3,0,0,0,3,0,3,3,0,3,4,3,10,3,0,6,0,0,0,0,3,4,0,0,0,0,3,3,7,6,11,0,0,0,0,0,0,0,0,0,0,0,0,0,3,3,0,3,3,0,0,0,0,0,0,0,0,0,0,0,0,0,0,0,0,0,3,0,0,3,0,0,3,0,0,0,0,0,0,0,0,0,94,78,170
SSC70267,3,0,3,3,0,0,0,0,0,3,0,0,4,9,6,14,0,0,3,0,4,6,0,4,4,3,0,3,0,10,7,8,12,19,0,0,0,0,0,0,0,0,0,0,0,0,0,0,0,0,3,3,0,0,0,0,0,0,0,0,0,0,0,0,0,0,0,0,3,5,0,0,0,0,0,0,0,0,0,0,0,0,0,0,0,0,0,0,0,0,0,0,0,0,0,0,0,0,0,0,0,0,0,248,256,503
SSC70268,0,0,0,0,0,0,0,0,0,0,0,0,0,0,0,0,0,0,0,0,0,0,0,0,0,0,0,0,0,0,0,0,0,0,0,0,0,0,0,0,0,0,0,0,0,0,0,0,0,0,0,0,0,0,0,0,0,0,0,0,0,0,0,0,0,0,0,0,0,0,0,0,0,0,0,0,0,0,0,0,0,0,0,0,0,0,0,0,0,0,0,0,0,0,0,0,0,0,0,0,0,0,0,0,0,0
SSC70269,3,0,0,0,0,0,0,0,5,6,0,7,10,3,15,14,3,0,3,0,0,0,0,4,4,0,0,3,0,0,0,12,3,13,0,0,0,0,0,3,0,0,0,0,0,0,0,0,0,0,0,4,0,0,0,0,0,0,0,3,3,0,0,0,0,0,0,3,3,7,0,0,0,3,0,3,0,0,0,0,0,0,0,0,0,7,0,7,0,0,0,0,0,0,0,0,0,0,0,0,0,0,0,71,70,142
SSC70270,0,0,0,0,0,0,0,0,0,0,0,0,0,0,0,0,0,0,0,0,0,0,0,0,0,0,0,0,0,0,0,0,0,0,0,0,0,0,0,0,0,0,0,0,0,0,0,0,0,0,0,0,0,0,0,0,0,0,0,0,0,0,0,0,0,0,0,0,0,0,0,0,0,0,0,0,0,0,0,0,0,0,0,0,0,0,0,0,0,0,0,0,0,0,0,0,0,0,0,0,0,0,0,0,0,0
SSC70271,0,0,0,0,3,0,3,0,0,3,4,0,3,7,3,8,3,0,3,0,3,3,0,0,0,0,0,0,0,0,3,3,4,8,0,0,4,0,0,0,0,0,0,0,0,0,0,0,0,8,0,5,0,0,0,0,0,0,0,0,0,0,0,0,0,0,0,0,3,3,0,0,0,0,0,0,0,0,0,0,0,0,0,0,0,0,0,0,0,3,3,0,0,0,0,0,0,0,0,0,0,0,0,96,59,154
SSC70272,0,0,0,0,0,0,0,0,0,0,0,0,0,0,0,0,0,0,0,0,0,0,0,0,0,0,0,0,0,0,0,0,0,0,0,0,0,0,0,0,0,0,0,0,0,0,0,0,0,0,0,0,0,0,0,0,0,0,0,0,0,0,0,0,0,0,0,0,0,0,0,0,0,0,0,0,0,0,0,0,0,0,0,0,0,0,0,0,0,0,0,0,0,0,0,0,0,0,0,0,0,0,0,0,0,0
SSC70273,0,0,0,0,0,0,0,0,0,0,0,0,0,0,0,3,0,0,0,0,0,0,0,0,3,0,0,0,0,0,0,3,3,8,0,0,0,0,0,0,0,0,0,0,0,0,0,0,0,0,0,3,0,0,0,0,0,0,0,0,0,0,0,0,0,0,0,0,0,0,0,0,0,0,0,0,0,0,0,0,0,0,0,0,0,0,0,0,0,0,0,0,0,0,0,0,0,0,0,0,0,0,0,90,66,152
SSC70274,26,16,23,38,13,16,31,14,16,30,14,19,30,73,88,158,13,6,25,10,18,32,23,12,36,6,12,17,12,10,22,76,54,130,4,5,5,11,8,17,6,14,19,13,5,19,7,3,16,45,38,78,5,0,11,5,3,8,0,5,4,0,0,4,0,3,5,21,12,30,5,3,5,3,3,7,0,0,0,3,3,7,3,0,3,14,12,24,6,9,9,3,0,3,0,0,0,0,0,0,0,0,0,958,879,1836
SSC70275,11,3,10,14,8,6,10,9,5,10,8,15,17,32,35,65,6,11,16,10,7,10,9,7,16,6,11,15,3,0,6,32,33,63,0,6,5,3,3,3,0,0,0,0,0,0,0,0,0,9,14,18,3,3,4,0,4,3,0,0,0,0,0,0,0,0,0,3,8,14,0,0,0,0,0,0,0,4,4,0,0,0,0,0,0,0,4,10,0,3,8,0,0,0,0,0,0,0,0,0,0,0,0,1111,1171,2280
SSC70276,13,5,11,15,3,5,7,11,4,13,3,0,6,27,25,56,7,0,9,3,3,7,4,3,12,0,3,5,6,10,13,21,16,45,8,5,10,4,7,10,9,3,11,8,5,13,0,3,3,27,23,49,6,0,4,0,0,3,0,0,0,0,0,0,0,0,0,8,4,18,0,0,0,0,0,0,0,0,0,0,0,3,0,0,0,3,3,6,4,3,4,0,0,3,0,0,0,0,0,0,0,0,0,237,227,461
SSC70277,29,20,12,33,10,12,20,11,18,28,5,10,14,62,68,126,15,11,20,4,11,18,11,10,26,10,17,33,7,6,11,44,61,108,13,8,21,11,6,21,12,7,23,8,7,15,6,10,15,58,37,97,3,3,7,8,6,13,3,7,10,0,3,4,4,3,9,18,25,44,3,11,12,3,4,10,0,0,0,3,9,11,3,6,8,18,24,43,4,13,16,7,3,4,0,0,0,0,0,0,0,0,0,1126,1032,2163
SSC70278,0,0,0,0,0,0,0,0,0,0,0,0,0,0,0,0,0,0,0,0,0,0,0,0,0,0,0,0,0,0,0,0,0,0,0,0,0,0,0,0,0,0,0,0,0,0,0,0,0,0,0,0,0,0,0,0,0,0,0,0,0,0,0,0,0,0,0,0,0,0,0,0,0,0,0,0,0,0,0,0,0,0,0,0,0,0,0,0,0,0,0,0,0,0,0,0,0,0,0,0,0,0,0,0,0,0
SSC70279,0,0,0,0,0,0,0,0,0,0,0,0,0,0,3,4,0,0,0,0,0,0,0,0,0,0,0,0,0,0,0,5,0,4,0,0,0,0,0,0,0,0,0,0,0,0,0,0,0,0,0,3,0,0,0,0,0,0,0,0,0,0,0,0,0,0,0,0,0,3,0,0,0,0,0,0,0,0,0,0,0,0,0,0,0,0,0,0,0,0,0,0,0,0,0,0,0,0,0,0,0,0,0,57,48,102
SSC70280,38,10,10,22,16,8,24,14,12,26,13,14,22,67,69,133,11,8,22,12,8,20,8,9,17,5,13,16,10,7,15,46,41,85,6,7,17,10,12,20,14,11,20,7,7,15,6,5,16,40,45,84,10,9,21,8,3,11,3,6,11,4,0,8,3,8,10,28,28,57,8,0,7,3,0,3,5,0,3,5,6,13,5,0,6,22,9,29,11,3,18,4,3,8,3,3,3,0,0,0,0,0,0,952,923,1876
SSC70281,3,3,6,8,4,4,7,0,5,7,5,0,5,14,16,25,0,3,0,3,0,3,0,3,6,0,0,3,0,0,3,6,7,17,0,0,3,0,0,0,0,0,0,0,0,0,0,0,3,0,6,9,0,0,0,0,0,0,0,0,0,0,0,0,0,0,0,0,0,0,0,0,0,0,0,3,0,0,0,0,0,0,0,0,0,0,0,3,0,0,0,0,0,0,0,0,0,0,0,0,0,0,0,206,188,389
SSC70282,0,0,4,3,0,0,0,0,0,0,0,0,0,3,7,7,0,3,3,0,0,0,0,0,0,0,0,0,0,0,0,0,3,3,0,0,3,0,0,3,0,0,0,0,0,0,0,0,0,3,0,3,0,0,0,0,0,0,0,0,0,0,0,0,0,0,0,0,0,3,0,0,0,3,0,3,0,0,0,0,0,0,0,0,0,3,0,3,0,0,0,0,0,0,0,0,0,0,0,0,0,0,0,87,68,157
SSC70283,0,0,0,0,0,3,0,0,0,0,0,0,3,3,3,6,0,0,0,0,0,0,0,0,3,0,0,0,0,0,0,3,3,9,0,0,0,0,0,0,0,0,0,0,0,0,0,0,0,0,3,6,0,0,0,0,0,0,0,0,0,0,0,0,0,0,0,0,0,3,0,0,0,0,0,0,0,0,0,0,0,0,0,0,0,0,0,3,0,0,0,0,0,0,0,0,0,0,0,0,0,0,0,38,30,69
SSC70284,8,0,0,0,4,0,4,0,0,0,0,0,0,5,8,14,0,4,5,0,0,0,0,4,4,0,4,3,0,0,0,3,9,14,5,0,5,0,0,3,0,0,0,0,0,0,3,0,6,10,7,11,0,0,6,0,0,0,0,0,0,0,0,0,0,0,3,0,4,9,0,0,3,0,0,0,0,0,0,0,0,0,0,0,0,0,6,9,0,3,3,0,0,3,0,0,0,0,0,0,0,0,0,333,353,683
SSC70285,3,3,4,4,5,3,11,0,4,3,3,3,4,14,16,32,3,0,3,8,5,13,3,0,3,0,4,4,0,3,3,20,6,26,3,0,5,0,0,3,0,3,7,0,0,0,0,3,3,7,8,17,6,0,8,0,0,0,0,0,0,3,0,4,0,0,0,7,6,11,0,0,0,0,0,0,0,0,0,0,0,0,0,0,0,4,0,3,0,0,0,0,3,3,0,0,0,0,0,0,0,0,0,124,117,238
SSC70286,6,3,0,3,8,0,8,7,0,7,6,0,6,24,0,26,3,0,3,3,0,3,4,0,4,0,0,0,3,0,3,16,0,16,0,0,0,0,0,0,0,0,0,0,0,0,0,0,0,0,0,0,0,0,0,0,0,0,0,0,0,0,0,0,0,0,0,0,0,0,0,0,0,0,0,0,0,0,0,0,0,0,0,0,0,0,0,0,0,0,0,0,0,0,0,0,0,0,0,0,0,0,0,262,5,268
SSC70287,3,0,0,0,0,0,3,0,0,0,6,0,5,6,7,10,0,3,3,0,4,4,0,0,0,0,0,0,0,0,0,0,8,8,0,0,0,0,0,0,0,0,0,0,0,0,0,0,0,0,3,0,0,0,0,0,0,0,0,0,0,0,0,0,0,0,0,0,5,3,0,0,0,0,0,0,0,0,0,0,0,0,0,0,0,0,0,0,0,0,0,0,0,0,0,0,0,0,0,0,0,0,0,132,172,301
SSC70288,3,0,0,0,0,0,0,0,0,0,0,0,0,5,4,4,3,0,3,0,0,0,0,0,0,0,0,0,0,0,0,3,0,3,0,0,0,0,0,0,0,0,0,0,0,0,0,0,0,0,0,0,0,3,3,0,0,0,0,0,0,0,0,0,0,0,0,0,3,3,0,0,0,0,0,0,0,0,0,0,0,0,0,0,0,0,0,0,0,0,0,0,0,0,0,0,0,0,0,0,0,0,0,43,53,95
SSC70289,0,0,0,0,0,0,0,0,0,0,0,0,0,0,0,0,0,0,0,0,0,0,0,0,0,0,0,0,0,0,0,0,0,3,0,0,0,0,0,0,0,0,0,0,0,0,0,0,0,0,0,0,0,0,0,0,0,0,0,0,0,0,0,0,0,0,0,0,0,0,0,0,0,0,0,0,0,0,0,0,0,0,0,0,0,0,0,0,0,0,0,0,0,0,0,0,0,0,0,0,0,0,0,69,64,136
SSC70290,5,3,0,9,0,0,3,3,0,3,4,4,6,16,12,28,3,3,9,5,0,5,5,0,5,9,6,13,0,0,3,27,11,36,8,0,5,0,0,0,0,0,3,9,0,9,0,0,0,20,0,20,0,0,0,0,0,0,0,0,0,0,0,0,3,0,3,4,3,10,0,0,0,0,0,0,0,0,0,0,0,0,0,0,0,0,0,0,0,0,0,0,0,0,0,0,0,0,0,0,0,0,0,143,64,208
SSC70291,0,0,0,0,0,0,0,0,0,0,0,0,0,0,0,0,0,0,0,0,0,0,0,0,0,0,0,0,0,0,0,0,0,0,0,0,0,0,0,0,0,0,0,0,0,0,0,0,0,0,0,0,0,0,0,0,0,0,0,0,0,0,0,0,0,0,0,0,0,0,0,0,0,0,0,0,0,0,0,0,0,0,0,0,0,0,0,0,0,0,0,0,0,0,0,0,0,0,0,0,0,0,0,0,0,0
SSC70292,35,28,29,51,14,13,30,16,9,29,10,15,29,82,88,166,14,10,26,13,14,34,10,9,27,7,18,22,12,0,14,67,58,123,14,10,25,8,12,20,8,10,13,4,10,15,6,9,19,43,44,90,5,0,9,6,0,6,6,3,9,4,3,6,3,6,9,24,17,43,5,3,10,3,3,10,4,4,6,3,0,7,5,3,3,20,12,30,5,9,13,4,0,7,0,0,3,0,0,0,0,0,0,1608,1625,3233
SSC70293,8,6,0,11,0,8,7,0,0,0,0,4,4,11,16,28,4,4,9,4,0,3,5,4,9,3,3,6,8,3,12,28,13,41,0,3,3,5,0,7,0,0,0,0,5,6,3,0,7,9,13,18,0,0,3,0,0,0,0,0,0,0,3,5,0,0,0,4,3,10,3,0,3,0,3,4,0,0,0,0,0,0,0,0,0,6,0,8,3,3,3,0,0,0,0,0,0,0,0,0,0,0,0,491,435,930
SSC70294,40,17,8,18,14,12,27,10,10,24,3,12,22,60,65,125,6,18,26,12,13,28,15,16,31,15,11,28,18,10,28,65,65,130,14,18,24,8,10,18,18,11,25,6,13,17,6,8,17,48,52,100,13,3,15,5,3,11,9,3,14,3,6,10,4,6,10,31,26,59,8,0,5,0,5,9,3,0,5,4,3,4,3,3,5,20,20,35,5,3,9,0,3,6,0,3,3,0,0,0,0,0,0,1232,1203,2435
SSC70295,18,3,10,11,12,3,16,3,13,11,8,7,10,28,37,66,6,13,19,4,4,13,9,3,13,3,3,11,3,5,8,31,29,58,3,7,11,5,0,4,3,11,16,0,3,7,3,4,11,18,25,43,7,0,3,3,0,3,0,0,0,0,0,0,0,0,0,10,3,12,0,0,3,0,0,0,0,0,3,0,0,0,0,0,0,3,3,3,3,5,9,0,3,3,0,0,0,0,0,0,0,0,0,784,782,1563
SSC70296,0,0,0,0,0,0,0,0,0,0,0,0,0,0,0,0,0,0,0,0,0,0,0,4,4,0,0,0,0,0,0,0,4,4,0,0,0,0,0,0,0,0,0,0,0,0,0,0,0,0,4,6,0,0,0,0,0,0,0,0,0,0,0,0,0,0,0,3,0,3,0,0,0,0,0,0,0,0,0,0,0,0,0,0,0,0,0,0,0,0,0,0,0,0,0,0,0,0,0,0,0,0,0,76,96,166
SSC70297,6,0,0,0,0,0,0,0,0,0,0,0,0,0,7,11,0,0,0,0,0,3,0,0,3,0,0,0,0,0,0,0,3,7,0,0,0,0,0,0,0,3,3,3,0,3,0,0,0,3,5,10,0,0,0,0,0,0,0,0,0,0,0,0,0,0,0,0,0,0,0,0,0,0,0,0,0,0,0,0,0,0,0,0,0,0,0,0,0,3,4,0,0,0,0,0,0,0,0,0,0,0,0,142,152,293
SSC70298,0,0,0,0,0,0,0,0,0,0,0,0,0,0,0,3,0,0,0,0,0,0,0,0,0,0,0,0,0,0,0,0,0,0,0,0,0,3,0,3,0,0,0,0,0,0,0,0,0,3,0,3,3,0,3,0,0,0,0,0,0,0,0,0,0,0,0,3,0,3,0,0,0,0,0,0,0,3,3,0,0,0,0,0,0,0,6,6,0,0,0,0,0,0,0,0,0,0,0,0,0,0,0,25,11,32
SSC70299,3,3,5,6,3,3,9,3,0,5,6,5,8,16,19,31,0,0,0,0,10,8,0,4,4,0,3,3,0,0,0,8,15,23,4,0,4,0,0,0,4,0,3,0,4,6,0,0,0,13,9,14,3,3,5,0,0,3,0,0,0,0,0,0,0,0,0,3,3,9,0,0,0,0,0,0,0,0,0,0,0,0,0,0,0,0,0,0,4,0,4,0,0,0,0,0,0,0,0,0,0,0,0,381,431,809
SSC70300,0,0,0,0,0,0,0,0,0,0,3,0,3,4,3,9,0,3,3,0,0,0,0,0,0,0,0,0,0,0,0,3,3,3,0,3,0,0,0,0,0,0,0,0,0,0,0,0,0,0,7,10,3,0,7,0,0,0,0,0,0,0,0,0,0,0,0,3,3,3,3,0,3,0,0,0,0,0,0,0,0,0,0,0,0,3,0,3,0,0,0,0,0,0,0,0,0,0,0,0,0,0,0,113,106,220
SSC70301,15,3,8,11,3,0,3,3,4,3,0,3,3,18,20,33,5,0,8,3,0,3,0,5,5,0,3,3,0,3,6,9,15,21,0,0,4,0,0,0,0,0,0,0,0,0,0,0,0,3,3,3,0,3,3,0,0,0,0,0,0,0,0,0,0,0,0,0,6,5,0,0,0,0,0,0,0,0,0,0,0,0,0,0,0,0,0,3,0,4,4,0,0,0,0,0,0,0,0,0,0,0,0,355,403,759
SSC70302,18,8,5,13,6,7,14,9,3,11,12,6,20,53,24,76,0,3,7,7,4,12,3,3,8,3,0,7,0,3,4,21,14,37,0,0,4,6,0,6,4,3,7,0,0,3,0,0,0,11,3,11,0,3,3,0,0,3,0,0,0,0,0,0,0,0,0,3,3,5,0,0,0,0,0,0,0,0,0,0,0,0,0,0,0,0,3,3,0,0,0,0,0,0,0,0,0,0,0,0,0,0,0,603,497,1099
SSC70303,0,10,0,10,0,4,5,0,0,0,3,0,3,15,7,23,3,0,3,3,0,3,0,0,0,0,0,0,3,3,7,15,8,17,0,0,0,0,0,0,0,0,0,0,0,0,0,0,0,3,0,0,0,0,0,0,0,0,0,0,0,0,0,0,0,0,0,0,0,3,0,0,0,0,0,0,0,0,0,0,0,0,0,0,0,0,0,0,0,0,0,0,0,0,0,0,0,0,0,0,0,0,0,567,561,1129
SSC79494,38,23,31,51,20,31,51,24,16,40,22,10,25,110,100,215,19,26,48,19,21,42,21,23,45,29,26,54,22,16,46,118,107,223,29,10,43,21,24,47,23,6,36,12,21,32,29,4,32,119,67,189,16,15,28,12,6,22,11,6,14,8,0,8,13,8,17,56,30,86,6,9,8,5,0,5,4,3,8,8,0,8,0,0,5,24,8,30,3,0,3,0,0,0,0,0,0,0,0,0,0,0,0,1332,1157,2489
SSC79797,3,0,0,0,0,0,0,0,0,0,0,0,0,0,0,0,0,0,0,3,0,3,0,0,0,0,0,0,0,0,0,3,0,3,0,0,0,0,0,0,0,0,0,0,0,0,0,0,0,0,0,0,0,0,0,0,0,0,0,0,0,0,0,0,0,0,0,0,0,0,0,0,0,0,0,0,0,3,3,0,0,0,0,0,0,0,3,3,0,0,0,0,0,0,0,0,0,0,0,0,0,0,0,61,14,70
