SSC_CODE_2016,Buddhism_M,Buddhism_F,Buddhism_P,Christianity_Anglican_M,Christianity_Anglican_F,Christianity_Anglican_P,Christianity_Asyrin_Apstlic_M,Christianity_Asyrin_Apstlic_F,Christianity_Asyrin_Apstlic_P,Christianity_Baptist_M,Christianity_Baptist_F,Christianity_Baptist_P,Christianity_Brethren_M,Christianity_Brethren_F,Christianity_Brethren_P,Christianity_Catholic_M,Christianity_Catholic_F,Christianity_Catholic_P,Christianity_Church_Christ_M,Christianity_Church_Christ_F,Christianity_Church_Christ_P,Christianity_Eastrn_Orthdox_M,Christianity_Eastrn_Orthdox_F,Christianity_Eastrn_Orthdox_P,Christinty_Jehvahs_Witnses_M,Christinty_Jehvahs_Witnses_F,Christinty_Jehvahs_Witnses_P,Christianity_Lattr_day_Snts_M,Christianity_Lattr_day_Snts_F,Christianity_Lattr_day_Snts_P,Christianity_Lutheran_M,Christianity_Lutheran_F,Christianity_Lutheran_P,Christianity_Orintal_Orthdx_M,Christianity_Orintal_Orthdx_F,Christianity_Orintal_Orthdx_P,Christianity_Othr_Protestnt_M,Christianity_Othr_Protestnt_F,Christianity_Othr_Protestnt_P,Christianity_Pentecostal_M,Christianity_Pentecostal_F,Christianity_Pentecostal_P,Christinty_Prsbytrin_Refrmd_M,Christinty_Prsbytrin_Refrmd_F,Christinty_Prsbytrin_Refrmd_P,Christianity_Salvation_Army_M,Christianity_Salvation_Army_F,Christianity_Salvation_Army_P,Christnty_Sevnth_dy_Advntst_M,Christnty_Sevnth_dy_Advntst_F,Christnty_Sevnth_dy_Advntst_P,Christianity_Uniting_Church_M,Christianity_Uniting_Church_F,Christianity_Uniting_Church_P,Christianity_Christian_nfd_M,Christianity_Christian_nfd_F,Christianity_Christian_nfd_P,Christianity_Othr_Christian_M,Christianity_Othr_Christian_F,Christianity_Othr_Christian_P,Christianity_Tot_M,Christianity_Tot_F,Christianity_Tot_P,Hinduism_M,Hinduism_F,Hinduism_P,Islam_M,Islam_F,Islam_P,Judaism_M,Judaism_F,Judaism_P,Othr_Rel_Aust_Abor_Trad_Rel_M,Othr_Rel_Aust_Abor_Trad_Rel_F,Othr_Rel_Aust_Abor_Trad_Rel_P,Othr_Rel_Sikhism_M,Othr_Rel_Sikhism_F,Othr_Rel_Sikhism_P,Othr_Reln_Other_reln_groups_M,Othr_Reln_Other_reln_groups_F,Othr_Reln_Other_reln_groups_P,Other_Religions_Tot_M,Other_Religions_Tot_F,Other_Religions_Tot_P,SB_OSB_NRA_NR_M,SB_OSB_NRA_NR_F,SB_OSB_NRA_NR_P,SB_OSB_NRA_SB_M,SB_OSB_NRA_SB_F,SB_OSB_NRA_SB_P,SB_OSB_NRA_OSB_M,SB_OSB_NRA_OSB_F,SB_OSB_NRA_OSB_P,SB_OSB_NRA_Tot_M,SB_OSB_NRA_Tot_F,SB_OSB_NRA_Tot_P,Religious_affiliation_ns_M,Religious_affiliation_ns_F,Religious_affiliation_ns_P,Tot_M,Tot_F,Tot_P
SSC70001,14,7,23,41,53,94,0,0,0,8,0,6,0,0,0,72,76,150,0,0,0,4,7,11,0,0,0,0,0,4,0,3,4,0,0,0,0,0,0,3,6,8,6,7,6,0,3,0,0,0,0,13,5,20,6,8,19,0,0,0,154,166,319,0,0,0,0,0,0,0,0,0,0,0,0,0,0,0,0,0,0,0,0,0,138,103,240,0,3,3,0,0,0,134,107,242,58,50,110,367,328,694
SSC70002,3,0,8,17,32,52,0,0,0,0,0,0,0,0,0,27,44,71,0,0,0,0,0,0,0,0,0,0,0,0,0,0,0,0,0,0,0,0,0,0,0,0,10,3,10,0,0,0,0,0,0,6,5,14,0,0,0,0,0,0,62,90,151,0,0,0,0,0,0,0,0,0,8,7,21,0,0,0,0,3,3,10,14,22,67,44,110,0,0,0,0,0,0,74,44,115,34,28,64,183,174,353
SSC70003,33,48,85,66,75,142,0,0,0,16,24,32,0,0,0,213,245,453,0,0,0,70,51,114,0,3,3,0,0,3,8,3,11,0,0,0,0,4,8,3,10,10,11,16,25,0,3,3,0,6,7,26,26,48,13,21,30,0,0,0,427,466,899,51,45,90,53,23,76,0,0,7,0,0,0,11,3,9,6,4,9,14,7,17,339,331,668,3,5,8,0,4,4,342,335,679,142,135,279,1067,1061,2127
SSC70004,0,0,0,4,3,3,0,0,0,138,159,293,0,0,0,3,6,8,0,0,0,0,0,0,0,0,0,0,0,0,10,3,7,0,0,0,0,0,0,0,0,0,0,0,0,0,0,0,0,0,0,0,0,0,7,3,3,0,0,0,158,168,327,0,0,0,0,0,0,0,0,0,0,0,0,0,0,0,0,0,0,0,0,0,53,41,91,0,0,0,0,0,0,53,41,91,40,34,77,247,243,494
SSC70005,9,4,8,3,3,9,0,0,0,0,6,6,0,0,0,28,24,49,0,0,0,0,0,0,0,0,0,0,3,5,3,9,10,0,0,0,0,0,0,3,3,5,0,0,3,0,0,0,0,0,0,8,3,10,0,3,5,0,0,0,45,58,107,4,4,12,0,0,0,0,0,0,0,0,0,0,0,0,0,0,0,0,0,0,39,28,65,0,0,0,0,0,0,39,28,65,60,49,111,154,141,300
SSC70006,0,0,0,3,0,8,0,0,0,129,126,254,0,0,0,3,4,6,0,0,0,0,0,0,0,0,0,0,0,0,0,0,0,0,0,0,0,0,3,0,0,0,0,0,0,0,0,0,0,0,0,0,0,0,4,3,6,0,0,0,140,134,273,0,0,0,0,0,0,0,0,0,0,0,0,0,0,0,0,0,0,0,0,0,64,54,119,0,0,0,0,0,0,64,54,119,14,14,27,217,208,420
SSC70007,0,7,7,60,68,125,0,0,0,8,10,14,0,0,0,109,81,193,0,3,3,0,0,0,0,0,0,0,0,0,0,0,0,0,0,0,0,0,0,10,8,19,8,0,13,0,0,0,0,0,0,13,14,28,19,5,27,0,0,0,232,196,426,7,6,12,0,0,0,0,0,0,0,0,0,0,0,0,0,0,4,3,0,5,168,135,308,0,0,0,0,0,0,168,135,308,79,39,113,496,381,873
SSC70008,0,0,0,3,0,3,0,0,0,0,0,0,0,0,0,79,113,184,0,0,0,0,0,0,0,0,0,0,0,0,7,7,12,0,0,0,0,0,0,0,0,0,0,0,0,0,0,0,0,0,0,0,0,0,0,0,0,0,0,0,85,118,202,0,0,0,0,0,0,0,0,0,0,0,0,0,0,0,0,0,0,0,0,0,0,0,0,0,0,0,0,0,0,0,0,0,19,20,38,101,138,239
SSC70009,0,0,0,0,0,0,0,0,0,50,47,96,0,0,0,0,4,4,0,0,0,0,0,0,0,0,0,0,0,0,61,63,122,0,0,0,0,0,0,0,0,0,0,0,0,0,0,0,0,0,0,0,0,0,0,0,0,0,0,0,111,114,232,0,0,0,0,0,0,0,0,0,79,76,150,0,0,0,0,0,0,79,76,150,15,11,23,0,0,0,0,0,0,15,11,23,5,4,13,211,209,418
SSC70010,0,0,0,8,3,11,0,0,0,8,14,22,0,0,0,4,4,6,0,0,0,0,0,0,0,0,0,0,0,0,0,0,0,0,0,0,0,0,0,0,0,0,0,0,0,4,0,4,0,0,0,3,0,3,0,0,0,0,0,0,28,23,50,0,0,0,0,0,0,0,0,0,4,9,14,0,0,0,0,0,0,4,9,14,13,17,32,0,0,0,0,0,0,13,17,32,10,4,17,57,54,111
SSC70011,0,0,0,298,334,633,0,0,0,0,0,0,0,0,0,0,3,5,0,0,0,0,0,0,0,0,0,0,0,0,0,0,0,0,0,0,0,0,0,0,0,0,0,0,0,0,0,0,0,0,0,0,0,0,0,0,0,0,0,0,303,343,644,0,0,0,0,0,0,0,0,0,9,7,14,0,3,3,0,0,0,9,8,17,15,21,35,0,0,0,0,0,0,15,21,35,72,82,157,403,455,855
SSC70012,0,0,0,38,35,79,0,0,0,0,0,0,0,0,0,3,6,11,0,0,0,0,0,0,0,0,0,0,0,0,0,0,0,0,0,0,0,0,0,0,0,0,0,0,0,0,0,0,0,0,0,0,0,0,0,0,0,0,0,0,45,43,82,0,0,0,0,0,0,0,0,0,3,5,8,0,0,0,0,0,0,3,5,8,5,3,11,0,0,0,0,0,0,5,3,11,7,6,14,62,59,117
SSC70013,0,3,3,3,5,7,0,0,0,13,10,21,0,0,0,11,9,20,0,0,0,0,0,0,0,0,0,7,7,13,126,159,291,0,0,0,0,0,0,0,0,0,0,0,3,0,0,0,0,0,0,6,0,7,0,0,0,0,0,0,164,201,360,0,0,0,0,0,0,0,0,0,8,9,16,0,0,0,0,0,0,12,9,18,41,38,77,0,0,0,0,0,0,41,38,77,15,12,23,225,251,477
SSC70014,30,44,77,107,105,211,0,0,0,22,27,50,0,0,0,236,282,521,0,0,0,31,31,68,8,7,11,3,7,6,15,17,28,0,0,0,0,4,5,9,18,21,4,9,21,4,5,11,0,5,6,43,52,91,25,34,55,0,0,0,505,598,1109,14,18,34,17,9,31,0,0,0,3,0,3,3,3,5,7,3,8,15,4,14,439,372,811,4,5,13,0,0,0,445,380,826,135,136,267,1172,1199,2369
SSC70015,17,10,29,107,112,227,0,0,0,26,20,43,0,0,0,282,299,582,0,0,0,8,0,9,0,0,0,15,12,26,38,59,105,3,4,9,10,9,16,50,61,115,14,18,40,4,6,10,6,12,19,38,52,95,50,58,105,3,7,9,661,745,1402,19,17,29,18,21,40,0,0,0,0,0,3,12,6,24,3,7,14,22,22,38,408,390,803,4,8,9,0,0,0,417,395,809,179,179,357,1322,1386,2706
SSC70016,0,0,0,0,0,0,0,0,0,0,0,0,0,0,0,0,0,0,0,0,0,0,0,0,0,0,0,0,0,0,0,0,0,0,0,0,0,0,0,0,0,0,0,0,0,0,0,0,0,0,0,0,0,0,0,0,0,0,0,0,0,0,0,0,0,0,0,0,0,0,0,0,0,0,0,0,0,0,0,0,0,0,0,0,0,0,0,0,0,0,0,0,0,0,0,0,0,0,0,0,0,0
SSC70017,0,0,0,0,0,3,0,0,0,0,0,0,0,0,0,0,3,3,0,0,0,0,0,0,0,0,0,0,0,0,64,85,148,0,0,0,0,0,0,0,0,0,0,0,0,0,0,0,0,0,0,0,0,0,0,0,3,0,0,0,71,86,164,0,0,0,0,0,0,0,0,0,0,0,3,0,0,0,0,0,0,0,0,3,3,0,3,0,0,0,0,0,0,3,0,3,15,15,27,93,109,195
SSC70018,0,0,0,0,0,3,0,0,0,0,0,0,0,0,0,3,0,3,0,0,0,0,0,0,0,0,0,0,0,0,0,0,0,0,0,0,0,0,0,0,0,0,0,0,0,0,0,0,0,0,0,0,0,0,11,0,7,0,0,0,9,3,14,0,0,0,0,0,0,0,0,0,0,0,0,0,0,0,0,0,0,0,0,0,0,0,0,0,0,0,0,0,0,0,0,0,12,3,15,22,5,27
SSC70019,0,0,0,4,7,10,0,0,0,8,13,19,0,0,0,17,17,26,0,0,0,0,0,0,0,0,0,0,0,0,57,54,114,0,0,0,3,5,8,0,0,0,0,0,0,0,0,0,0,0,0,6,13,17,3,3,13,0,0,0,100,106,204,0,0,0,0,0,0,0,0,0,0,3,5,0,0,0,0,0,0,0,3,5,15,11,28,0,0,0,0,0,0,15,11,28,18,17,27,138,137,268
SSC70020,0,0,0,0,0,4,0,0,0,13,17,31,0,0,0,38,42,78,0,0,0,0,0,0,0,0,0,0,0,0,12,11,24,0,0,0,0,0,0,0,0,0,0,0,0,0,0,0,0,0,0,0,0,0,8,7,13,0,0,0,68,81,152,0,0,0,0,0,4,0,0,0,9,11,17,0,0,0,0,0,0,9,8,21,18,17,32,0,0,0,0,0,0,18,17,32,14,8,17,107,112,224
SSC70021,0,0,0,3,3,12,0,0,0,0,0,0,0,0,0,16,10,22,0,0,0,0,0,0,0,0,0,0,0,0,0,0,0,0,0,0,0,4,4,27,39,70,0,0,0,0,0,0,0,0,0,0,0,0,0,0,0,0,0,0,51,52,106,0,0,0,0,0,0,0,0,0,0,3,3,0,0,0,0,0,0,0,3,4,18,23,42,0,0,0,0,0,0,18,23,42,51,39,95,127,125,249
SSC70022,5,37,45,136,142,278,0,0,0,20,20,46,0,0,0,361,394,757,9,8,18,13,6,23,5,8,11,3,3,7,8,8,15,0,0,4,10,14,26,17,21,40,19,11,31,3,0,6,3,3,5,43,71,117,29,33,59,3,3,6,693,762,1457,31,24,52,19,26,42,0,0,0,0,0,0,14,20,39,0,7,3,21,22,41,611,533,1146,4,3,10,3,0,5,621,537,1157,141,136,278,1525,1543,3069
SSC70023,0,0,5,7,9,20,0,0,0,0,0,0,0,0,0,3,4,8,0,0,0,0,0,0,0,0,0,0,0,0,3,3,8,0,0,0,106,109,217,0,4,3,0,0,0,0,0,0,0,0,0,0,0,3,0,0,3,0,0,0,129,133,262,0,0,0,3,3,3,0,0,0,25,25,49,0,0,0,0,0,0,25,25,49,9,12,15,0,0,0,0,0,0,9,12,15,7,19,26,170,189,363
SSC70024,3,4,9,28,25,56,0,0,0,3,0,3,0,0,0,39,30,68,0,0,0,0,0,0,3,0,3,0,3,3,0,0,0,0,0,0,3,3,9,3,8,10,4,3,9,0,3,3,0,3,4,5,4,10,0,4,4,0,0,3,83,93,174,0,0,0,0,0,0,0,0,0,0,7,4,0,0,0,0,0,3,4,4,6,111,93,202,0,0,0,0,0,0,111,93,204,54,56,112,259,248,507
SSC70025,27,22,44,85,89,178,0,0,0,11,8,18,0,0,0,195,188,377,0,0,0,86,82,166,0,3,0,6,7,14,0,11,12,0,0,3,4,3,8,6,4,11,3,8,8,3,0,4,3,4,8,23,30,47,20,14,34,0,0,3,441,449,895,12,9,20,11,8,17,0,0,0,0,0,0,0,0,0,3,0,7,3,0,7,289,228,517,3,0,6,0,0,0,293,231,526,112,64,179,889,790,1683
SSC70026,4,6,13,48,53,109,0,0,0,0,3,3,0,0,0,78,89,164,0,0,0,4,9,9,0,0,0,0,0,0,0,0,3,0,0,0,0,0,0,0,0,0,10,5,17,5,4,13,0,0,0,18,22,42,6,10,19,0,0,0,174,198,369,0,0,0,0,0,0,0,0,0,0,0,0,0,0,0,4,0,3,4,0,3,204,149,357,0,0,0,0,0,0,200,152,355,52,42,91,439,400,838
SSC70027,16,27,43,104,98,201,0,0,0,16,20,35,0,0,0,276,298,577,3,0,7,28,21,47,0,4,10,3,0,6,4,7,11,0,0,0,5,7,8,28,38,71,17,17,33,7,3,10,7,4,13,35,36,72,29,37,68,0,0,0,560,599,1165,36,23,60,26,28,51,0,0,0,0,0,0,8,3,15,3,0,4,9,7,20,459,415,871,4,3,9,0,0,4,461,421,883,120,120,237,1229,1235,2458
SSC70028,0,0,0,0,3,5,0,0,0,0,0,0,0,0,0,18,10,28,0,0,0,0,0,0,0,0,0,0,0,0,0,0,0,0,0,0,18,18,35,0,0,0,0,0,0,0,0,0,0,0,0,0,3,3,0,0,0,0,0,0,36,31,72,0,0,0,0,0,0,0,0,0,45,36,86,0,0,0,0,0,0,45,36,86,3,6,7,0,0,0,0,0,0,3,6,7,7,0,7,92,71,164
SSC70029,3,3,9,24,15,42,0,0,0,4,3,11,0,0,0,71,70,144,0,3,7,20,12,38,0,0,0,0,0,0,0,0,0,0,0,0,0,6,6,11,15,22,10,3,12,0,0,0,3,0,7,12,15,21,24,17,35,0,0,0,179,160,337,12,3,14,5,8,12,0,0,0,4,3,7,0,0,0,3,0,0,8,3,8,132,98,229,0,0,0,0,0,0,132,98,232,91,82,176,425,361,789
SSC70030,8,7,23,55,61,116,0,0,0,3,0,3,0,0,0,76,86,160,0,0,0,0,0,3,0,3,3,0,0,0,0,0,0,0,0,0,4,0,8,0,3,4,7,0,5,0,0,0,0,0,0,10,15,23,8,15,30,0,0,0,171,181,357,0,0,0,0,0,0,0,0,0,0,0,0,0,0,0,3,7,4,3,3,7,186,127,316,6,0,7,0,3,4,193,134,325,61,44,109,438,375,818
SSC70031,0,0,0,3,0,3,0,0,0,0,0,0,0,0,0,9,8,16,0,0,0,0,0,0,0,0,0,0,0,0,0,0,0,0,0,0,84,97,181,14,14,25,0,0,0,0,0,0,0,0,0,0,3,3,0,0,0,0,0,0,107,119,229,0,0,0,0,0,0,0,0,0,23,23,48,0,0,0,0,0,0,23,23,48,32,20,57,0,0,0,0,0,0,31,20,56,81,116,204,246,284,531
SSC70032,0,0,0,0,0,0,0,0,0,0,0,0,0,0,0,0,0,0,0,0,0,0,0,0,0,0,0,0,0,0,0,0,0,0,0,0,0,0,0,0,0,0,0,0,0,0,0,0,0,0,0,0,0,0,0,0,0,0,0,0,0,0,0,0,0,0,0,0,0,0,0,0,0,0,0,0,0,0,0,0,0,0,0,0,0,0,0,0,0,0,0,0,0,0,0,0,3,0,4,3,3,3
SSC70033,0,0,0,0,0,4,0,0,0,5,6,10,0,0,0,6,4,13,0,0,0,0,0,0,0,0,0,0,0,0,0,0,0,0,0,0,6,11,14,4,13,15,0,0,0,0,0,0,0,0,0,0,0,0,3,3,4,0,0,0,18,34,54,0,0,0,0,0,0,0,0,0,0,0,0,0,0,0,0,0,0,0,0,0,76,51,130,0,0,0,0,0,0,76,51,130,4,3,6,104,94,190
SSC70034,0,0,0,3,0,6,0,0,0,0,0,3,0,0,0,5,7,6,0,0,0,0,0,0,0,0,0,0,0,0,0,0,0,0,0,0,0,0,0,3,0,4,0,0,0,0,0,0,0,0,0,0,0,0,0,0,0,0,0,0,11,9,18,4,0,4,0,0,0,0,0,0,0,0,0,0,0,0,0,0,0,0,0,0,26,14,44,0,0,0,0,0,0,28,14,40,16,10,23,55,32,86
SSC70035,0,0,0,0,0,0,0,0,0,0,0,0,0,0,0,0,0,0,0,0,0,0,0,0,0,0,0,0,0,0,0,0,0,0,0,0,0,0,0,0,0,0,0,0,0,0,0,0,0,0,0,0,0,0,0,0,0,0,0,0,0,0,0,0,0,0,0,0,0,0,0,0,0,0,0,0,0,0,0,0,0,0,0,0,0,0,0,0,0,0,0,0,0,0,0,0,0,0,0,0,0,0
SSC70036,0,0,0,6,0,4,0,0,0,0,0,0,0,0,0,11,4,11,0,0,0,0,0,0,0,0,0,0,0,0,0,0,0,0,0,0,0,0,0,0,0,0,0,0,0,0,0,0,0,0,0,0,0,0,0,0,0,0,0,0,15,10,21,0,0,0,0,0,0,0,0,0,0,0,0,0,0,0,0,0,0,0,0,0,7,9,14,0,0,0,0,0,0,7,9,14,3,3,10,26,21,41
SSC70037,0,0,3,20,20,44,0,0,0,3,4,9,0,0,0,36,22,52,0,0,0,0,0,0,3,3,4,0,0,0,4,3,9,0,0,0,75,77,160,4,10,19,3,3,9,0,0,0,0,0,3,10,16,22,0,3,4,0,0,0,163,158,325,0,0,0,0,0,4,0,0,0,0,0,0,0,0,0,0,0,0,0,0,0,230,211,437,0,0,0,0,0,0,230,211,437,51,49,101,455,423,871
SSC70038,0,0,0,3,0,5,0,0,0,0,0,0,0,0,0,0,0,3,0,0,0,0,0,0,0,0,0,0,0,0,0,0,0,0,0,0,0,0,0,0,0,0,0,0,0,0,0,0,0,0,0,0,0,0,0,0,0,0,0,0,4,4,6,0,0,0,0,0,0,0,0,0,11,10,18,0,0,0,0,0,0,11,10,18,3,9,12,0,0,0,0,0,0,3,9,12,23,20,39,36,35,73
SSC70039,9,15,30,140,124,265,0,0,0,39,49,93,0,0,0,252,281,531,0,0,0,6,3,10,0,3,6,0,0,4,66,65,131,0,0,0,18,20,34,21,40,61,16,31,49,3,7,6,5,13,21,67,84,157,32,50,84,3,3,9,677,770,1446,18,18,38,5,7,15,3,3,7,3,0,3,10,5,11,6,9,22,21,21,34,562,512,1077,4,4,12,0,0,3,571,519,1094,243,247,482,1554,1600,3149
SSC70040,27,41,62,41,37,83,0,0,0,3,0,6,0,0,0,104,124,235,0,3,3,38,29,72,0,0,0,0,0,0,0,3,3,7,7,16,3,7,12,7,5,10,3,6,11,0,0,0,3,4,7,15,15,29,15,12,32,0,0,0,249,264,517,50,20,72,33,16,49,0,0,0,0,0,0,11,4,16,3,4,9,8,9,22,174,171,339,6,3,7,0,0,0,176,172,352,119,77,196,671,605,1268
SSC70041,0,0,0,13,9,24,0,0,0,0,0,0,0,0,0,7,6,17,0,0,0,0,0,0,0,0,0,0,0,0,0,0,0,0,0,0,0,0,0,0,0,0,0,0,0,0,0,0,0,0,0,0,0,0,0,0,0,0,0,0,23,22,42,0,0,0,0,0,0,0,0,0,0,0,0,0,0,0,0,0,0,0,0,0,5,3,8,0,0,0,0,0,0,5,3,8,3,0,5,32,22,55
SSC70042,0,0,0,0,0,0,0,0,0,0,0,0,0,0,0,0,0,0,0,0,0,0,0,0,0,0,0,0,0,0,0,0,0,0,0,0,0,0,0,0,0,0,0,0,0,0,0,0,0,0,0,0,0,0,0,0,0,0,0,0,0,0,0,0,0,0,0,0,0,0,0,0,0,0,0,0,0,0,0,0,0,0,0,0,0,0,0,0,0,0,0,0,0,0,0,0,0,0,0,0,0,0
SSC70043,0,0,0,3,0,3,0,0,0,0,0,0,0,0,0,8,5,9,0,0,0,0,0,0,0,0,0,0,0,0,0,0,0,0,0,0,46,41,90,0,0,0,0,0,0,0,0,0,0,0,0,4,5,10,4,8,12,0,0,0,61,65,124,0,0,0,0,0,0,0,0,0,64,43,111,0,0,0,0,0,0,64,43,111,8,3,8,0,0,0,0,0,0,8,3,8,11,15,26,151,129,280
SSC70044,0,0,0,0,0,4,0,0,0,0,0,3,0,0,0,0,4,3,0,0,0,0,0,0,0,0,0,0,0,0,0,0,0,0,0,0,0,0,0,0,0,0,0,0,3,0,0,0,0,0,0,0,0,0,0,0,0,0,0,0,6,5,8,0,0,0,0,0,0,0,0,0,0,0,0,0,0,0,0,3,4,0,3,4,8,3,9,0,0,0,0,0,0,8,3,9,5,7,12,16,20,35
SSC70045,0,0,0,0,0,0,0,0,0,0,0,0,0,0,0,44,44,87,0,0,0,0,0,0,0,0,0,0,0,0,0,6,11,0,0,0,0,0,0,0,0,0,0,0,0,0,0,0,0,6,7,0,0,3,0,0,3,0,0,0,48,57,110,0,0,0,0,0,0,0,0,0,0,7,8,0,0,0,0,0,0,0,7,8,21,5,26,0,0,0,0,0,0,21,5,26,59,48,108,128,120,250
SSC70046,0,0,0,8,5,12,0,0,0,0,0,0,0,0,0,9,8,11,0,0,0,0,0,0,0,0,0,0,0,0,0,0,0,0,0,0,0,0,0,0,3,0,0,0,4,0,0,0,0,0,0,4,3,10,0,0,3,0,0,0,21,19,43,0,0,0,0,0,0,0,0,0,0,0,0,0,0,0,0,0,0,0,0,0,22,17,38,3,0,0,0,0,0,24,13,38,10,5,16,53,42,96
SSC70047,0,0,0,0,0,0,0,0,0,0,0,0,0,0,0,0,0,0,0,0,0,0,0,0,0,0,0,0,0,0,0,0,0,0,0,0,0,0,0,0,0,0,0,0,0,0,0,0,0,0,0,0,0,0,0,0,0,0,0,0,0,0,0,0,0,0,0,0,0,0,0,0,0,0,0,0,0,0,0,0,0,0,0,0,0,0,0,0,0,0,0,0,0,0,0,0,0,0,0,0,0,0
SSC70048,0,0,0,3,3,7,0,0,0,0,0,0,0,0,0,7,4,13,0,0,0,0,0,0,0,0,0,0,0,0,0,0,0,0,0,0,0,0,0,0,0,0,0,0,0,0,0,0,0,0,0,0,0,0,3,4,4,0,0,0,16,12,25,0,0,0,0,0,0,0,0,0,0,0,0,0,0,0,0,0,0,0,0,0,13,16,25,0,0,0,0,0,0,13,16,25,0,0,0,25,28,54
SSC70049,0,0,0,0,0,0,0,0,0,0,0,0,0,0,0,0,0,0,0,0,0,0,0,0,0,0,0,0,0,0,0,0,0,0,0,0,0,0,0,0,0,0,0,0,0,0,0,0,0,0,0,0,0,0,0,0,0,0,0,0,0,0,0,0,0,0,0,0,0,0,0,0,0,0,0,0,0,0,0,0,0,0,0,0,0,0,0,0,0,0,0,0,0,0,0,0,0,0,0,0,0,0
SSC70050,0,0,0,6,9,15,0,0,0,22,22,51,0,0,0,0,5,7,0,0,0,0,0,0,0,0,0,0,0,0,3,0,6,0,0,0,23,12,38,0,3,3,0,0,0,0,0,0,0,0,0,0,0,0,0,0,3,0,0,0,64,61,123,0,0,0,0,0,0,0,0,0,0,0,0,0,0,0,0,0,0,0,0,0,11,6,17,0,0,0,0,0,0,11,6,17,35,19,49,102,83,184
SSC70051,8,4,14,6,4,9,0,0,0,4,3,7,0,0,0,30,39,62,0,0,0,4,0,3,0,0,0,0,0,0,0,0,0,0,0,0,0,0,0,0,7,9,0,3,7,0,0,0,0,0,0,0,0,0,9,6,7,0,0,0,56,57,116,14,4,26,11,3,21,0,0,0,0,0,0,3,3,5,0,0,3,3,0,6,38,31,72,3,0,3,0,0,0,41,31,72,48,34,87,191,139,331
SSC70052,0,0,0,0,0,0,0,0,0,0,0,0,0,0,0,0,0,0,0,0,0,0,0,0,0,0,0,0,0,0,0,0,0,0,0,0,0,0,0,0,0,0,0,0,0,0,0,0,0,0,0,0,0,0,0,0,0,0,0,0,0,0,0,0,0,0,0,0,0,0,0,0,0,0,0,0,0,0,0,0,0,0,0,0,0,0,0,0,0,0,0,0,0,0,0,0,0,0,0,0,6,4
SSC70053,0,0,0,0,0,0,0,0,0,0,0,0,0,0,0,0,0,0,0,0,0,0,0,0,0,0,0,0,0,0,0,0,0,0,0,0,0,0,0,0,0,0,0,0,0,0,0,0,0,0,0,0,0,0,0,0,0,0,0,0,0,0,0,0,0,0,0,0,0,0,0,0,0,0,0,0,0,0,0,0,0,0,0,0,0,0,0,0,0,0,0,0,0,0,0,0,0,0,0,0,0,0
SSC70054,0,0,0,0,0,0,0,0,0,0,0,0,0,0,0,0,0,0,0,0,0,0,0,0,0,0,0,0,0,0,0,0,0,0,0,0,0,0,0,0,0,0,0,0,0,0,0,0,0,0,0,0,0,0,0,0,0,0,0,0,3,0,6,0,0,0,0,0,0,0,0,0,0,0,0,0,0,0,0,0,0,0,0,0,3,5,6,0,0,0,0,0,0,3,5,4,8,4,13,8,8,18
SSC70055,0,0,0,0,0,0,0,0,0,0,0,0,0,0,0,0,0,0,0,0,0,0,0,0,0,0,0,0,0,0,0,0,0,0,0,0,0,0,0,0,0,0,0,0,0,0,0,0,0,0,0,0,0,0,0,0,0,0,0,0,0,0,0,0,0,0,0,0,0,0,0,0,0,0,0,0,0,0,0,0,0,0,0,0,0,0,0,0,0,0,0,0,0,0,0,0,0,0,0,0,0,0
SSC70056,0,3,3,13,0,16,0,0,0,3,5,7,0,0,0,20,16,33,0,0,0,0,0,0,0,0,3,3,3,5,24,23,49,0,0,0,0,0,0,0,0,0,0,0,0,0,0,0,0,0,0,0,3,3,0,5,4,0,0,0,72,53,124,6,4,9,0,0,0,0,0,0,0,0,0,0,0,0,0,0,0,3,0,3,49,30,77,0,0,0,0,0,0,49,30,77,24,15,40,147,104,255
SSC70057,0,0,0,0,0,0,0,0,0,0,0,0,0,0,0,0,0,0,0,0,0,0,0,0,0,0,0,0,0,0,0,0,0,0,0,0,0,0,0,0,0,0,0,0,0,0,0,0,0,0,0,0,0,0,0,0,0,0,0,0,0,0,3,0,0,0,0,0,0,0,0,0,0,0,0,0,0,0,0,0,0,0,0,0,0,3,3,0,0,0,0,0,0,0,3,3,0,0,4,5,3,10
SSC70058,0,0,0,0,0,0,0,0,0,0,0,0,0,0,0,0,0,0,0,0,0,0,0,0,0,0,0,0,0,0,0,0,0,0,0,0,0,0,0,0,0,0,0,0,0,0,0,0,0,0,0,0,0,0,0,0,0,0,0,0,0,0,0,0,0,0,0,0,0,0,0,0,4,8,5,0,0,0,0,0,0,4,8,5,3,3,6,0,0,0,0,0,0,3,3,6,5,4,15,15,14,33
SSC70059,46,39,89,101,98,196,0,0,0,25,29,48,0,0,0,299,378,680,7,0,5,40,53,94,3,6,11,0,0,0,9,15,17,0,0,0,10,10,17,8,12,25,18,17,39,0,0,3,3,4,6,37,41,81,28,41,71,0,4,3,597,701,1298,91,81,177,49,35,88,0,0,0,0,0,4,24,18,43,5,7,10,30,28,60,449,411,854,3,0,3,4,4,7,455,418,866,249,230,474,1518,1534,3050
SSC70060,0,0,0,0,0,0,0,0,0,0,0,0,0,0,0,0,0,0,0,0,0,0,0,0,0,0,0,0,0,0,0,0,0,0,0,0,0,0,0,0,0,0,0,0,0,0,0,0,0,0,0,0,0,0,0,0,0,0,0,0,0,0,0,0,0,0,0,0,0,0,0,0,0,0,0,0,0,0,0,0,0,0,0,0,0,0,0,0,0,0,0,0,0,0,0,0,0,3,4,3,4,4
SSC70061,8,8,18,30,27,57,0,0,0,0,0,3,0,0,0,40,21,56,0,0,0,0,0,0,0,0,0,0,0,0,3,3,13,0,0,0,0,0,0,0,0,0,4,4,10,0,0,0,0,0,0,11,10,23,7,5,11,0,0,0,93,81,171,0,0,0,0,0,0,0,0,0,0,0,0,0,0,0,0,0,0,0,0,0,66,61,127,0,0,0,3,0,5,66,62,129,46,37,81,208,194,400
SSC70062,0,9,6,26,27,52,0,0,0,0,0,0,0,0,0,42,35,78,0,0,0,3,4,3,0,0,0,0,0,0,5,0,5,0,0,0,0,3,3,3,6,10,8,7,18,0,0,0,0,0,0,11,11,23,3,3,10,0,0,3,102,99,201,0,3,3,0,0,0,0,0,0,0,0,0,0,0,0,0,0,0,0,0,0,112,113,222,0,0,0,0,0,0,117,113,223,62,48,106,276,275,548
SSC70063,0,0,0,0,5,4,0,0,0,0,0,0,0,0,0,3,0,3,0,0,0,0,0,0,0,0,0,0,0,0,0,0,0,0,0,0,0,0,0,0,0,0,0,0,0,0,0,0,0,0,0,0,0,0,0,0,4,0,0,0,7,3,8,0,0,0,0,0,0,0,0,0,0,0,0,0,0,0,0,0,0,0,0,0,3,3,9,0,0,0,0,0,0,3,3,9,4,0,4,18,10,20
SSC70064,3,3,9,3,4,7,0,0,0,0,0,0,0,0,0,12,7,15,0,0,0,0,0,0,0,0,0,0,0,0,0,0,0,0,0,0,0,0,0,0,0,0,0,0,3,0,3,7,0,0,0,0,0,0,0,0,0,0,0,0,16,17,41,0,0,0,0,0,0,0,0,0,0,0,0,0,0,0,0,0,0,0,0,0,10,6,23,0,0,0,0,0,0,10,6,23,9,7,12,39,36,78
SSC70065,3,6,8,67,77,150,0,0,0,3,9,13,0,0,0,136,133,275,0,3,3,0,0,0,0,3,11,0,0,0,0,0,0,0,0,0,32,35,66,9,3,6,17,13,24,3,0,3,0,0,0,14,25,34,24,34,56,0,0,0,314,333,644,0,0,0,0,0,0,0,0,0,0,0,0,0,0,0,0,0,0,0,0,0,179,169,348,3,0,3,0,0,0,187,169,354,120,88,209,623,596,1223
SSC70066,0,0,0,0,0,0,0,0,0,0,0,0,0,0,0,3,0,3,0,0,0,0,0,0,0,0,0,0,0,0,0,0,0,0,0,0,0,0,0,0,0,0,0,0,0,0,0,0,0,0,0,0,0,0,0,0,0,0,0,0,4,0,4,0,0,0,0,0,0,0,0,0,0,0,0,0,0,0,0,0,0,0,0,0,3,0,3,0,0,0,0,0,0,3,0,3,5,3,3,12,3,12
SSC70067,3,0,3,0,0,0,0,0,0,0,0,0,0,0,0,0,0,0,0,0,0,0,0,0,0,0,0,0,0,0,0,0,0,0,0,0,0,0,0,0,0,0,0,0,0,0,0,0,0,0,0,0,0,0,0,0,0,0,0,0,0,0,3,0,0,0,0,0,0,0,0,0,0,0,0,0,0,0,0,0,0,0,0,0,4,3,10,0,0,0,0,0,0,4,3,10,4,0,4,15,5,15
SSC70068,0,0,0,6,5,6,0,0,0,0,0,0,0,0,0,12,7,13,0,0,0,0,0,0,0,0,0,0,0,0,0,0,0,0,0,0,0,0,0,0,0,0,0,0,0,0,0,0,0,0,0,3,0,3,0,0,0,0,0,0,20,6,28,0,0,0,0,0,0,0,0,0,0,0,0,0,0,0,0,0,0,0,0,0,11,0,10,0,0,0,0,0,0,11,0,10,3,0,6,35,9,45
SSC70069,0,0,0,0,0,0,0,0,0,22,21,49,0,0,0,0,0,0,0,0,0,0,0,0,0,0,0,0,0,0,0,0,0,0,0,0,0,0,0,0,0,0,0,0,0,0,0,0,0,0,0,0,0,0,0,0,0,0,0,0,22,21,49,0,0,0,0,0,0,0,0,0,64,54,120,0,0,0,0,0,0,64,54,120,8,10,20,0,0,0,0,0,0,8,10,20,27,23,46,129,110,242
SSC70070,0,0,0,0,0,0,0,0,0,0,0,0,0,0,0,0,0,0,0,0,0,0,0,0,0,0,0,0,0,0,0,0,0,0,0,0,0,0,0,0,0,0,0,0,0,0,0,0,0,0,0,0,0,0,0,0,0,0,0,0,0,0,0,0,0,0,0,0,0,0,0,0,0,0,0,0,0,0,0,0,0,0,0,0,0,0,0,0,0,0,0,0,0,0,0,0,0,0,0,0,0,0
SSC70071,0,6,8,0,3,7,0,0,0,3,0,3,0,0,0,21,22,39,0,0,0,0,0,0,0,0,0,0,0,0,0,0,3,0,0,0,0,0,0,0,0,0,0,0,0,0,0,0,0,0,0,0,4,8,0,0,0,0,0,0,32,30,57,0,0,0,0,0,0,0,0,0,0,0,0,0,0,0,0,0,0,0,0,0,31,21,50,0,0,0,0,0,0,31,21,50,8,7,10,61,62,127
SSC70072,0,0,0,0,0,0,0,0,0,0,0,0,0,0,0,0,3,3,0,0,0,0,0,0,0,0,0,0,0,0,0,0,0,0,0,0,0,0,0,0,0,0,0,0,0,0,0,0,0,0,0,0,0,0,0,0,0,0,0,0,0,3,3,0,0,0,0,0,0,0,0,0,0,0,0,0,0,0,0,0,0,0,0,0,0,3,4,0,0,0,0,0,0,0,3,4,3,0,3,7,4,9
SSC70073,148,128,275,230,176,407,0,0,0,30,36,60,0,0,0,652,573,1220,3,0,3,51,43,96,4,3,8,5,3,3,14,19,35,4,3,4,14,14,35,16,19,31,38,37,82,0,3,3,3,5,6,60,55,117,66,50,116,0,3,3,1194,1031,2225,164,131,293,52,37,96,8,0,3,3,3,7,18,8,23,11,11,19,31,18,51,1314,950,2256,19,13,29,0,6,12,1331,965,2298,711,515,1228,3636,2836,6464
SSC70074,8,7,13,53,40,91,0,0,0,3,4,9,0,0,0,65,55,116,0,0,0,5,0,5,0,0,0,0,0,0,0,0,3,0,0,0,0,3,0,0,0,0,4,3,8,0,4,9,0,0,0,16,3,20,3,8,7,0,0,3,149,131,280,0,0,0,0,0,0,0,0,0,0,0,0,0,0,0,3,0,3,3,0,3,156,130,288,4,0,5,0,0,0,159,128,290,61,43,104,384,315,696
SSC70075,0,0,0,0,0,0,0,0,0,0,0,0,0,0,0,5,0,5,0,0,0,0,0,0,0,0,0,0,0,0,0,0,0,0,0,0,0,0,0,0,0,0,0,0,0,0,0,0,0,0,0,0,0,0,0,0,0,0,0,0,5,0,5,0,0,0,0,0,0,0,0,0,0,0,0,0,0,0,0,0,0,0,0,0,0,0,0,0,0,0,0,0,0,0,0,0,0,0,0,5,0,5
SSC70076,0,0,0,4,3,11,0,0,0,19,18,32,0,0,0,3,6,11,0,0,0,0,0,0,0,0,0,0,0,0,5,5,13,0,0,0,11,0,10,0,0,0,0,0,0,0,0,0,0,0,0,0,3,3,0,0,0,0,0,0,45,38,82,3,0,3,0,0,0,0,0,0,4,0,3,0,0,0,0,0,0,3,3,3,28,27,54,0,0,0,0,0,0,28,27,54,20,5,31,107,73,178
SSC70077,0,0,0,5,4,6,0,0,0,0,0,0,0,0,0,4,0,3,0,0,0,0,0,0,0,0,0,0,0,0,0,0,0,0,0,0,0,0,0,0,0,0,0,0,0,0,0,0,0,0,0,3,0,7,0,0,0,0,0,0,13,7,20,0,0,0,0,0,0,0,0,0,0,0,0,0,0,0,0,0,0,0,0,0,5,7,6,0,0,0,0,0,0,5,7,6,3,3,7,19,15,37
SSC70078,13,21,33,61,66,129,0,0,0,8,12,22,0,0,0,165,162,330,0,0,0,7,3,11,3,0,5,4,4,13,18,15,37,0,3,5,0,5,5,8,10,10,19,19,31,0,0,0,4,3,6,22,35,54,20,14,32,0,3,7,341,363,703,13,9,23,0,0,4,0,0,0,0,0,0,0,3,3,3,4,10,3,7,9,259,241,501,3,3,3,0,0,0,265,240,505,94,97,198,739,740,1477
SSC70079,0,0,0,11,10,29,0,0,0,8,9,16,0,0,0,17,15,35,0,0,0,0,0,0,0,0,0,0,0,0,0,0,0,0,0,0,0,0,0,0,0,0,3,0,3,0,0,0,0,0,0,7,3,9,0,4,3,0,0,0,53,42,98,0,0,0,3,0,0,0,0,0,0,0,0,0,0,0,0,0,0,0,0,0,42,15,55,0,0,0,0,0,0,42,18,57,54,22,77,150,88,238
SSC70080,26,33,56,125,140,270,0,0,0,23,35,56,0,0,0,289,291,585,3,3,5,16,13,33,3,0,4,10,0,8,8,7,14,0,0,0,4,4,5,18,29,46,11,21,36,0,5,6,4,5,12,38,56,101,49,47,96,3,3,7,614,660,1279,28,30,58,6,11,11,0,0,0,0,0,0,3,3,5,3,0,8,13,5,13,561,464,1029,0,6,5,0,4,4,566,472,1041,225,195,426,1473,1409,2884
SSC70081,0,0,0,26,21,45,0,0,0,0,0,0,0,0,0,21,18,41,0,0,0,0,0,0,0,0,0,0,0,3,0,0,0,0,0,0,0,0,0,0,0,0,3,0,6,0,0,0,0,0,0,4,4,6,0,0,4,0,0,0,54,50,104,0,0,0,0,0,0,0,0,0,0,0,0,0,0,0,0,0,0,0,0,0,54,36,88,0,0,0,0,0,0,54,36,88,10,5,14,112,93,207
SSC70082,0,0,0,13,4,10,0,0,0,0,0,0,0,0,0,10,5,18,0,0,0,0,0,0,0,0,0,0,0,0,0,0,0,0,0,0,0,0,0,0,0,0,0,0,4,0,0,0,0,0,0,3,5,3,0,0,0,0,0,0,26,13,40,0,0,0,0,0,0,0,0,0,0,0,0,0,0,0,0,0,0,0,0,0,21,5,30,0,0,0,0,0,0,21,10,29,11,7,17,62,25,86
SSC70083,4,0,3,4,0,6,0,0,0,0,0,0,0,0,0,9,5,17,0,0,0,0,0,0,0,0,0,0,0,0,0,0,0,0,0,0,0,0,0,0,0,0,0,0,0,0,0,0,0,0,0,0,0,0,0,0,3,0,0,0,16,9,23,0,0,0,0,0,0,0,0,0,0,0,0,0,0,0,0,0,0,0,0,0,23,10,36,0,0,0,0,0,0,23,10,36,3,3,7,41,29,73
SSC70084,28,36,65,185,204,387,0,0,0,37,31,70,0,0,0,370,378,746,5,0,5,27,27,50,9,5,16,3,3,10,12,22,39,0,4,6,6,9,18,27,43,63,14,38,53,0,0,0,6,4,11,48,67,115,52,61,114,4,0,4,796,903,1704,36,38,73,36,28,66,0,0,0,3,0,7,5,0,8,9,5,12,12,9,24,685,579,1265,3,3,12,0,0,0,695,581,1278,172,160,332,1772,1759,3537
SSC70085,0,0,0,0,0,0,0,0,0,0,0,0,0,0,0,0,0,0,0,0,0,0,0,0,0,0,0,0,0,0,0,0,0,0,0,0,0,0,0,0,0,0,0,0,0,0,0,0,0,0,0,6,0,6,0,0,0,0,0,0,6,0,9,0,0,0,0,0,0,0,0,0,0,0,0,0,0,0,0,0,0,0,0,0,0,0,0,0,0,0,0,0,0,0,0,0,3,0,3,8,0,13
SSC70086,0,0,0,5,0,3,0,0,0,0,0,0,0,0,0,14,15,22,0,0,0,0,0,0,0,0,0,0,0,0,0,0,0,0,0,0,0,0,0,0,0,0,0,0,0,0,0,0,0,0,0,287,296,578,14,3,14,0,0,0,313,311,624,0,0,0,0,0,0,0,0,0,95,89,184,0,0,0,0,0,0,93,89,182,13,8,22,0,0,0,0,0,0,13,8,22,87,92,180,505,501,1004
SSC70087,0,0,0,3,0,3,0,0,0,0,0,0,0,0,0,3,3,3,0,0,0,0,0,0,0,0,0,0,0,0,0,0,0,0,0,0,0,0,0,0,0,0,0,0,0,0,0,0,0,0,0,0,0,0,0,0,0,0,0,0,3,3,6,0,0,0,0,0,0,0,0,0,0,0,0,0,0,0,0,0,0,0,0,0,7,4,9,0,0,0,0,0,0,7,4,9,0,0,0,8,4,14
SSC70088,15,35,51,98,107,202,0,0,0,33,47,80,0,0,3,243,244,488,0,0,0,7,4,10,0,3,3,5,8,11,33,45,73,0,0,0,8,9,14,12,20,31,17,11,29,0,0,0,5,5,9,51,63,110,31,38,72,0,0,0,534,606,1140,17,27,40,6,3,11,0,4,9,0,0,0,4,6,12,4,10,8,4,12,23,578,658,1227,10,8,16,0,10,8,584,665,1251,193,202,401,1362,1555,2919
SSC70089,8,0,6,12,12,25,0,0,0,3,0,0,0,0,0,35,10,44,0,0,0,0,0,0,0,0,0,0,0,0,0,0,0,0,0,0,0,0,0,0,0,0,0,0,0,0,0,0,0,0,0,3,0,3,3,3,8,0,0,0,62,27,88,0,0,0,0,0,0,0,0,0,0,0,0,0,0,0,4,0,4,4,0,4,62,31,92,0,0,0,0,0,0,63,31,96,10,0,14,148,63,213
SSC70090,0,0,0,8,7,22,0,0,0,0,0,0,0,0,0,17,11,23,0,0,0,0,0,0,0,0,0,0,0,0,0,0,0,0,0,0,0,0,0,0,0,0,0,0,0,0,0,0,0,0,0,3,4,5,0,0,0,0,0,0,30,21,53,0,0,0,0,0,0,0,0,0,0,0,0,0,0,0,0,0,0,0,0,0,22,19,39,0,0,4,0,0,0,24,23,44,47,45,94,99,88,186
SSC70091,0,0,0,7,6,11,0,0,0,7,0,3,0,0,0,12,7,23,0,0,0,0,0,0,0,0,0,8,12,19,3,0,5,0,0,0,23,33,56,11,14,29,0,0,0,0,0,0,0,0,0,0,0,0,13,23,35,0,0,0,86,103,188,0,0,0,0,0,0,0,0,0,0,0,0,0,0,0,0,0,0,0,0,0,71,69,142,0,0,0,0,0,0,71,69,142,7,3,6,160,176,339
SSC70092,0,0,0,0,0,0,0,0,0,0,0,0,0,0,0,0,0,0,0,0,0,0,0,0,0,0,0,0,0,0,0,0,0,0,0,0,0,0,0,0,0,0,0,0,0,0,0,0,0,0,0,0,0,0,0,0,0,0,0,0,0,0,0,0,0,0,0,0,0,0,0,0,0,0,0,0,0,0,0,0,0,0,0,0,0,0,0,0,0,0,0,0,0,0,0,0,0,0,0,0,0,0
SSC70093,0,0,0,0,3,0,0,0,0,0,0,0,0,0,0,3,3,3,0,0,0,0,0,0,0,0,0,0,0,0,0,0,0,0,0,0,0,0,0,0,0,0,0,0,0,0,0,0,0,0,0,3,0,5,0,0,0,0,0,0,9,6,19,0,0,0,0,0,0,0,0,0,0,0,0,0,0,0,0,0,0,0,0,0,10,5,15,0,0,0,0,0,0,10,5,15,0,7,7,19,18,39
SSC70094,0,0,0,7,9,16,0,0,0,6,5,6,0,0,0,19,19,35,0,0,0,0,0,0,0,0,0,0,0,0,0,0,3,0,0,0,31,30,59,0,0,4,0,0,0,0,0,0,0,0,0,3,4,7,7,4,18,0,0,0,76,80,154,0,0,0,0,0,0,0,0,0,0,0,3,0,0,0,0,0,0,3,0,4,60,52,116,0,0,0,0,0,0,60,52,116,12,18,29,154,145,302
SSC70095,0,0,0,0,0,0,0,0,0,3,3,10,0,0,0,19,14,32,0,0,0,0,0,0,0,0,0,3,4,5,48,39,89,0,0,0,0,0,0,0,0,0,0,0,0,0,0,0,0,0,0,0,0,4,0,0,0,0,0,0,67,62,137,0,0,0,0,0,0,0,0,0,0,3,4,0,0,0,0,0,0,0,3,4,3,0,4,0,0,0,0,0,0,3,0,4,0,6,7,73,73,154
SSC70096,0,0,0,8,10,16,0,0,0,0,0,0,0,0,0,5,0,5,0,0,0,0,0,0,0,0,0,0,0,0,0,0,0,0,0,0,0,0,0,0,0,0,0,0,3,0,0,0,0,0,0,0,0,0,0,3,0,0,0,0,17,10,23,0,0,0,0,0,3,0,0,0,0,0,0,0,0,0,0,0,0,0,0,0,14,21,32,0,0,0,0,0,0,13,21,38,17,9,27,42,47,94
SSC70097,25,47,71,157,136,293,0,0,0,13,12,28,0,0,0,240,278,517,0,0,0,49,35,88,3,5,10,0,0,3,7,14,16,0,0,0,0,4,8,3,4,12,10,19,28,0,0,0,0,0,0,72,50,118,13,16,34,0,0,0,565,581,1146,17,10,29,8,10,16,0,0,0,0,0,0,3,4,7,10,11,22,15,19,35,495,466,958,7,4,11,3,4,5,504,473,979,174,179,351,1302,1318,2624
SSC70098,5,9,18,93,93,188,0,0,0,9,17,29,0,0,0,177,156,338,0,0,0,5,7,12,0,0,0,0,0,0,9,14,16,0,0,0,7,0,3,12,9,22,7,11,24,0,0,0,3,7,6,25,25,51,30,28,55,0,0,0,377,366,745,11,6,15,19,13,32,0,0,0,0,0,0,0,0,0,0,0,0,0,0,0,254,242,502,0,0,0,0,0,0,256,244,505,116,87,203,787,726,1518
SSC70099,0,0,0,0,0,0,0,0,0,0,0,0,0,0,0,6,0,6,0,0,0,0,0,0,0,0,0,0,0,0,10,7,21,0,0,0,0,0,0,0,0,3,0,0,0,0,0,0,18,21,36,7,18,23,4,0,4,0,0,0,48,43,93,0,0,0,0,0,0,0,0,0,0,0,0,0,0,0,0,0,0,0,0,0,20,11,33,0,0,0,0,0,0,20,11,33,36,30,66,101,93,192
SSC70100,0,0,0,3,3,7,0,0,0,0,0,0,0,0,0,5,4,11,0,0,0,0,0,0,0,0,0,0,0,0,0,0,0,0,0,0,0,0,0,0,0,0,0,0,0,0,0,0,4,0,4,0,0,0,0,0,0,0,0,0,11,8,20,0,0,0,0,0,0,0,0,0,0,0,0,0,0,0,0,0,0,0,0,0,14,6,18,0,0,0,0,0,0,14,6,18,13,10,23,40,23,64
SSC70101,0,0,0,11,3,12,0,0,0,0,0,0,0,0,0,5,6,13,0,0,0,0,0,0,0,0,0,0,0,0,0,3,4,0,0,0,0,0,0,0,0,0,0,0,0,0,0,0,0,0,0,0,3,5,0,0,0,0,0,0,24,17,41,0,0,0,0,0,0,0,0,0,0,0,0,0,0,0,0,0,0,0,0,0,18,15,33,0,0,0,0,0,0,18,12,31,14,11,25,52,43,97
SSC70102,0,0,0,10,12,20,0,0,0,0,0,0,0,0,0,10,4,15,0,0,0,0,0,0,0,0,0,0,0,0,0,0,0,0,0,0,0,0,0,0,0,0,0,0,3,3,0,4,0,0,0,3,3,6,0,4,6,0,0,0,34,24,59,0,0,0,0,0,0,0,0,0,0,0,0,0,0,0,0,0,0,0,0,0,38,33,64,0,0,0,0,0,0,35,33,68,24,19,42,90,75,166
SSC70103,0,0,0,3,0,4,0,0,0,0,0,0,0,0,0,8,0,8,0,0,0,0,0,0,0,0,0,0,0,0,0,0,0,0,0,0,0,0,0,0,0,0,0,0,0,0,0,0,0,0,0,0,0,0,0,0,0,0,0,0,12,3,16,0,0,0,0,0,0,0,0,0,0,0,3,0,0,0,0,0,0,0,0,3,8,0,8,0,0,0,0,0,0,8,0,8,19,3,19,43,8,48
SSC70104,0,0,0,3,0,4,0,0,0,3,4,8,0,0,0,0,9,9,0,0,0,0,0,0,0,0,0,0,0,0,3,3,5,0,0,0,0,0,0,0,0,0,0,0,0,0,0,0,0,0,0,0,0,0,0,0,0,0,0,0,10,15,25,0,0,0,0,0,0,0,0,0,11,11,17,0,0,0,0,0,0,11,11,17,20,24,42,0,0,0,0,0,0,20,24,42,8,9,21,45,57,103
SSC70105,0,0,0,0,0,0,0,0,0,0,0,0,0,0,0,0,0,0,0,0,0,0,0,0,0,0,0,0,0,0,0,0,0,0,0,0,0,0,0,0,0,0,0,0,0,0,0,0,0,0,0,0,0,0,0,0,0,0,0,0,0,0,0,0,0,0,0,0,0,0,0,0,0,0,0,0,0,0,0,0,0,0,0,0,5,4,9,0,0,0,0,0,0,5,4,9,8,4,9,19,9,24
SSC70106,5,0,8,19,11,24,0,0,0,0,3,3,0,0,0,20,16,36,0,0,0,0,0,0,0,0,0,0,0,0,0,0,0,0,0,0,4,5,6,0,0,0,3,3,8,0,0,0,0,3,3,965,948,1912,24,29,48,0,0,0,1030,1012,2043,0,0,0,0,0,0,0,0,0,22,24,42,0,0,0,0,0,0,22,24,42,22,19,40,0,0,0,0,0,0,22,19,40,38,37,74,1116,1093,2206
SSC70107,0,0,0,4,0,6,0,0,0,0,0,0,0,0,0,6,5,15,0,0,0,0,0,0,0,0,0,0,0,0,3,3,6,0,0,0,0,4,6,0,0,3,0,0,0,0,0,0,0,3,3,382,380,762,4,12,11,0,0,0,407,410,808,0,0,0,4,0,4,0,0,0,3,8,7,0,0,0,0,0,0,3,8,7,9,7,19,0,0,0,0,0,0,9,7,19,36,45,78,452,465,923
SSC70108,0,0,0,3,3,6,0,0,0,0,0,0,0,0,0,9,8,13,0,0,0,0,0,0,0,0,0,0,0,0,13,6,18,0,0,0,0,0,0,0,0,0,0,0,0,0,0,0,0,0,0,3,3,9,0,0,0,0,0,0,30,19,50,0,0,0,0,0,0,0,0,0,0,0,0,0,0,0,0,0,0,0,0,0,14,17,33,0,0,0,0,0,0,14,17,34,27,19,41,71,52,124
SSC70109,32,50,85,155,175,329,0,0,0,52,70,120,0,0,0,375,422,795,0,0,0,3,0,4,9,5,13,25,17,49,49,83,139,3,7,14,13,19,35,63,53,116,18,27,45,3,5,9,6,14,20,48,83,126,64,65,129,3,5,5,898,1055,1954,31,18,52,14,15,32,0,0,0,3,3,8,22,22,39,5,14,24,31,42,69,703,684,1388,5,3,12,4,3,7,720,694,1412,351,332,682,2074,2202,4278
SSC70110,11,13,19,124,122,246,0,0,0,6,10,20,0,0,0,131,141,269,0,0,0,8,5,20,0,7,7,3,5,6,7,12,16,0,0,0,0,3,3,3,0,6,15,10,24,3,5,6,0,0,0,40,44,91,14,21,35,0,0,0,364,385,751,0,0,0,0,0,0,0,0,0,0,0,0,0,0,0,3,3,3,3,3,3,396,286,686,5,3,11,0,0,0,399,294,690,93,78,169,868,770,1641
SSC70111,0,0,0,0,0,0,0,0,0,0,0,0,0,0,0,0,0,0,0,0,0,0,0,0,0,0,0,0,0,0,0,0,0,0,0,0,0,0,0,0,0,0,0,0,0,0,0,0,0,0,0,0,0,0,0,0,0,0,0,0,0,0,0,0,0,0,0,0,0,0,0,0,0,0,0,0,0,0,0,0,0,0,0,0,0,0,0,0,0,0,0,0,0,0,0,0,0,0,0,0,0,0
SSC70112,46,53,92,116,138,255,0,0,0,29,26,55,0,0,0,373,397,771,12,5,18,7,4,18,12,14,26,10,4,18,8,21,23,0,0,0,0,0,3,22,28,47,23,20,47,3,4,8,5,6,12,44,56,102,33,34,71,0,0,0,702,756,1454,21,22,41,13,23,31,0,0,0,0,3,3,7,4,11,5,6,15,18,15,29,569,488,1058,10,7,15,3,4,4,587,491,1077,270,281,553,1646,1635,3288
SSC70113,0,0,0,3,0,3,0,0,0,0,6,7,0,0,0,4,0,5,0,0,0,0,0,0,0,0,0,0,0,0,0,0,0,0,0,0,0,0,0,12,9,23,0,0,0,0,0,0,0,0,0,0,0,0,0,0,0,0,0,0,26,12,38,0,0,0,0,0,0,0,0,0,3,0,6,0,0,0,0,0,0,3,0,6,15,10,25,0,0,0,0,0,0,15,10,25,3,6,14,44,31,75
SSC70114,0,0,0,0,0,0,0,0,0,0,0,0,0,0,0,0,0,0,0,0,0,0,0,0,0,0,0,0,0,0,0,0,0,0,0,0,0,0,0,0,0,0,0,0,0,0,0,0,0,0,0,0,0,0,0,0,0,0,0,0,0,0,3,0,0,0,0,0,0,0,0,0,0,0,0,0,0,0,0,0,0,0,0,0,0,0,0,0,0,0,0,0,0,0,0,0,0,3,3,3,4,3
SSC70115,3,0,4,162,182,343,0,0,0,0,0,0,0,0,0,20,38,57,0,0,0,0,0,0,0,0,0,0,0,0,0,0,0,0,0,0,28,16,42,3,3,5,0,0,0,0,0,0,0,0,0,8,14,25,26,37,64,0,0,0,253,293,540,0,0,0,0,0,0,0,0,0,23,27,48,0,0,0,0,0,0,28,27,50,131,135,262,0,0,0,0,0,0,131,135,266,128,130,260,537,582,1116
SSC70116,22,31,48,141,161,298,0,0,0,18,27,44,0,0,0,305,321,619,0,0,0,23,25,47,3,6,10,0,0,0,14,17,29,0,0,0,0,4,7,20,27,43,29,31,59,0,0,0,0,0,3,38,49,89,34,35,76,3,0,3,636,700,1334,10,7,20,9,5,16,0,0,0,0,0,0,0,3,5,0,4,4,0,7,12,521,464,987,10,0,11,0,3,4,534,472,999,122,105,229,1329,1333,2664
SSC70117,0,0,0,0,0,0,0,0,0,0,0,0,0,0,0,0,0,0,0,0,0,0,0,0,0,0,0,0,0,0,0,0,0,0,0,0,0,0,0,0,0,0,0,0,0,0,0,0,0,0,0,0,0,0,0,0,0,0,0,0,3,0,4,0,0,0,0,0,0,0,0,0,0,0,0,0,0,0,0,0,0,0,0,0,0,0,0,0,0,0,0,0,0,0,0,0,0,0,0,3,0,4
SSC70118,0,0,0,0,0,3,0,0,0,0,0,0,0,0,0,27,41,68,0,0,0,0,0,0,0,0,0,0,0,0,0,3,3,0,0,0,0,0,0,0,0,0,0,0,0,0,0,0,0,0,0,5,3,11,3,0,3,0,0,0,36,46,81,0,0,0,0,0,0,0,0,0,50,68,117,0,0,0,0,0,0,50,68,117,9,8,17,0,0,0,0,0,0,9,8,17,20,8,30,115,123,240
SSC70119,0,0,0,3,5,4,0,0,0,0,0,0,0,0,0,3,0,4,0,0,0,0,0,0,0,0,0,0,0,0,0,0,0,0,0,0,0,0,0,0,0,0,0,0,0,0,0,0,0,0,0,0,0,0,0,0,0,0,0,0,3,9,13,0,0,0,0,0,0,0,0,0,0,0,0,0,0,0,0,0,0,0,0,0,0,3,4,0,0,0,0,0,0,0,3,4,6,0,8,11,12,17
SSC70120,0,0,0,0,3,6,0,0,0,3,0,3,0,0,0,0,5,5,0,0,0,0,0,0,0,0,0,0,0,0,57,45,108,0,0,0,0,0,0,0,0,0,0,0,0,0,0,0,0,0,0,0,0,0,0,0,0,0,0,0,67,58,125,0,0,0,0,0,0,0,0,0,4,0,4,0,0,0,0,0,0,4,0,4,0,0,0,0,0,0,0,0,0,0,0,0,9,3,12,79,60,138
SSC70121,0,0,0,0,0,0,0,0,0,0,0,0,0,0,0,14,8,17,0,0,0,0,0,0,0,0,0,0,0,0,3,3,7,0,0,0,0,0,0,0,3,4,0,0,0,0,0,0,0,0,0,0,0,0,0,0,0,0,0,0,13,20,32,0,0,0,0,0,0,0,0,0,0,0,0,0,0,0,0,0,0,0,0,0,5,7,6,0,0,0,0,0,0,3,7,13,23,13,41,46,39,79
SSC70122,0,0,0,5,3,8,0,0,0,0,4,8,0,0,0,24,15,45,0,0,0,0,0,0,0,0,0,0,0,0,3,5,5,0,0,0,0,0,0,0,0,0,0,0,0,0,0,0,0,0,0,0,0,0,3,0,8,0,0,0,43,30,70,0,0,0,0,0,0,0,0,0,21,12,30,0,0,0,0,0,0,21,12,30,15,6,20,0,0,0,0,0,0,15,6,20,27,20,51,99,73,169
SSC70123,17,24,41,89,94,184,0,0,0,6,9,10,0,0,0,155,169,325,0,0,0,8,0,11,3,3,4,0,3,3,8,4,13,0,0,0,0,0,0,0,0,0,10,13,21,0,0,3,0,0,0,46,57,101,9,9,17,0,0,0,335,356,686,0,0,0,0,5,5,0,0,0,0,0,0,0,0,0,0,4,7,0,4,7,391,337,728,3,0,6,0,3,3,396,342,731,138,117,259,887,843,1730
SSC70124,0,0,3,0,4,3,0,0,0,6,0,4,0,0,0,3,8,12,0,0,0,0,0,0,0,0,0,0,0,0,211,242,456,0,0,0,0,0,0,0,0,0,0,0,0,0,0,0,0,0,0,0,3,3,3,3,3,0,0,0,220,263,485,0,0,0,0,0,0,0,0,0,5,9,15,0,0,0,0,0,0,5,9,15,14,20,30,0,0,0,0,0,0,14,20,30,23,46,69,271,333,605
SSC70125,0,0,0,0,0,0,0,0,0,0,0,0,0,0,0,0,0,0,0,0,0,0,0,0,0,0,0,0,0,0,0,0,0,0,0,0,0,0,0,0,0,0,0,0,0,0,0,0,0,0,0,0,0,0,0,0,0,0,0,0,0,0,0,0,0,0,0,0,0,0,0,0,0,0,0,0,0,0,0,0,0,0,0,0,0,0,0,0,0,0,0,0,0,0,0,0,0,0,0,0,0,0
SSC70126,0,0,0,0,0,0,0,0,0,0,0,0,0,0,0,0,0,0,0,0,0,0,0,0,0,0,0,0,0,0,0,0,0,0,0,0,0,0,0,0,0,0,0,0,0,0,0,0,0,0,0,0,0,0,0,0,0,0,0,0,0,0,0,0,0,0,0,0,0,0,0,0,0,0,0,0,0,0,0,0,0,0,0,0,0,0,0,0,0,0,0,0,0,0,0,0,0,0,0,0,0,0
SSC70127,8,0,13,87,17,105,0,0,0,10,0,10,0,0,0,144,40,183,0,0,0,3,0,3,0,0,0,0,0,0,4,0,7,0,0,0,0,0,3,10,0,7,15,3,20,0,0,0,0,0,0,22,5,27,10,5,16,0,0,0,302,79,375,0,0,3,0,0,3,0,0,0,0,0,0,0,0,0,3,0,3,3,0,3,269,61,331,0,0,0,0,0,0,272,61,331,978,99,1082,1566,250,1810
SSC70128,0,0,0,0,0,0,0,0,0,0,0,0,0,0,0,0,0,0,0,0,0,0,0,0,0,0,0,0,0,0,0,0,0,0,0,0,0,0,0,0,0,0,0,0,0,0,0,0,0,0,0,0,0,0,0,0,0,0,0,0,0,0,0,0,0,0,0,0,0,0,0,0,0,0,0,0,0,0,0,0,0,0,0,0,0,0,0,0,0,0,0,0,0,0,0,0,0,0,0,0,0,0
SSC70129,44,28,67,326,218,546,0,0,0,29,27,57,0,0,0,623,323,948,3,4,3,27,16,48,7,3,9,0,0,8,31,27,59,0,0,0,8,3,14,18,11,33,49,35,85,4,5,7,3,3,6,96,88,186,52,47,99,3,0,3,1297,807,2105,16,3,17,14,9,26,0,0,0,3,0,0,0,0,0,3,4,5,3,6,7,878,482,1367,7,3,7,3,0,3,890,488,1381,1307,221,1527,3569,1565,5132
SSC70130,0,0,0,9,13,25,0,0,0,0,0,0,0,0,0,24,24,49,0,0,0,0,0,0,0,0,0,0,0,0,14,20,37,0,0,0,0,0,0,0,3,3,0,0,0,0,0,0,0,0,0,0,0,0,3,0,3,0,0,0,62,59,119,0,0,0,0,0,0,0,0,0,0,0,0,0,0,0,0,0,0,0,0,0,32,32,62,0,0,0,0,0,0,32,32,62,579,105,687,666,200,865
SSC70131,0,0,3,4,3,8,0,0,0,0,0,0,0,0,0,5,3,8,0,0,0,0,0,0,0,0,0,0,0,0,0,3,3,0,0,0,0,0,0,0,0,3,0,0,0,0,0,0,0,0,0,0,3,4,0,3,4,0,0,0,9,12,25,0,0,0,0,0,0,0,0,0,0,0,0,0,0,0,0,0,0,0,0,0,17,20,37,0,0,0,0,0,0,17,20,37,6,3,9,35,35,70
SSC70132,25,55,75,264,265,530,0,0,0,20,17,36,0,0,0,486,431,917,3,3,3,7,9,16,8,8,17,0,0,0,17,20,37,0,0,0,8,11,14,14,21,27,45,46,88,3,4,6,0,5,6,115,124,238,36,33,72,0,0,0,1028,996,2019,0,3,3,9,6,17,0,0,0,3,3,5,0,0,0,3,9,10,6,9,20,880,699,1579,8,4,16,7,5,11,895,711,1600,358,288,649,2316,2069,4380
SSC70133,0,5,7,20,19,39,0,0,0,0,0,0,0,0,0,16,23,40,0,0,0,0,0,0,0,0,3,0,0,0,20,30,52,0,0,0,0,0,3,8,4,15,3,0,3,0,0,0,0,0,0,9,9,16,10,12,19,0,0,0,90,103,192,0,0,3,0,0,0,0,0,0,6,12,17,0,0,0,0,0,0,6,12,17,83,60,149,0,0,0,0,0,0,83,62,148,57,36,98,247,219,470
SSC70134,0,0,0,0,0,0,0,0,0,0,0,0,0,0,0,0,0,0,0,0,0,0,0,0,0,0,0,0,0,0,23,31,52,0,0,0,0,0,0,0,0,0,0,0,0,0,0,0,0,0,0,3,7,7,0,0,0,0,0,0,25,33,63,0,0,0,0,0,0,0,0,0,0,0,0,0,0,0,0,0,0,0,0,0,3,0,7,0,0,0,0,0,0,3,0,7,40,39,80,70,79,151
SSC70135,0,0,0,0,0,0,0,0,0,0,0,0,0,0,0,0,0,0,0,0,0,0,0,0,0,0,0,0,0,0,0,0,0,0,0,0,0,0,0,0,0,0,0,0,0,0,0,0,0,0,0,0,0,0,0,0,0,0,0,0,0,0,0,0,0,0,0,0,0,0,0,0,0,0,0,0,0,0,0,0,0,0,0,0,0,0,0,0,0,0,0,0,0,0,0,0,0,0,0,0,0,0
SSC70136,10,7,16,39,42,79,0,0,0,3,0,3,0,0,0,90,104,198,3,0,3,3,7,8,0,0,0,0,0,0,4,0,7,0,0,0,3,0,3,0,0,0,9,3,12,0,0,0,0,0,7,30,23,51,3,8,10,0,3,3,195,194,385,3,0,3,3,3,3,0,0,0,13,3,12,0,0,0,3,0,3,10,3,15,216,178,394,0,0,0,0,0,0,217,178,394,143,114,260,577,500,1081
SSC70137,0,0,0,11,15,27,0,0,0,0,0,0,0,0,0,0,0,0,0,0,0,0,0,0,0,0,4,0,0,0,0,0,0,0,0,0,0,0,0,0,0,0,0,0,0,0,0,0,0,0,0,0,0,0,0,0,0,0,0,0,10,18,31,0,0,0,0,0,0,0,0,0,0,0,0,0,0,0,0,0,0,0,0,0,71,88,152,0,0,0,0,0,0,71,88,152,56,55,115,141,163,301
SSC70138,22,38,62,76,72,144,0,0,0,9,9,14,0,0,0,169,171,338,3,5,4,31,26,51,3,7,12,0,3,3,4,8,14,0,0,0,6,8,8,7,6,13,11,9,23,0,4,3,0,3,3,34,39,74,14,16,28,0,0,0,361,379,736,10,13,28,11,8,23,0,0,0,0,0,0,0,0,0,0,0,0,4,0,4,364,324,689,4,0,4,0,3,3,372,325,697,90,114,201,870,881,1757
SSC70139,18,31,46,63,88,149,0,0,0,12,15,24,0,0,0,237,227,468,0,0,0,16,12,27,3,0,9,8,11,20,12,10,17,3,0,4,3,3,9,30,26,50,5,10,16,0,0,0,6,3,13,13,26,41,26,34,61,0,0,0,435,468,904,36,40,81,15,18,31,0,0,0,0,0,0,6,10,19,0,3,3,13,6,16,374,357,733,4,3,3,0,8,8,382,368,747,88,111,202,987,1037,2027
SSC70140,0,0,0,14,12,28,0,0,0,0,0,0,0,0,0,16,15,34,0,0,0,0,0,0,0,0,0,0,0,0,6,5,9,0,0,0,0,0,3,0,0,0,0,0,0,0,0,0,0,0,0,3,4,9,5,0,4,0,0,0,43,43,85,0,0,0,0,0,0,0,0,0,17,12,34,0,0,0,0,0,0,17,12,34,72,55,123,0,0,0,0,0,0,72,55,123,31,32,69,169,140,313
SSC70141,0,0,3,0,3,3,0,0,0,28,25,55,0,0,0,4,3,10,0,0,0,0,0,0,0,0,0,0,0,0,0,0,0,0,0,0,0,0,0,0,0,0,0,0,0,0,0,0,0,0,0,0,0,0,4,7,8,0,0,0,37,44,73,0,0,0,0,0,0,0,0,0,93,98,193,0,0,0,0,0,0,93,98,193,18,22,40,0,0,0,0,0,0,18,22,40,15,13,24,164,172,334
SSC70142,0,0,0,3,5,11,0,0,0,0,4,4,0,0,0,7,14,16,0,0,0,0,0,0,0,0,0,0,0,0,53,64,119,0,0,0,0,0,0,0,0,0,4,0,6,0,0,0,0,0,0,0,4,3,56,53,106,0,0,0,124,142,267,0,0,3,0,0,0,0,0,0,0,0,3,0,0,0,0,0,0,0,0,3,21,15,33,0,0,3,0,0,0,22,12,37,47,41,89,196,204,394
SSC70143,99,121,217,127,160,286,0,0,0,31,30,61,0,0,0,590,676,1267,5,3,12,117,120,241,16,18,37,11,9,20,16,21,31,0,0,3,21,24,47,42,50,96,21,32,55,5,3,6,10,7,21,81,92,171,72,66,140,0,0,0,1174,1311,2488,40,32,72,52,59,110,0,3,3,4,6,13,4,3,4,3,7,11,8,16,25,678,604,1285,5,3,9,6,4,9,687,611,1297,361,366,731,2427,2518,4944
SSC70144,4,11,13,73,75,142,0,0,0,21,27,46,0,0,0,133,131,268,0,0,0,3,0,3,3,3,3,0,0,0,3,0,3,0,0,0,3,5,11,10,6,15,14,16,26,0,3,3,0,0,0,16,23,37,14,15,26,0,0,0,293,309,603,3,3,3,5,0,5,0,0,0,0,3,6,0,0,3,0,3,3,3,9,13,239,239,476,0,0,0,3,0,4,244,236,481,200,175,375,748,743,1488
SSC70145,11,16,31,160,164,318,0,0,0,23,35,58,0,0,0,279,290,569,0,0,0,3,0,8,12,3,16,3,4,9,16,13,25,0,0,7,8,6,10,22,23,41,15,19,29,0,0,5,3,3,8,52,48,94,37,35,74,0,0,0,637,643,1283,19,21,39,13,9,17,0,3,3,14,3,15,5,0,5,9,10,22,22,12,36,532,469,994,0,4,4,0,3,4,529,470,1005,369,331,702,1603,1503,3114
SSC70146,4,12,19,47,63,113,0,0,0,31,36,63,0,0,0,134,113,241,0,0,0,0,0,0,0,0,0,0,0,0,8,8,17,0,0,0,3,8,9,3,6,7,13,5,18,0,3,3,0,3,3,17,19,38,14,27,42,0,0,0,272,285,557,13,10,24,4,3,5,0,0,0,3,3,10,0,0,0,11,8,15,10,9,25,215,200,416,4,3,7,0,0,0,225,201,423,235,204,436,768,736,1495
SSC70147,0,0,0,10,18,29,0,0,0,18,30,45,0,0,0,24,42,67,0,0,0,0,0,0,0,0,0,5,4,8,19,48,66,0,0,0,0,0,3,0,0,0,0,0,3,0,0,0,0,3,3,10,11,22,3,3,11,0,0,0,87,161,251,0,0,0,0,0,0,0,0,0,0,0,0,0,0,0,0,0,0,0,0,0,32,22,56,0,0,0,0,0,0,32,22,58,26,15,40,147,200,349
SSC70148,0,0,0,3,3,6,0,0,0,0,0,0,0,0,0,5,4,5,0,0,0,0,0,0,0,0,0,0,0,0,100,125,227,0,0,0,0,3,3,0,0,0,0,0,0,0,0,0,0,0,0,0,3,3,0,4,9,0,0,0,112,147,256,0,0,0,0,0,0,0,0,0,5,5,10,0,0,0,0,0,0,5,5,10,27,35,60,0,0,0,0,0,0,27,35,60,40,41,83,182,225,410
SSC70149,12,8,15,11,15,33,0,0,0,6,15,20,0,0,0,36,39,71,0,0,0,7,3,8,0,0,0,0,0,0,4,0,4,0,0,0,0,3,3,0,0,0,4,3,5,0,0,0,0,0,0,4,7,16,0,0,0,0,0,0,72,83,162,0,0,0,0,0,3,0,0,0,0,0,0,0,0,0,5,5,6,3,9,12,85,72,157,0,0,0,0,0,0,85,75,158,34,39,69,203,212,413
SSC70150,0,0,0,0,0,0,0,0,0,0,0,0,0,0,0,0,0,0,0,0,0,0,0,0,0,0,0,0,0,0,0,0,0,0,0,0,0,0,0,0,0,0,0,0,0,0,0,0,0,0,0,0,0,0,0,0,0,0,0,0,0,0,0,0,0,0,0,0,0,0,0,0,0,0,0,0,0,0,0,0,0,0,0,0,0,0,0,0,0,0,0,0,0,0,0,0,0,0,0,0,0,0
SSC70151,0,0,0,0,0,0,0,0,0,0,0,0,0,0,0,0,0,0,0,0,0,0,0,0,0,0,0,0,0,0,41,47,86,0,0,0,0,0,0,0,0,0,0,0,0,0,0,0,0,0,3,0,0,0,3,0,4,0,0,0,43,47,96,0,0,0,0,0,0,0,0,0,0,0,0,0,0,0,0,0,0,0,0,0,7,7,12,0,0,0,0,0,0,7,7,12,0,3,3,57,55,112
SSC70152,0,0,0,0,4,6,0,0,0,142,164,304,0,0,0,8,8,13,0,0,0,0,0,0,0,0,0,0,0,0,7,4,14,0,0,0,0,0,0,12,23,29,7,0,6,0,0,0,0,0,0,0,0,0,3,0,3,0,0,0,181,201,377,0,0,0,0,0,0,0,0,0,0,0,0,0,0,0,0,0,0,0,0,0,79,79,153,0,0,0,0,0,0,79,76,159,39,34,70,293,315,606
SSC70153,0,0,0,3,7,11,0,0,0,0,0,0,0,0,0,11,7,14,0,0,0,0,0,0,0,0,0,0,0,0,0,0,0,0,0,0,0,0,0,0,0,0,0,0,0,0,0,0,0,0,0,3,0,3,0,0,0,0,0,0,20,13,29,0,0,0,0,0,0,0,0,0,0,0,0,0,0,0,0,0,0,0,0,0,24,16,38,0,0,0,0,0,0,23,16,38,11,13,21,48,40,87
SSC70154,0,0,0,0,0,0,0,0,0,0,0,0,0,0,0,0,0,0,0,0,0,0,0,0,0,0,0,0,0,0,0,0,0,0,0,0,0,0,0,0,0,0,0,0,0,0,0,0,0,0,0,0,0,0,0,0,0,0,0,0,0,0,3,0,0,0,0,0,0,0,0,0,0,0,0,0,0,0,0,0,0,0,0,0,0,0,0,0,0,0,0,0,0,0,0,0,3,0,3,4,0,5
SSC70155,29,29,50,5,3,6,0,0,0,4,3,4,0,0,0,35,31,59,0,0,0,0,0,0,0,0,0,0,0,0,3,0,4,0,0,0,0,0,0,0,0,0,4,0,4,0,0,0,0,0,0,0,5,6,6,4,6,0,0,0,57,44,100,0,0,0,0,0,0,0,0,0,0,0,0,0,0,0,0,0,0,0,0,0,70,44,120,0,0,0,0,0,0,75,44,121,37,37,72,190,157,347
SSC70156,0,3,3,31,26,54,0,0,0,3,0,3,0,0,0,40,32,70,0,0,0,0,0,0,0,0,0,0,0,0,0,0,0,0,0,0,5,4,8,0,0,3,3,7,4,3,0,4,0,0,0,10,7,18,0,0,3,0,0,0,96,76,174,0,0,0,0,0,0,0,0,0,0,0,0,0,0,0,0,0,0,0,0,5,68,52,125,0,0,0,0,0,0,74,52,122,108,102,210,275,238,510
SSC70157,0,0,0,0,0,0,0,0,0,0,0,0,0,0,0,0,0,0,0,0,0,0,0,0,0,0,0,0,0,0,109,107,213,0,0,0,0,0,0,0,0,0,0,0,0,0,0,0,0,0,0,0,0,0,0,0,0,0,0,0,109,109,220,0,0,0,0,0,0,0,0,0,0,0,0,0,0,0,0,0,0,0,0,0,3,3,3,0,0,0,0,0,0,3,3,3,0,15,13,113,125,239
SSC70158,6,11,21,65,79,140,0,0,0,33,43,77,0,0,0,176,209,385,0,5,3,5,4,9,0,3,3,17,10,27,50,74,125,0,0,0,10,4,11,19,30,47,9,14,19,0,3,3,0,3,3,29,35,62,51,51,98,0,3,3,465,561,1023,16,10,25,8,7,17,0,0,0,0,0,0,3,3,10,3,3,7,9,9,19,424,390,812,0,0,0,0,4,3,421,390,814,178,168,343,1112,1158,2267
SSC70159,32,43,73,202,170,369,0,0,0,19,17,31,0,0,0,454,417,876,0,0,3,57,45,99,0,4,4,0,3,3,10,9,24,0,0,0,8,11,24,5,13,20,23,25,49,7,3,7,3,0,0,64,60,127,17,26,40,0,0,0,874,806,1682,66,60,124,30,19,54,3,0,4,0,0,0,5,4,5,5,12,10,8,11,20,672,509,1184,4,6,11,3,8,14,685,520,1203,363,201,571,2061,1670,3729
SSC70160,0,0,0,3,4,5,0,0,0,0,0,0,0,0,0,3,0,4,0,0,0,0,0,0,0,0,0,0,0,0,0,0,0,0,0,0,0,0,0,0,0,0,0,3,3,0,0,0,0,0,0,0,0,0,0,0,0,0,0,0,8,4,14,0,0,0,0,0,0,0,0,0,0,0,0,0,0,0,0,0,0,0,0,0,8,3,12,0,0,0,0,0,0,8,3,12,8,11,19,21,22,47
SSC70161,82,104,178,151,176,325,0,0,0,29,29,55,0,0,0,487,537,1026,0,3,3,171,159,328,14,17,33,5,6,8,23,24,47,3,6,7,14,17,33,33,35,69,24,19,50,3,8,11,0,3,3,69,69,143,57,52,111,3,0,3,1086,1156,2248,48,42,88,32,29,59,0,3,3,0,0,0,5,3,9,19,19,41,25,27,51,764,652,1418,13,4,13,3,5,12,780,663,1446,277,226,501,2328,2247,4578
SSC70162,0,0,0,6,12,21,0,0,0,0,0,0,0,0,0,6,6,17,0,0,0,3,0,3,0,0,0,0,0,0,0,0,0,0,0,0,0,0,0,0,0,0,4,3,5,0,0,0,0,5,3,7,3,8,0,0,0,0,0,0,22,26,50,0,0,0,0,0,0,0,0,0,0,0,0,0,0,0,0,0,0,0,0,0,16,8,21,0,0,0,0,0,0,16,8,21,9,9,19,53,47,94
SSC70163,0,0,0,3,0,5,0,0,0,0,0,0,0,0,0,4,3,7,0,0,0,0,0,0,0,0,0,0,0,0,0,0,0,0,0,0,0,0,0,0,0,0,0,0,0,0,0,0,0,0,0,0,0,0,0,0,0,0,0,0,6,5,16,0,0,0,0,0,0,0,0,0,0,0,0,0,0,0,0,0,0,0,0,0,5,3,10,0,0,0,0,0,0,5,3,10,6,3,11,17,16,32
SSC70164,0,0,0,4,0,3,0,0,0,0,0,0,0,0,0,0,0,0,0,0,0,0,0,0,0,0,0,0,0,0,0,0,0,0,0,0,0,0,0,0,0,0,0,0,0,0,0,0,0,0,0,0,0,0,0,0,0,0,0,0,5,0,4,0,0,0,0,0,0,0,0,0,0,0,0,0,0,0,0,0,0,0,0,0,11,10,20,0,0,0,0,0,0,11,10,20,6,9,21,21,24,44
SSC70165,3,5,8,23,23,49,0,0,0,0,0,0,0,0,0,41,55,90,0,0,0,0,0,0,0,0,0,0,0,0,0,3,3,0,0,0,0,0,0,0,0,3,0,4,3,0,0,0,0,0,0,3,9,17,3,6,13,0,0,0,80,106,184,0,0,0,3,0,3,0,0,0,0,0,0,0,0,0,0,0,0,0,0,0,99,63,162,0,0,0,0,0,0,98,63,162,47,49,98,233,219,452
SSC70166,0,0,0,11,14,21,0,0,0,0,0,0,0,0,0,9,14,25,0,0,0,0,0,0,0,0,0,0,0,0,0,0,3,0,0,0,0,0,0,0,0,0,0,0,0,0,0,0,0,0,0,3,3,6,0,0,3,0,0,0,24,31,56,0,0,0,0,0,0,0,0,0,0,0,0,0,0,0,0,0,0,0,0,0,48,43,95,0,0,0,0,0,0,48,43,95,7,7,18,88,84,165
SSC70167,10,18,26,70,68,131,0,0,0,7,9,18,0,0,0,155,156,313,0,0,0,24,21,37,0,5,3,0,0,0,3,3,10,0,0,0,32,41,76,4,3,10,6,13,18,0,0,0,3,5,5,27,32,65,21,23,44,0,0,0,356,380,732,18,6,26,12,11,23,0,0,0,6,6,16,3,5,8,3,3,3,8,16,28,327,325,649,5,3,9,0,0,0,335,327,661,129,112,240,870,875,1743
SSC70168,34,39,72,128,142,268,0,0,0,19,14,30,0,0,0,242,284,526,3,4,6,89,89,178,0,0,0,5,3,12,5,9,17,3,0,5,0,15,15,9,19,26,17,13,32,0,4,4,3,3,5,24,27,55,31,41,68,0,0,0,585,665,1246,17,23,44,24,22,42,0,0,0,0,0,0,0,3,4,7,4,10,7,4,11,351,313,663,11,4,13,0,3,3,362,318,674,96,105,200,1124,1179,2302
SSC70169,35,54,88,118,139,260,0,0,0,19,25,45,0,3,3,381,455,837,0,0,0,42,33,74,15,12,21,9,8,14,13,12,24,0,0,0,10,18,27,12,14,25,16,14,30,0,0,3,16,18,27,59,44,104,38,42,82,3,7,6,744,842,1590,11,9,20,25,43,64,0,0,0,0,0,0,0,0,9,3,4,4,5,6,10,432,386,813,4,0,8,0,0,4,442,386,824,197,206,402,1452,1546,3000
SSC70170,0,0,0,0,0,0,0,0,0,0,0,3,0,0,0,0,0,0,0,0,0,0,0,0,0,0,0,0,0,0,0,0,0,0,0,0,0,0,0,0,0,0,0,0,0,0,0,0,0,0,0,0,0,0,0,0,0,0,0,0,0,0,3,0,0,0,0,0,0,0,0,0,0,0,0,0,0,0,0,0,0,0,0,0,0,0,0,0,0,0,0,0,0,0,0,0,3,0,3,4,4,12
SSC70171,0,0,0,0,0,0,0,0,0,0,0,0,0,0,0,0,0,0,0,0,0,0,0,0,0,0,0,0,0,0,0,0,0,0,0,0,0,0,0,0,0,0,0,0,0,0,0,0,0,0,0,0,0,0,0,0,0,0,0,0,0,0,0,0,0,0,0,0,0,0,0,0,0,0,0,0,0,0,0,0,0,0,0,0,0,0,0,0,0,0,0,0,0,0,0,0,0,0,0,0,0,0
SSC70172,4,4,5,14,5,18,0,0,0,0,0,0,0,0,0,37,42,82,0,0,0,0,0,0,0,0,0,0,0,0,3,3,8,0,0,0,0,0,0,0,0,4,3,0,5,0,0,0,0,0,0,440,395,837,7,5,13,0,0,0,518,468,981,0,0,0,0,0,0,0,0,0,167,143,309,0,0,0,0,0,0,167,143,309,226,236,458,0,0,3,8,3,10,233,237,468,273,258,538,1195,1113,2308
SSC70173,0,0,0,0,3,5,0,0,0,0,0,0,0,0,0,7,8,11,0,0,0,0,0,0,4,0,4,0,0,0,0,0,0,0,0,0,0,0,0,0,0,0,0,0,0,0,0,0,0,0,0,0,0,0,3,3,8,0,0,0,18,12,27,0,0,0,0,0,0,0,0,0,0,0,0,0,0,0,0,0,0,0,0,0,29,15,42,0,0,0,0,0,0,29,15,42,9,5,16,52,40,89
SSC70174,0,0,0,0,0,0,0,0,0,0,0,0,0,0,0,0,0,0,0,0,0,0,0,0,0,0,0,0,0,0,0,0,0,0,0,0,0,0,0,0,0,0,0,0,0,0,0,0,0,0,0,0,0,0,0,0,0,0,0,0,0,0,0,0,0,0,0,0,0,0,0,0,0,0,0,0,0,0,0,0,0,0,0,0,0,0,0,0,0,0,0,0,0,0,0,0,0,0,0,0,0,0
SSC70175,0,0,0,3,0,4,0,0,0,0,0,0,0,0,0,4,5,4,0,0,0,0,0,0,0,0,0,0,0,0,0,0,0,0,0,0,0,0,0,0,0,0,0,0,0,0,0,0,0,0,0,0,0,0,0,0,0,0,0,0,4,4,10,0,0,0,0,0,0,0,0,0,0,0,0,0,0,0,0,0,0,0,0,0,0,0,0,0,0,0,0,0,0,0,0,0,3,0,4,9,5,10
SSC70176,3,3,11,43,42,83,0,0,0,0,3,5,0,0,0,92,71,162,0,0,0,16,20,28,0,0,0,0,0,0,3,3,5,0,0,0,0,0,0,13,8,26,11,12,20,0,0,0,0,0,0,12,19,31,10,12,30,0,0,0,203,189,388,0,0,0,5,0,3,0,0,0,0,0,0,0,0,0,0,0,0,0,0,0,150,111,258,0,0,0,0,0,0,150,108,261,37,24,56,398,326,721
SSC70177,15,12,28,21,17,44,0,0,0,6,3,8,0,0,0,70,51,128,0,0,0,0,0,0,0,0,0,0,0,0,0,0,0,0,0,0,0,0,0,0,0,0,3,3,7,0,0,0,0,0,3,6,7,11,3,3,3,0,0,0,119,83,204,0,0,0,0,0,0,0,0,0,0,0,0,0,0,0,0,0,0,0,0,0,111,84,189,0,0,0,0,0,0,111,81,194,59,33,86,301,216,517
SSC70178,12,23,38,79,83,162,0,0,0,8,3,14,0,0,0,203,199,404,0,0,0,14,11,23,3,7,7,0,0,0,10,5,13,0,0,0,3,0,6,9,7,21,14,18,29,3,7,8,3,3,6,25,35,55,6,5,12,0,0,0,385,379,762,4,6,8,15,15,25,0,0,0,0,0,0,0,0,0,0,3,4,0,3,6,265,208,470,5,3,12,0,0,0,274,208,482,144,72,219,832,719,1549
SSC70179,0,0,0,19,17,34,0,0,0,0,0,0,0,0,0,20,19,37,0,0,0,0,0,0,0,0,0,0,0,0,0,0,0,0,0,0,0,3,4,0,0,0,3,3,3,0,0,0,0,3,4,4,4,10,0,3,6,0,0,0,51,48,97,0,0,0,0,0,0,0,0,0,0,0,0,0,0,0,0,0,0,0,0,0,48,32,84,0,0,0,0,0,3,50,35,86,92,73,162,197,153,350
SSC70180,0,0,0,9,12,24,0,0,0,0,0,0,0,0,0,25,13,35,0,0,0,0,0,0,0,0,0,0,0,0,4,0,4,0,0,0,19,22,38,0,0,0,3,3,7,0,0,0,0,0,0,9,5,10,0,0,0,0,0,0,74,53,119,0,0,0,0,0,0,0,0,0,4,0,3,0,0,0,0,0,0,4,0,3,86,39,127,0,0,0,0,0,0,86,39,127,25,13,44,194,108,295
SSC70181,7,6,11,61,62,119,0,0,0,9,9,21,0,0,0,65,52,123,0,0,0,0,3,3,0,0,0,3,0,7,3,7,9,0,0,0,0,0,0,0,0,3,11,12,22,0,0,0,0,0,0,23,18,47,25,26,43,0,0,0,202,200,402,0,0,0,0,0,0,0,0,0,0,0,0,0,0,0,0,0,0,0,0,0,139,109,246,0,0,0,0,0,0,139,106,246,72,59,131,422,376,796
SSC70182,0,0,0,0,0,0,0,0,0,0,0,0,0,0,0,0,0,0,0,0,0,0,0,0,0,0,0,0,0,0,0,0,0,0,0,0,0,0,0,0,0,0,0,0,0,0,0,0,0,0,0,0,0,0,0,0,0,0,0,0,0,0,0,0,0,0,0,0,0,0,0,0,0,0,0,0,0,0,0,0,0,0,0,0,0,0,0,0,0,0,0,0,0,0,0,0,16,10,28,16,17,30
SSC70183,0,0,0,0,0,0,0,0,0,0,0,0,0,0,0,0,0,0,0,0,0,0,0,0,0,0,0,0,0,0,0,0,0,0,0,0,0,0,0,0,0,0,0,0,0,0,0,0,0,0,0,0,0,0,0,0,0,0,0,0,0,0,0,0,0,0,0,0,0,0,0,0,0,0,0,0,0,0,0,0,0,0,0,0,0,0,0,0,0,0,0,0,0,0,0,0,0,0,0,0,0,0
SSC70184,0,0,0,7,0,5,0,0,0,0,0,0,0,0,0,3,3,6,0,0,0,0,0,0,0,0,0,0,0,0,0,0,0,0,0,0,0,0,0,0,0,0,0,0,0,0,0,0,0,0,0,0,6,6,0,0,0,0,0,0,17,12,24,0,0,0,0,0,0,0,0,0,0,0,0,0,0,0,0,0,0,0,0,0,21,13,26,0,0,0,0,0,0,17,13,31,4,3,3,40,19,58
SSC70185,0,0,0,3,0,3,0,0,0,0,0,0,0,0,0,169,187,362,0,0,0,0,0,0,0,0,0,0,0,0,0,0,0,0,0,0,0,0,0,0,0,0,0,0,0,0,0,0,0,0,0,0,0,0,0,0,0,0,0,0,179,196,368,0,0,0,0,0,0,0,0,0,0,0,0,0,0,0,0,0,0,0,0,0,15,5,20,0,0,0,0,0,0,15,5,20,5,0,7,194,198,401
SSC70186,0,3,3,0,3,4,0,0,0,0,0,0,0,0,0,6,6,17,0,0,0,0,0,0,0,0,0,0,0,0,0,0,0,0,0,0,0,0,0,0,0,0,4,3,5,0,0,0,0,0,0,573,518,1090,6,3,11,0,0,0,594,532,1124,0,0,0,0,0,0,0,0,0,7,5,14,0,0,0,0,0,0,7,10,13,20,19,42,0,0,0,0,0,0,26,19,47,14,25,41,639,589,1225
SSC70187,39,49,85,64,92,157,0,0,0,16,17,29,0,0,0,276,296,577,0,0,0,62,51,112,0,0,3,5,3,8,0,4,3,0,0,0,9,14,18,10,11,23,10,3,13,0,0,4,5,4,7,31,46,71,23,23,43,0,0,0,505,564,1067,70,54,124,37,25,63,3,0,6,0,0,0,18,19,41,7,6,12,25,28,53,428,355,779,3,5,8,3,0,3,432,364,792,187,174,360,1288,1257,2548
SSC70188,0,0,0,69,69,137,0,0,0,0,0,0,0,0,0,0,0,0,0,0,0,0,0,0,0,0,0,0,0,0,0,0,0,0,0,0,0,0,0,0,0,0,0,0,0,0,0,0,0,0,0,0,0,0,0,0,0,0,0,0,69,69,137,0,0,0,0,0,0,0,0,0,0,0,0,0,0,0,0,0,0,0,0,0,0,0,0,0,0,0,0,0,0,0,0,0,0,5,3,68,68,137
SSC70189,0,0,0,81,99,176,0,0,0,0,3,9,0,0,0,6,4,11,0,0,0,0,0,0,0,0,0,0,0,3,3,0,3,0,0,0,0,3,3,0,0,0,0,0,0,0,0,0,0,0,0,3,0,3,0,0,0,0,0,0,97,110,206,0,0,0,0,0,0,0,0,0,0,0,0,0,0,0,0,0,0,0,0,0,190,201,394,0,0,0,0,0,0,190,201,394,14,17,28,299,325,618
SSC70190,0,0,0,3,4,9,0,0,0,0,0,0,0,0,0,9,14,23,0,0,0,0,0,0,0,0,0,0,0,0,0,0,0,0,0,0,5,5,8,0,3,3,0,0,0,0,0,0,0,0,0,49,58,100,0,0,0,0,0,0,60,79,143,0,0,0,0,0,0,0,0,0,10,11,26,0,0,0,0,0,0,10,11,26,33,30,61,0,0,0,0,0,0,33,30,61,7,5,11,117,128,247
SSC70191,0,0,0,0,0,0,0,0,0,0,0,0,0,0,0,0,0,0,0,0,0,0,0,0,0,0,0,0,0,0,0,0,0,0,0,0,0,0,0,0,0,0,0,0,0,0,0,0,0,0,0,0,0,0,0,0,0,0,0,0,0,0,0,0,0,0,0,0,0,0,0,0,0,0,0,0,0,0,0,0,0,0,0,0,0,0,0,0,0,0,0,0,0,0,0,0,0,0,0,0,0,0
SSC70192,36,46,78,68,66,134,0,0,0,12,10,22,0,0,0,240,230,468,0,0,0,86,85,170,4,9,16,6,3,5,3,12,16,0,0,0,3,4,8,4,7,13,13,11,21,11,3,13,4,4,9,23,27,53,24,19,46,0,0,0,500,499,998,21,10,32,30,16,43,0,0,0,0,0,0,4,0,7,3,4,5,12,6,17,317,271,589,0,0,3,0,0,3,316,274,592,116,111,233,1029,966,2000
SSC70193,38,45,83,129,126,257,0,0,0,28,27,52,0,0,0,292,349,646,0,0,0,7,10,18,3,7,5,11,7,12,11,13,28,0,0,0,4,10,13,22,31,53,23,13,41,3,8,12,3,4,5,52,57,108,32,39,70,0,3,3,622,704,1327,3,5,6,4,7,16,0,0,3,0,3,3,0,0,0,4,5,11,4,6,15,575,485,1063,0,5,6,3,0,0,578,490,1072,235,207,439,1497,1467,2959
SSC70194,0,0,0,3,0,3,0,0,0,0,0,0,0,0,0,0,3,10,0,0,0,0,0,0,0,0,0,0,0,0,0,0,0,0,0,0,0,0,0,0,0,0,0,0,0,0,0,0,0,0,0,0,0,0,0,0,0,0,0,0,6,7,13,0,0,0,0,0,0,0,0,0,0,0,0,0,0,0,0,0,0,0,0,0,4,9,11,0,0,0,0,0,0,4,9,11,4,5,6,19,16,33
SSC70195,3,8,12,13,21,33,0,0,0,21,16,34,0,0,0,39,48,88,0,0,0,0,0,0,0,0,0,13,13,22,9,12,17,0,0,0,4,0,3,9,6,17,12,3,11,0,0,0,0,0,0,4,8,17,3,4,11,0,0,0,123,134,252,3,3,6,3,5,3,0,0,0,0,0,0,0,0,0,0,0,0,3,0,3,84,70,148,4,0,4,0,0,0,85,70,152,58,67,120,273,277,548
SSC70196,0,0,0,0,0,0,0,0,0,0,0,0,0,0,0,0,0,0,0,0,0,0,0,0,0,0,0,0,0,0,61,66,125,0,0,0,0,0,0,0,0,0,3,0,0,0,0,0,0,0,0,0,0,0,0,0,0,0,0,0,63,71,137,0,0,0,0,0,0,0,0,0,7,16,19,0,0,0,0,0,0,7,16,19,0,3,6,0,0,0,0,0,0,3,3,6,7,3,8,81,93,169
SSC70197,0,0,0,0,0,4,0,0,0,0,0,0,0,0,0,5,4,5,0,0,0,0,0,0,0,0,0,0,0,0,13,13,28,0,0,0,0,0,0,0,0,0,0,0,0,0,0,0,0,0,0,0,0,0,0,0,3,0,0,0,21,20,44,0,0,0,0,0,0,0,0,0,0,0,0,0,0,0,0,0,0,0,0,0,20,9,29,0,0,0,0,0,0,20,9,29,3,5,9,49,35,83
SSC70198,44,60,100,83,95,175,0,0,0,11,21,31,0,0,0,254,268,518,0,0,0,89,89,173,0,4,7,3,0,3,4,3,9,3,10,16,6,8,9,29,19,52,15,9,22,0,0,0,3,3,5,27,29,58,46,44,94,0,0,0,575,599,1171,88,74,158,32,28,62,0,0,0,0,0,0,4,4,13,4,0,4,9,6,13,363,327,696,0,0,0,0,0,0,367,333,696,100,98,199,1208,1197,2398
SSC70199,0,0,0,0,0,0,0,0,0,0,0,0,0,0,0,0,0,0,0,0,0,0,0,0,0,0,0,0,0,0,0,0,0,0,0,0,0,0,0,0,0,0,0,0,0,0,0,0,0,0,0,0,0,0,0,0,0,0,0,0,0,0,0,0,0,0,0,0,0,0,0,0,0,0,0,0,0,0,0,0,0,0,0,0,0,0,0,0,0,0,0,0,0,0,0,0,0,0,0,0,0,0
SSC70200,0,0,0,0,3,3,0,0,0,4,3,4,0,0,0,4,4,12,0,5,5,0,0,0,0,0,0,0,0,0,52,76,123,0,0,0,0,0,0,0,0,0,0,0,0,0,0,0,0,0,0,5,0,10,0,0,0,0,0,0,68,94,160,0,0,0,0,0,0,0,0,0,0,3,3,0,0,0,0,4,6,3,6,10,25,27,44,0,0,0,0,0,0,25,23,49,50,53,105,146,171,323
SSC70201,43,49,95,73,75,150,0,0,0,18,30,45,0,0,0,224,209,431,0,6,9,80,82,164,3,3,7,0,3,4,3,3,8,3,5,9,9,9,11,11,9,20,8,13,19,0,0,0,0,3,4,22,16,38,29,29,54,3,0,4,481,491,974,29,27,59,33,10,42,0,3,3,0,0,0,4,3,4,0,4,4,5,5,10,314,243,554,3,7,8,3,3,7,320,244,567,115,112,227,1036,940,1978
SSC70202,0,0,0,0,0,0,0,0,0,0,0,0,0,0,0,3,0,3,0,0,0,0,0,0,0,0,0,0,0,0,3,3,11,0,0,0,0,0,0,0,0,0,0,0,0,0,0,0,0,0,0,0,0,0,0,0,0,0,0,3,7,9,14,0,0,0,0,0,0,0,0,0,0,0,0,0,0,0,0,0,0,0,0,0,3,3,4,0,0,0,0,0,0,3,3,4,75,71,154,86,85,175
SSC70203,0,0,0,0,3,3,0,0,0,0,0,3,0,0,0,125,154,277,0,0,0,0,0,0,0,0,0,0,0,0,0,0,0,0,0,0,0,0,0,0,0,0,0,0,0,0,0,0,0,0,0,0,0,0,0,0,0,0,0,0,124,158,286,0,0,0,0,0,0,0,0,0,0,0,0,0,0,0,0,0,0,0,0,0,11,10,23,0,0,0,0,0,0,11,10,23,37,29,68,177,198,378
SSC70204,0,0,0,0,0,0,0,0,0,0,0,0,0,0,0,51,29,81,0,0,0,0,0,0,0,0,0,0,0,0,0,0,0,0,0,0,0,0,0,0,0,0,0,0,0,0,0,0,0,0,4,0,0,0,6,6,18,0,0,0,55,39,102,0,0,0,0,0,0,0,0,0,8,0,3,0,0,0,0,0,0,8,0,3,13,11,18,0,0,0,0,0,0,13,11,18,0,0,0,74,56,131
SSC70205,0,0,0,0,0,3,0,0,0,0,0,0,0,0,0,0,0,0,0,0,0,0,0,0,0,0,0,0,0,0,0,0,0,0,0,0,13,18,35,0,0,0,0,0,0,0,0,0,0,0,0,0,0,0,0,0,0,0,0,0,20,22,40,0,0,0,0,0,0,0,0,0,0,0,0,0,0,0,0,0,0,0,0,0,13,13,25,0,0,0,0,0,0,13,13,25,0,0,0,27,30,64
SSC70206,0,0,0,4,7,6,0,0,0,0,0,0,0,0,0,131,147,283,0,0,0,0,0,0,0,0,0,0,0,0,0,0,0,0,0,0,0,0,0,0,0,0,0,0,0,0,0,0,0,0,0,3,0,3,7,6,16,0,0,0,145,162,307,0,0,0,0,0,0,0,0,0,0,0,0,0,0,0,0,0,0,0,0,0,32,40,78,0,0,0,0,0,0,33,40,76,0,0,0,180,209,390
SSC70207,0,0,0,109,129,241,0,0,0,0,0,3,0,0,0,8,13,14,0,0,0,0,0,0,0,0,0,0,0,0,0,0,0,0,0,0,4,3,12,0,0,0,0,0,0,0,0,0,0,0,0,3,0,0,0,0,0,0,0,0,129,150,272,0,0,0,0,0,0,0,0,0,4,3,3,0,0,0,0,0,0,4,3,3,179,164,342,0,0,0,0,0,0,179,164,342,276,258,537,586,570,1149
SSC70208,3,21,27,175,162,339,0,0,0,37,45,77,0,0,0,281,331,616,0,0,0,7,7,11,3,12,17,7,6,11,9,9,17,3,0,3,4,5,12,7,13,21,27,28,47,3,3,5,5,11,12,80,85,164,48,55,96,0,3,3,703,767,1461,8,7,13,10,13,23,0,3,3,3,6,9,0,0,4,7,5,8,12,17,20,558,467,1025,5,4,7,3,4,4,566,472,1042,368,282,645,1664,1574,3240
SSC70209,0,0,0,8,5,9,0,0,0,0,0,0,0,0,0,8,4,12,0,0,0,0,0,0,0,0,0,0,0,0,0,0,0,0,0,0,0,0,0,0,0,0,0,0,3,0,0,0,0,0,0,3,3,7,0,0,0,0,0,0,24,16,41,0,0,0,0,0,0,0,0,0,14,5,16,0,0,0,0,0,0,14,5,16,4,0,5,0,0,0,0,0,0,4,0,5,0,0,0,38,22,60
SSC70210,45,67,111,122,124,251,0,0,0,24,23,47,0,0,0,389,406,797,0,0,0,102,99,207,0,4,3,4,0,4,5,13,16,4,3,8,9,7,15,10,16,29,22,24,48,0,4,4,0,4,4,46,48,88,27,42,71,0,0,0,768,816,1588,109,90,198,50,37,85,3,0,0,0,0,0,19,25,45,11,12,19,31,35,69,675,602,1279,3,7,7,5,0,13,686,614,1296,261,241,506,1952,1900,3853
SSC70211,0,0,0,4,3,3,0,0,0,0,7,4,0,0,0,3,8,7,0,0,0,0,0,0,0,3,3,0,0,0,0,0,0,0,0,0,21,25,45,0,0,0,0,0,0,0,0,0,0,0,0,0,4,4,3,0,3,0,0,0,35,46,77,0,0,0,0,0,0,0,0,0,4,3,4,0,0,0,0,0,0,4,3,4,21,25,41,0,0,0,0,0,0,21,25,41,20,24,43,73,93,169
SSC70212,3,5,14,21,19,37,0,0,0,4,4,12,0,0,0,22,29,51,0,0,0,0,0,0,0,0,0,0,0,0,0,0,3,0,0,0,0,0,0,0,0,0,3,0,3,0,0,0,0,0,0,0,4,8,5,4,6,0,0,0,57,59,121,0,0,0,3,0,6,0,0,0,0,0,0,0,0,0,3,3,3,3,3,3,67,44,109,0,0,0,0,0,0,67,44,109,41,32,71,176,150,319
SSC70213,0,0,0,221,244,473,0,0,0,0,0,0,0,0,0,8,14,24,0,0,0,0,0,0,0,0,0,0,0,0,0,0,0,0,0,0,0,0,3,0,0,0,0,0,0,0,0,0,0,0,0,0,0,3,3,0,0,0,0,0,239,263,505,4,0,3,0,0,0,0,0,0,40,22,60,0,0,0,0,0,0,40,22,60,27,25,53,0,0,0,0,0,0,27,25,53,41,68,105,347,375,723
SSC70214,0,0,0,0,0,0,0,0,0,0,0,0,0,0,0,0,0,0,0,0,0,0,0,0,0,0,0,0,0,0,0,0,0,0,0,0,0,0,0,0,0,0,0,0,0,0,0,0,0,0,0,0,0,0,0,0,0,0,0,0,0,0,0,0,0,0,0,0,0,0,0,0,0,0,0,0,0,0,0,0,0,0,0,0,0,0,0,0,0,0,0,0,0,0,0,0,6,4,13,4,4,12
SSC70215,0,0,0,0,4,4,0,0,0,4,14,21,0,0,0,5,8,11,0,0,0,0,0,0,0,0,0,0,0,0,6,3,10,0,0,0,0,0,0,63,78,145,0,0,0,0,0,0,0,0,0,0,0,0,0,0,3,0,0,0,86,107,188,0,0,0,0,0,0,0,0,0,0,0,0,0,0,0,0,0,0,0,0,0,21,19,40,0,0,0,0,0,0,21,19,40,3,5,6,107,129,236
SSC70216,0,0,0,0,0,0,0,0,0,0,0,0,0,0,0,4,7,10,0,0,0,0,0,0,0,0,0,0,0,0,0,0,0,0,0,0,0,0,0,0,0,0,0,0,0,0,0,0,0,0,0,0,0,0,0,0,0,0,0,0,4,4,7,0,0,0,0,0,0,0,0,0,0,0,0,0,0,0,0,0,0,0,0,0,3,0,4,0,0,0,0,0,0,3,0,4,3,0,3,9,9,21
SSC70217,0,0,0,0,6,5,0,0,0,0,0,0,0,0,0,0,3,3,0,0,0,0,0,0,0,0,0,0,0,0,0,0,0,0,0,0,0,0,0,0,0,0,0,0,0,0,0,0,0,0,0,0,0,0,0,0,0,0,0,0,4,11,11,0,0,0,0,0,0,0,0,0,0,0,0,0,0,0,0,0,0,0,0,0,9,10,17,0,0,0,0,0,0,9,10,17,5,0,4,15,16,33
SSC70218,0,0,0,5,4,3,0,0,0,0,0,3,0,0,0,7,5,11,0,0,0,0,0,0,0,0,0,0,0,0,135,173,310,0,0,0,0,0,0,0,0,0,0,0,0,0,0,0,0,0,0,0,0,0,3,3,7,0,0,0,153,188,341,0,0,0,0,0,0,0,0,0,0,0,0,0,0,0,0,0,0,0,0,0,11,17,25,0,0,0,0,0,0,11,17,25,17,20,35,181,224,404
SSC70219,38,51,90,123,128,250,0,0,0,11,10,21,0,0,0,300,296,594,3,0,7,20,18,39,3,0,7,9,6,17,17,15,34,0,0,4,3,3,5,8,12,17,24,12,33,0,3,3,4,3,5,37,46,83,18,32,54,0,0,0,568,592,1156,28,24,53,31,31,58,3,0,4,0,0,0,4,4,8,0,3,3,3,10,8,531,467,995,3,3,10,0,8,10,538,471,1015,184,170,360,1394,1353,2747
SSC70220,0,0,0,0,0,0,0,0,0,0,0,0,0,0,0,0,0,0,0,0,0,0,0,0,0,0,0,0,0,0,0,0,0,0,0,0,6,0,6,0,0,0,0,0,0,0,0,0,0,0,0,0,0,0,0,0,0,0,0,0,6,0,6,0,0,0,0,0,0,0,0,0,0,0,0,0,0,0,0,0,0,0,0,0,0,0,6,0,0,0,0,0,0,0,0,6,3,3,4,7,8,14
SSC70221,0,0,0,0,0,0,0,0,0,0,0,0,0,0,0,33,29,62,0,0,0,0,0,0,0,0,0,0,0,0,0,0,0,0,0,0,0,0,0,0,0,0,0,0,0,0,0,0,0,0,0,0,0,0,10,11,28,0,0,0,44,45,87,0,0,0,0,0,0,0,0,0,3,4,5,0,0,0,0,0,0,3,4,5,12,21,31,0,0,0,0,0,0,12,21,31,26,23,47,87,84,178
SSC70222,0,0,0,0,3,4,0,0,0,0,3,3,0,0,0,8,8,13,0,0,0,0,0,0,0,0,0,0,0,0,15,25,39,0,0,0,0,0,0,0,0,0,0,3,3,0,0,0,0,0,0,0,3,6,3,0,3,0,0,0,35,41,81,0,0,0,0,0,0,0,0,0,0,0,3,0,0,0,0,0,0,0,0,3,16,25,44,0,0,0,0,0,0,16,25,44,26,27,57,86,95,185
SSC70223,0,0,0,3,0,3,0,0,0,0,0,0,0,0,0,0,3,6,0,0,0,0,0,0,0,0,0,0,0,0,0,0,0,0,0,0,6,3,9,0,0,0,0,0,0,0,0,0,0,0,0,0,0,0,0,0,0,0,0,0,12,10,19,0,0,0,0,0,0,0,0,0,33,42,71,0,0,0,0,0,0,33,42,71,5,6,9,0,0,0,0,0,0,5,6,9,4,7,9,57,59,120
SSC70224,0,0,0,18,25,40,0,0,0,0,0,0,0,0,0,18,16,35,0,0,0,0,0,0,0,0,0,0,0,0,0,3,6,0,0,0,0,0,0,16,17,33,0,0,0,3,0,3,0,0,0,8,0,9,0,0,0,0,0,0,65,63,129,0,0,4,0,0,4,0,0,0,0,0,0,0,0,0,0,0,0,0,0,0,62,33,96,0,0,0,0,0,0,65,33,97,44,52,97,176,155,328
SSC70225,0,0,0,4,6,13,0,0,0,0,0,0,0,0,0,0,0,3,0,0,0,0,0,0,0,0,0,0,0,0,0,0,0,0,0,0,0,0,0,0,0,0,0,0,0,0,0,0,0,0,0,0,0,0,0,0,0,0,0,0,6,8,19,0,0,0,0,0,0,0,0,0,0,0,0,0,0,0,0,0,0,0,0,0,6,6,12,0,0,0,0,0,0,6,6,12,0,0,0,14,11,25
SSC70226,0,0,0,0,0,0,0,0,0,0,0,0,0,0,0,117,127,248,0,0,0,0,0,0,0,0,0,0,0,0,0,0,0,0,0,0,0,0,0,0,0,0,0,0,0,0,0,0,0,0,0,0,0,0,6,0,5,0,0,0,130,134,258,0,0,0,0,0,0,0,0,0,3,0,4,0,0,0,0,0,0,3,0,4,21,20,39,0,0,0,0,0,0,21,20,38,34,33,67,182,182,371
SSC70227,0,0,0,0,0,0,0,0,0,4,0,4,0,0,0,0,4,4,0,0,0,0,0,0,0,0,0,0,0,0,0,0,0,0,0,0,0,0,0,0,0,0,0,0,0,0,0,0,0,0,0,0,0,0,0,0,0,0,0,0,5,3,11,0,0,0,0,0,0,0,0,0,0,0,0,0,0,0,0,0,0,0,0,0,7,6,10,0,0,0,0,0,0,7,6,10,0,0,0,11,11,22
SSC70228,0,0,0,3,6,10,0,0,0,6,3,12,0,0,0,9,8,12,0,0,3,0,0,0,0,0,0,0,0,0,0,0,0,0,0,0,0,0,0,3,0,3,0,0,3,0,0,0,0,0,3,0,0,4,7,7,16,0,0,0,33,25,59,0,0,0,0,0,0,0,0,0,0,0,0,0,0,0,0,0,0,0,0,0,11,13,23,0,0,0,0,0,0,11,13,23,7,4,14,58,43,99
SSC70229,0,0,0,3,3,4,0,0,0,0,0,0,0,0,0,6,4,8,0,0,0,0,0,0,0,0,0,0,0,0,0,0,0,0,0,0,0,0,0,3,3,9,0,0,0,0,0,0,0,0,0,313,332,650,9,13,19,0,0,0,332,358,696,0,0,0,0,0,0,0,0,0,24,15,41,0,0,0,0,0,0,24,15,41,22,23,46,0,0,3,0,0,0,23,28,50,42,46,93,424,448,872
SSC70230,0,0,0,4,0,9,0,0,0,0,0,0,0,0,0,9,11,21,0,0,0,0,0,0,0,0,0,0,0,0,0,0,0,0,0,0,0,0,0,0,0,0,0,0,0,0,0,0,0,0,0,0,3,4,0,0,0,0,0,0,17,19,32,0,0,0,0,0,0,0,0,0,0,0,0,0,0,0,0,0,0,0,0,0,3,3,5,0,0,0,0,0,0,3,3,5,3,0,3,22,24,44
SSC70231,30,54,82,99,125,226,0,0,0,19,17,33,0,0,0,286,328,616,3,4,6,47,37,77,0,6,7,3,3,4,8,3,10,0,0,3,3,4,11,9,9,19,24,19,35,0,0,0,13,8,18,50,57,105,17,23,44,3,3,4,581,642,1218,92,83,173,43,42,88,8,7,12,0,0,3,16,13,29,7,5,12,23,24,42,550,533,1086,7,9,14,0,3,3,559,553,1110,282,261,547,1612,1666,3282
SSC70232,0,0,0,0,0,3,0,0,0,0,0,0,0,0,0,0,0,0,0,0,0,0,0,0,0,0,0,0,0,0,0,0,0,0,0,0,0,0,0,0,0,0,0,0,0,0,0,0,0,0,0,0,0,0,0,0,0,0,0,0,0,4,3,0,0,0,0,0,0,0,0,0,0,0,0,0,0,0,0,0,0,0,0,0,3,3,9,0,0,0,0,0,0,3,3,9,0,0,0,6,5,13
SSC70233,0,0,0,0,0,0,0,0,0,7,3,9,0,0,0,0,0,0,0,0,0,0,0,0,0,0,0,0,0,0,3,3,8,0,0,0,25,23,47,0,0,0,0,0,0,0,0,0,0,0,0,0,0,0,0,0,0,0,0,0,33,35,71,0,0,0,0,0,0,0,0,0,0,0,0,0,0,0,0,0,0,0,0,0,67,56,127,0,0,0,0,0,0,67,56,127,15,20,27,109,113,222
SSC70234,31,50,81,219,226,445,0,0,0,48,42,88,0,0,0,453,476,933,3,0,3,39,35,77,3,4,3,4,6,13,25,20,48,0,0,0,16,20,35,32,30,57,30,32,57,3,3,5,6,10,14,57,70,129,56,43,97,3,0,5,994,1013,2009,34,39,71,31,36,63,0,0,0,0,0,0,0,3,3,8,13,19,11,13,25,818,679,1501,8,3,14,3,0,3,827,686,1517,232,216,450,2173,2049,4218
SSC70235,6,7,12,46,40,85,0,0,0,8,0,12,0,0,0,60,72,136,0,0,0,0,0,0,0,0,0,0,0,0,3,10,9,0,0,0,0,0,0,3,6,8,8,9,15,0,0,0,3,0,3,12,27,39,8,13,17,0,0,0,148,175,324,4,3,4,3,4,6,0,0,0,0,0,0,0,0,5,3,0,3,4,4,7,126,100,227,0,0,0,0,0,0,122,100,231,66,65,129,353,351,709
SSC70236,0,0,3,0,0,0,0,0,0,0,0,0,0,0,0,3,9,13,0,0,0,0,0,0,0,0,0,0,0,0,0,0,0,0,0,0,0,0,0,0,0,0,0,0,0,0,0,0,0,0,0,0,0,0,0,0,3,0,0,0,9,12,21,0,0,0,0,0,0,0,0,0,0,0,0,0,0,0,0,3,3,0,3,3,18,10,25,0,0,0,0,0,0,18,10,25,17,13,32,47,42,84
SSC70237,18,20,39,69,78,148,0,0,0,23,32,55,0,0,0,240,227,462,0,0,0,0,0,3,0,0,0,8,12,20,37,49,81,3,3,6,5,3,8,26,24,54,9,8,16,4,3,8,3,3,11,14,21,35,33,30,58,0,0,0,490,493,980,26,25,52,6,3,14,0,0,0,4,3,9,12,22,33,8,9,15,25,36,57,352,293,646,0,3,3,3,5,9,354,301,656,169,162,325,1088,1038,2123
SSC70238,0,0,0,4,3,13,0,0,0,50,44,94,0,0,0,3,11,16,0,0,0,0,0,0,0,0,0,0,0,0,149,177,324,0,0,0,0,0,0,0,0,3,0,0,0,0,0,0,0,0,3,0,0,3,0,0,0,0,0,0,208,245,455,0,0,0,0,0,0,0,0,0,36,34,70,0,0,0,0,0,0,36,34,70,14,16,33,0,0,4,0,0,0,11,22,30,36,45,81,285,346,634
SSC70239,0,0,0,3,0,0,0,0,0,4,0,4,0,0,0,220,256,482,0,0,0,0,0,0,0,0,0,0,0,0,11,7,13,0,0,0,0,0,0,0,0,0,0,0,0,0,0,0,0,0,0,3,6,4,0,0,0,0,0,0,236,266,506,0,0,0,0,0,0,0,0,0,0,0,0,0,0,0,0,0,4,3,0,3,19,9,26,0,0,0,0,0,0,19,9,26,22,19,41,282,298,579
SSC70240,0,0,0,3,0,3,0,0,0,0,0,0,0,0,0,3,0,3,0,0,0,0,0,0,0,0,0,0,0,0,0,0,0,0,0,0,0,0,0,0,0,0,0,0,0,0,0,0,0,0,0,0,0,0,0,0,0,0,0,0,8,0,8,0,0,0,0,0,0,0,0,0,0,0,0,0,0,0,0,0,0,0,0,0,10,5,11,0,0,0,0,0,0,10,5,11,0,0,0,15,5,16
SSC70241,0,0,0,0,0,0,0,0,0,0,0,0,0,0,0,0,0,0,0,0,0,0,0,0,0,0,0,0,0,0,0,0,0,0,0,0,0,0,0,0,0,0,0,0,0,0,0,0,0,0,0,0,0,0,0,0,0,0,0,0,0,0,0,0,0,0,0,0,0,0,0,0,0,0,0,0,0,0,0,0,0,0,0,0,0,0,0,0,0,0,0,0,0,0,0,0,0,0,0,0,0,0
SSC70242,0,0,0,10,3,16,0,0,0,0,0,0,0,0,0,15,19,32,0,0,0,0,0,0,3,4,5,0,0,0,0,0,0,0,0,0,0,0,0,0,0,0,0,7,6,0,0,0,0,0,0,9,0,8,10,4,16,0,0,0,54,37,91,0,0,0,0,0,0,0,0,0,0,0,0,0,0,0,0,0,0,0,0,0,50,38,88,0,0,0,0,0,0,48,38,92,27,23,49,127,98,232
SSC70243,0,0,0,4,3,5,0,0,0,0,0,0,0,0,0,0,9,9,0,0,0,0,0,0,0,0,0,0,0,0,0,0,0,0,0,0,0,0,0,0,0,0,0,3,0,0,0,0,0,0,0,0,0,0,0,0,0,0,0,0,7,15,20,0,0,0,0,0,0,0,0,0,0,0,0,0,0,0,0,0,0,0,0,0,13,5,24,0,0,0,0,0,0,13,5,24,11,14,29,33,34,68
SSC70244,0,0,3,22,17,38,0,0,0,5,4,14,0,0,0,41,63,102,0,0,3,0,0,0,0,0,0,0,0,0,20,27,48,0,0,0,0,0,4,3,4,3,3,0,4,0,0,0,0,0,0,4,4,14,4,7,5,0,0,0,107,130,239,0,0,0,0,0,0,0,0,0,0,4,5,8,4,16,0,0,0,12,13,21,79,75,147,0,0,0,0,0,3,78,72,156,13,35,50,212,249,466
SSC70245,49,78,127,161,149,309,0,0,0,23,24,41,0,0,0,463,448,906,0,0,0,68,67,135,3,7,11,0,3,6,4,12,13,0,0,0,13,6,20,25,16,38,22,27,45,0,0,0,3,8,9,56,59,117,32,42,75,0,0,0,866,864,1732,81,53,134,35,26,61,3,0,0,0,0,0,12,5,17,10,15,23,16,17,37,737,633,1375,12,3,13,4,6,11,751,639,1396,344,320,660,2149,1998,4149
SSC70246,0,0,0,3,0,4,0,0,0,0,0,0,0,0,0,3,3,9,0,0,0,0,0,0,0,0,0,0,0,0,0,0,0,0,0,0,0,0,0,0,0,0,0,0,0,0,0,0,0,0,0,0,0,0,0,0,0,0,0,0,12,10,24,0,0,0,0,0,0,0,0,0,0,0,0,0,0,0,0,0,0,0,0,0,8,3,9,0,0,0,0,0,0,8,3,9,6,5,15,33,18,46
SSC70247,4,0,4,8,9,19,0,0,0,3,0,0,0,0,0,15,16,27,0,0,0,0,0,0,0,0,0,0,0,0,0,0,0,0,0,0,26,26,54,0,0,0,3,0,3,0,0,0,0,0,0,5,4,15,4,3,6,0,0,0,63,60,123,0,0,0,0,0,0,0,0,0,3,3,4,0,0,0,0,0,0,3,3,4,28,14,47,0,0,0,0,0,0,28,14,47,6,17,27,110,103,210
SSC70248,0,0,0,10,0,10,0,0,0,0,0,0,0,0,0,9,4,10,0,0,0,0,0,0,0,0,0,0,0,0,3,0,3,0,0,0,0,0,0,0,0,0,0,0,0,0,0,0,0,0,0,0,0,4,3,0,3,0,0,0,26,7,31,0,0,0,0,0,3,0,0,0,0,0,0,0,0,0,0,0,0,0,0,0,17,7,20,0,0,0,0,0,0,23,7,28,9,0,13,57,12,73
SSC70249,0,0,0,0,3,3,0,0,0,0,0,0,0,0,0,0,0,0,0,0,0,0,0,0,0,0,0,0,0,0,0,0,0,0,0,0,0,0,0,0,0,0,0,0,0,0,0,0,0,0,0,0,0,0,0,0,0,0,0,0,4,3,8,0,0,0,0,0,0,0,0,0,0,0,0,0,0,0,0,0,0,0,0,0,7,0,7,0,0,0,0,0,0,7,0,7,10,0,16,23,8,33
SSC70250,0,0,0,0,0,0,0,0,0,3,6,6,0,0,0,5,3,11,0,0,0,0,0,0,0,0,0,0,0,0,20,18,33,0,0,0,0,0,0,0,0,0,0,0,0,0,0,0,0,0,0,0,0,0,0,0,0,0,0,3,28,28,51,0,0,0,0,0,0,0,0,0,0,0,0,0,0,0,0,0,0,0,0,0,5,10,15,0,0,0,0,0,0,5,10,15,14,8,18,44,48,89
SSC70251,11,24,33,94,72,171,0,0,0,64,62,119,0,0,0,226,226,453,0,0,3,18,15,27,0,0,0,3,6,9,29,11,38,0,3,0,107,128,236,11,14,25,16,10,25,4,0,3,9,8,19,56,57,115,37,37,76,0,3,3,677,660,1330,10,11,17,7,6,10,0,0,0,66,81,140,0,0,3,0,0,3,62,81,145,554,472,1026,4,0,4,0,0,3,557,474,1030,253,169,418,1575,1420,2991
SSC70252,0,0,0,0,0,0,0,0,0,0,0,0,0,0,0,88,86,180,0,0,0,0,0,0,0,0,0,0,0,0,0,0,0,0,0,0,0,0,0,0,0,0,0,0,0,0,0,0,0,0,0,0,0,0,0,0,0,0,0,0,88,86,180,0,0,0,0,0,0,0,0,0,0,0,0,0,0,0,0,0,0,0,0,0,0,3,3,0,0,0,0,0,0,0,3,3,8,7,12,102,99,197
SSC70253,28,46,72,29,39,74,0,0,0,12,14,27,0,0,0,185,208,393,0,0,0,3,0,3,0,0,0,6,0,13,19,20,35,3,6,12,5,4,6,9,19,24,26,25,55,0,0,0,3,0,3,18,25,38,22,24,43,0,0,0,345,391,734,28,23,54,20,6,28,0,0,0,0,3,3,6,9,16,4,8,8,13,17,26,229,234,466,5,3,8,3,0,3,235,237,477,158,164,323,831,885,1709
SSC70254,4,12,16,28,23,49,0,0,0,0,7,11,0,0,0,77,100,180,0,0,0,10,9,16,0,0,0,0,0,0,0,0,3,0,0,0,8,0,9,0,3,3,10,4,19,0,0,0,0,0,0,12,10,24,10,6,16,0,0,0,154,168,322,4,3,12,10,8,11,0,0,0,0,0,0,0,0,3,0,0,3,6,3,8,155,137,294,0,0,0,0,0,0,156,137,294,37,34,74,365,359,728
SSC70255,14,10,25,25,27,55,0,0,0,3,6,12,0,0,0,78,66,147,0,0,0,13,5,14,0,0,0,0,0,0,0,0,3,0,0,0,3,6,4,0,0,0,3,4,9,0,0,0,3,3,8,12,10,19,5,4,7,0,0,0,153,143,298,3,4,5,6,7,11,0,0,0,0,3,3,0,0,0,0,0,0,0,3,4,92,70,162,0,0,0,0,0,0,94,72,162,51,36,91,318,282,602
SSC70256,0,0,0,3,0,3,0,0,0,0,0,0,0,0,0,3,10,13,0,0,0,0,0,0,0,0,0,0,0,0,4,9,18,0,0,0,0,0,0,0,3,5,0,0,0,0,0,0,0,0,0,0,3,3,0,0,0,0,0,0,19,29,43,0,0,0,0,0,0,0,0,0,0,0,0,0,0,0,0,0,0,0,0,0,8,9,17,0,0,0,0,0,0,8,9,17,0,7,9,26,44,70
SSC70257,0,5,6,12,6,16,0,0,0,0,0,0,0,0,0,15,10,27,0,0,0,0,0,0,0,0,0,0,0,0,0,0,0,0,0,0,0,0,0,12,10,24,5,5,12,0,0,0,0,0,0,0,3,3,6,5,16,0,0,0,49,41,92,0,0,0,0,0,0,0,0,0,3,6,12,0,0,0,0,0,0,3,6,12,52,44,97,0,0,0,0,0,0,55,44,100,24,23,41,135,112,249
SSC70258,11,6,16,45,43,92,0,0,0,18,11,31,0,0,0,92,88,178,0,0,0,0,0,0,0,0,0,0,0,3,6,5,7,0,0,0,0,0,0,3,3,9,4,12,15,0,0,0,0,0,0,21,18,46,7,5,9,0,0,0,196,191,392,4,0,8,0,0,3,0,0,0,0,0,0,3,0,4,0,0,3,4,0,5,199,130,321,3,0,6,0,0,0,203,128,328,76,34,113,498,358,857
SSC70259,0,0,0,7,3,5,0,0,0,0,0,0,0,0,0,4,4,8,0,0,0,0,0,0,0,0,0,0,0,0,0,0,0,0,0,0,0,0,0,0,0,0,0,0,0,0,0,0,0,0,0,0,0,3,0,0,0,0,0,0,10,10,22,0,0,0,0,0,0,0,0,0,0,0,0,0,0,0,0,0,0,0,0,0,10,5,10,0,0,0,0,0,0,10,5,10,0,0,0,24,14,31
SSC70260,0,0,0,3,0,3,0,0,0,0,0,0,0,0,0,5,13,14,0,0,0,0,0,0,0,0,0,0,0,0,66,73,139,0,0,0,0,0,0,0,0,0,0,0,0,0,0,0,0,0,3,0,0,3,0,0,0,0,0,0,74,87,160,0,0,0,0,0,0,0,0,0,0,0,0,0,0,0,0,0,0,0,0,0,12,10,22,0,0,0,0,0,0,12,10,22,22,21,44,109,115,227
SSC70261,0,0,0,0,0,0,0,0,0,0,0,0,0,0,0,0,0,0,0,0,0,0,0,0,0,0,0,0,0,0,0,0,0,0,0,0,0,0,0,0,0,0,0,0,0,0,0,0,0,0,0,0,0,0,0,0,0,0,0,0,0,0,0,0,0,0,0,0,0,0,0,0,0,0,0,0,0,0,0,0,0,0,0,0,0,0,0,0,0,0,0,0,0,0,0,0,0,0,0,0,0,0
SSC70262,32,36,69,76,100,183,0,0,0,14,17,33,0,0,0,298,335,630,0,0,0,61,62,126,0,4,4,3,0,6,10,16,22,14,8,18,8,11,14,18,21,40,17,8,32,0,4,4,0,3,3,39,53,93,32,37,65,0,0,0,588,688,1275,44,43,93,25,26,47,4,0,5,3,0,5,3,0,3,3,3,11,10,7,13,356,344,698,0,3,8,3,3,5,361,349,706,200,156,352,1261,1298,2562
SSC70263,0,0,0,0,0,0,0,0,0,0,0,0,0,0,0,28,31,57,0,0,0,0,0,0,0,0,0,0,0,0,0,0,0,0,0,0,3,0,6,0,0,4,0,0,0,0,0,0,0,0,0,0,0,0,8,7,11,0,0,0,42,49,86,0,0,0,0,0,0,0,0,0,0,0,0,0,0,0,0,0,0,0,0,0,16,8,24,0,0,0,0,0,0,16,10,23,8,0,10,62,56,123
SSC70264,0,0,0,0,0,0,0,0,0,0,0,0,0,0,0,0,0,0,0,0,0,0,0,0,0,0,0,0,0,0,0,0,0,0,0,0,0,0,0,0,0,0,0,0,0,0,0,0,0,0,0,0,0,0,0,0,0,0,0,0,0,0,0,0,0,0,0,0,0,0,0,0,0,0,0,0,0,0,0,0,0,0,0,0,0,3,3,0,0,0,0,0,0,0,3,3,0,0,0,0,3,3
SSC70265,0,0,0,0,0,3,0,0,0,0,0,0,0,0,0,0,0,0,0,0,0,0,0,0,0,0,0,0,0,0,0,0,0,0,0,0,0,0,0,0,0,0,0,0,0,0,0,0,0,0,0,0,0,0,0,0,0,0,0,0,3,0,3,0,0,0,0,0,0,0,0,0,0,0,0,0,0,0,0,0,0,0,0,0,0,0,3,0,0,0,0,0,0,0,0,3,3,0,8,7,3,14
SSC70266,0,3,3,6,13,18,0,0,0,0,0,0,0,0,0,23,23,45,0,0,0,4,0,4,0,0,0,0,0,0,0,0,0,0,0,0,0,0,0,0,0,0,3,0,4,0,0,0,0,0,0,0,5,7,3,3,3,0,0,0,34,40,74,0,0,0,0,0,0,0,0,0,0,0,0,0,0,0,0,0,0,0,0,0,42,25,65,0,0,0,0,0,0,42,25,65,16,8,27,94,78,170
SSC70267,0,0,0,111,121,231,0,0,0,0,0,0,0,0,0,8,3,11,0,0,0,0,0,0,0,0,0,0,0,0,0,0,0,0,0,0,0,0,0,0,0,0,0,0,0,0,0,0,0,0,0,0,3,3,53,58,112,0,0,0,172,179,356,0,0,0,0,0,0,0,0,0,0,0,0,0,0,0,0,0,0,0,0,0,53,47,103,0,0,0,0,0,0,53,47,103,23,26,46,248,256,503
SSC70268,0,0,0,0,0,0,0,0,0,0,0,0,0,0,0,0,0,0,0,0,0,0,0,0,0,0,0,0,0,0,0,0,0,0,0,0,0,0,0,0,0,0,0,0,0,0,0,0,0,0,0,0,0,0,0,0,0,0,0,0,0,0,0,0,0,0,0,0,0,0,0,0,0,0,0,0,0,0,0,0,0,0,0,0,0,0,0,0,0,0,0,0,0,0,0,0,0,0,0,0,0,0
SSC70269,0,0,0,14,9,24,0,0,0,0,0,0,0,0,0,18,16,34,0,0,0,0,0,0,0,0,3,0,0,0,0,0,3,0,0,0,0,0,0,0,0,0,0,0,0,0,0,0,0,0,0,3,3,7,0,0,0,0,0,0,36,37,72,0,0,0,0,0,0,0,0,0,0,0,0,0,0,0,0,0,0,0,0,0,33,27,62,0,0,0,0,0,0,33,27,62,7,8,14,71,70,142
SSC70270,0,0,0,0,0,0,0,0,0,0,0,0,0,0,0,0,0,0,0,0,0,0,0,0,0,0,0,0,0,0,0,0,0,0,0,0,0,0,0,0,0,0,0,0,0,0,0,0,0,0,0,0,0,0,0,0,0,0,0,0,0,0,0,0,0,0,0,0,0,0,0,0,0,0,0,0,0,0,0,0,0,0,0,0,0,0,0,0,0,0,0,0,0,0,0,0,0,0,0,0,0,0
SSC70271,0,0,0,0,0,7,0,0,0,4,3,4,0,0,0,5,7,10,0,0,0,0,0,0,0,0,0,0,0,0,0,0,0,0,0,0,0,0,0,0,0,0,0,0,0,0,0,0,0,0,0,0,0,0,4,3,12,0,0,3,19,17,37,0,0,0,0,0,0,0,0,0,0,0,0,0,0,0,0,0,0,0,0,0,12,7,17,0,0,0,0,0,0,12,7,17,61,36,101,96,59,154
SSC70272,0,0,0,0,0,0,0,0,0,0,0,0,0,0,0,0,0,0,0,0,0,0,0,0,0,0,0,0,0,0,0,0,0,0,0,0,0,0,0,0,0,0,0,0,0,0,0,0,0,0,0,0,0,0,0,0,0,0,0,0,0,0,0,0,0,0,0,0,0,0,0,0,0,0,0,0,0,0,0,0,0,0,0,0,0,0,0,0,0,0,0,0,0,0,0,0,0,0,0,0,0,0
SSC70273,0,0,0,12,6,18,0,0,0,0,0,0,0,0,0,3,3,8,0,0,0,0,0,0,0,0,0,0,0,0,0,0,0,0,0,0,0,0,0,3,3,3,0,0,0,0,0,0,0,0,0,0,0,0,0,0,0,0,0,0,20,17,33,0,0,0,0,0,0,0,0,0,12,13,23,0,0,0,0,0,0,12,13,23,17,13,36,0,0,0,0,0,0,17,13,36,31,19,56,90,66,152
SSC70274,4,5,15,116,127,235,0,0,0,23,9,38,0,0,0,148,158,305,0,0,0,17,14,34,5,4,14,0,3,5,11,8,17,0,0,0,4,0,3,6,7,13,14,26,46,0,0,0,3,3,3,44,46,84,19,22,34,0,0,0,414,437,849,0,0,0,3,5,3,0,0,0,0,0,0,0,0,0,0,0,0,0,0,0,405,321,721,4,0,4,3,0,3,409,316,729,121,112,235,958,879,1836
SSC70275,4,0,7,7,10,12,0,0,0,0,0,0,0,0,0,817,863,1682,0,0,0,0,0,0,0,0,0,0,0,0,0,0,0,0,0,0,0,3,3,0,0,0,5,0,5,0,0,0,0,0,0,0,0,3,28,22,47,0,0,0,855,899,1750,0,0,0,0,0,0,0,0,0,0,0,0,0,0,0,0,0,0,0,0,6,91,90,177,0,0,0,0,0,0,92,90,181,158,174,337,1111,1171,2280
SSC70276,3,8,9,31,26,52,0,0,0,0,3,4,0,0,0,22,44,67,0,0,0,0,0,0,0,0,0,0,0,0,0,3,3,0,0,0,0,6,8,0,0,0,9,7,14,0,0,0,0,0,0,8,13,23,12,8,19,0,0,0,81,110,187,0,0,0,0,0,0,0,0,0,0,0,0,0,0,0,0,3,3,0,3,3,118,80,195,0,0,0,0,0,0,118,80,193,29,28,61,237,227,461
SSC70277,38,43,82,36,42,79,0,0,0,11,14,20,0,0,0,243,237,475,0,0,3,119,94,217,3,5,6,5,3,8,5,0,8,0,0,0,4,4,5,11,23,35,13,3,12,5,4,8,10,14,22,27,22,51,34,32,67,0,0,0,522,508,1027,55,43,99,59,20,76,0,0,0,0,0,0,8,0,4,5,6,14,12,6,21,288,249,537,3,0,6,0,0,0,289,251,541,159,159,316,1126,1032,2163
SSC70278,0,0,0,0,0,0,0,0,0,0,0,0,0,0,0,0,0,0,0,0,0,0,0,0,0,0,0,0,0,0,0,0,0,0,0,0,0,0,0,0,0,0,0,0,0,0,0,0,0,0,0,0,0,0,0,0,0,0,0,0,0,0,0,0,0,0,0,0,0,0,0,0,0,0,0,0,0,0,0,0,0,0,0,0,0,0,0,0,0,0,0,0,0,0,0,0,0,0,0,0,0,0
SSC70279,0,0,0,0,0,0,0,0,0,0,0,0,0,0,0,0,3,3,0,0,0,0,0,0,0,0,0,0,0,0,37,29,69,0,0,0,0,0,0,0,0,0,0,0,0,0,0,0,0,0,0,0,0,0,0,0,3,0,0,0,38,37,72,0,0,0,0,0,0,0,0,0,0,0,0,0,0,0,0,0,0,0,0,0,9,10,18,0,0,0,0,0,0,9,10,18,5,3,8,57,48,102
SSC70280,22,36,60,69,71,137,0,0,0,9,12,23,0,0,0,223,235,458,0,0,0,73,60,137,6,9,10,0,0,0,3,3,8,0,0,0,0,0,0,9,16,27,17,15,32,0,0,0,4,4,9,40,42,84,20,22,40,0,0,0,478,489,966,30,20,54,29,23,58,0,0,0,0,0,3,3,0,3,3,0,3,8,0,9,270,235,503,4,0,3,3,0,3,272,237,512,118,116,234,952,923,1876
SSC70281,0,0,0,3,3,7,0,0,0,0,0,0,0,0,0,5,9,9,0,0,0,0,0,0,0,0,0,0,0,0,0,0,0,0,0,0,4,4,10,0,0,4,0,0,0,0,0,0,0,0,0,125,126,247,0,0,0,0,0,0,144,139,283,0,0,0,0,0,0,0,0,0,16,9,24,0,0,0,0,0,0,16,9,24,32,25,55,0,0,0,0,0,0,32,25,55,13,14,22,206,188,389
SSC70282,0,0,0,0,3,5,0,0,0,20,11,29,0,0,0,5,3,8,0,0,0,0,0,0,0,0,0,0,0,0,0,0,0,0,0,0,10,11,20,0,0,0,0,0,0,0,0,0,0,0,0,0,0,0,0,0,0,0,0,0,40,31,67,0,0,0,0,0,0,0,0,0,4,7,8,0,0,0,0,0,0,4,7,8,23,15,36,0,0,0,0,0,0,21,15,40,30,16,41,87,68,157
SSC70283,0,0,0,3,3,6,0,0,0,0,0,0,0,0,0,10,3,14,0,0,0,0,0,0,0,0,0,0,0,0,0,0,0,0,0,0,0,0,0,0,0,0,0,0,0,0,0,0,0,0,0,4,3,4,0,0,0,0,0,0,21,10,29,0,0,0,0,0,0,0,0,0,0,0,0,0,0,0,0,0,0,0,0,0,12,11,26,0,0,0,0,0,0,8,12,22,7,8,15,38,30,69
SSC70284,0,0,0,16,17,33,0,0,0,0,0,0,0,0,0,0,9,8,0,0,0,0,0,0,0,0,0,0,0,0,0,0,0,0,0,0,18,24,43,0,0,0,0,0,0,0,0,0,3,0,8,134,128,266,3,0,3,0,0,0,172,185,355,0,0,0,0,0,0,0,0,0,76,77,156,0,0,0,0,0,0,76,77,156,14,13,22,0,0,0,0,0,0,14,13,22,65,82,151,333,353,683
SSC70285,0,4,4,10,17,31,0,0,0,0,0,3,0,0,0,19,16,41,0,0,0,0,0,0,0,0,0,0,0,0,5,3,10,0,0,0,0,0,0,0,0,0,8,0,8,0,0,0,0,0,0,8,9,13,3,0,6,0,0,0,54,55,110,0,0,0,0,0,0,0,0,0,0,0,0,0,0,0,0,0,0,0,0,0,43,30,72,0,0,0,0,0,0,43,30,72,26,28,55,124,117,238
SSC70286,0,0,0,15,0,12,0,0,0,0,0,0,0,0,0,27,0,29,0,0,0,4,0,4,0,0,0,0,0,0,0,0,0,0,0,0,0,0,0,0,0,0,3,0,3,0,0,0,0,0,0,4,0,4,0,0,0,0,0,0,52,3,54,9,0,9,0,0,0,0,0,0,0,0,0,0,0,0,0,0,0,0,0,0,38,0,38,0,0,0,0,0,0,38,0,38,156,6,164,262,5,268
SSC70287,0,0,0,0,5,8,0,0,0,99,143,244,0,0,0,0,0,0,0,0,0,0,0,0,0,0,0,0,0,0,9,8,11,0,0,0,0,0,0,0,3,3,3,0,3,0,0,0,0,0,0,0,0,0,0,4,3,0,0,0,117,157,269,0,0,0,0,0,0,0,0,0,5,3,4,0,0,0,0,0,0,5,4,9,13,5,17,0,0,0,0,0,0,13,5,17,0,3,4,132,172,301
SSC70288,0,0,0,0,0,0,0,0,0,0,0,0,0,0,0,0,0,0,0,0,0,0,0,0,0,0,0,0,0,0,38,50,91,0,0,0,0,0,0,0,0,0,0,0,0,0,0,0,0,0,0,0,0,0,0,0,0,0,0,0,38,55,94,0,0,0,0,0,0,0,0,0,0,0,0,0,0,0,0,0,0,0,0,0,0,0,0,0,0,0,0,0,0,0,0,0,5,0,5,43,53,95
SSC70289,0,0,0,11,4,15,0,0,0,0,0,0,0,0,0,0,0,0,0,0,0,0,0,0,0,0,0,0,0,0,0,0,0,0,0,0,0,0,0,0,0,0,0,0,0,0,0,0,0,0,0,3,0,3,0,0,0,0,0,0,7,4,20,0,0,0,0,0,0,0,0,0,0,0,0,0,0,0,0,0,0,0,0,0,26,25,51,0,0,0,0,0,0,26,25,51,33,32,66,69,64,136
SSC70290,3,4,5,18,8,29,0,0,0,3,0,3,0,0,0,24,18,40,0,0,0,0,0,0,0,0,0,0,0,0,0,0,0,0,0,0,0,0,0,0,0,0,0,3,6,0,0,0,3,0,3,13,3,17,0,3,3,0,0,0,68,33,99,0,0,0,0,0,0,0,0,0,0,0,0,0,0,0,0,0,0,0,0,0,45,14,65,0,0,0,0,0,0,46,14,66,25,8,31,143,64,208
SSC70291,0,0,0,0,0,0,0,0,0,0,0,0,0,0,0,0,0,0,0,0,0,0,0,0,0,0,0,0,0,0,0,0,0,0,0,0,0,0,0,0,0,0,0,0,0,0,0,0,0,0,0,0,0,0,0,0,0,0,0,0,0,0,0,0,0,0,0,0,0,0,0,0,0,0,0,0,0,0,0,0,0,0,0,0,0,0,0,0,0,0,0,0,0,0,0,0,0,0,0,0,0,0
SSC70292,39,59,96,134,174,308,0,0,0,10,20,29,0,0,0,327,380,699,0,3,6,13,16,36,3,0,10,11,6,16,18,19,41,0,0,0,11,8,19,24,25,52,12,17,28,3,3,3,3,3,3,44,44,85,32,35,68,0,0,0,652,754,1403,7,15,20,14,10,26,0,0,3,0,0,0,3,5,9,0,0,0,3,5,13,646,536,1189,4,8,8,3,3,7,655,547,1206,228,247,472,1608,1625,3233
SSC70293,7,6,13,45,36,79,0,0,0,4,10,16,0,0,0,132,103,232,0,0,0,16,19,35,0,3,3,0,0,0,0,3,3,0,0,0,3,3,7,3,4,5,9,5,15,0,0,0,0,0,0,8,22,30,13,10,24,0,0,0,227,215,446,9,14,21,3,0,5,0,0,0,0,0,0,0,0,0,0,0,0,0,0,0,174,154,333,0,0,0,0,0,0,174,154,333,64,50,113,491,435,930
SSC70294,29,58,89,78,82,161,0,0,0,21,27,49,0,0,0,324,336,658,3,0,4,39,31,74,9,16,25,0,0,0,10,12,21,0,0,0,4,3,10,17,18,33,14,9,25,3,0,3,9,10,15,27,51,77,25,28,51,0,0,0,583,627,1210,11,18,24,10,13,22,0,0,3,0,0,3,4,5,7,5,7,13,10,11,18,431,343,772,6,3,5,3,3,6,436,347,787,150,130,282,1232,1203,2435
SSC70295,4,4,4,7,3,9,0,0,0,0,0,4,0,0,0,700,721,1419,0,0,0,0,0,0,0,0,0,0,0,0,0,0,0,0,0,0,0,0,0,0,0,0,0,0,0,0,0,0,0,0,0,6,4,11,0,0,6,0,0,0,714,728,1441,0,0,0,0,0,0,0,0,0,0,0,0,0,0,0,0,0,0,0,0,0,30,29,57,0,0,0,0,0,0,30,29,57,39,27,60,784,782,1563
SSC70296,0,0,0,0,0,0,0,0,0,40,44,76,0,0,0,0,0,3,0,0,0,0,0,0,0,0,0,0,0,0,0,3,3,0,0,0,12,9,25,0,0,0,0,0,0,0,0,0,0,0,0,0,0,0,5,3,9,0,0,0,57,63,118,0,0,0,0,0,0,0,0,0,0,0,0,0,0,0,0,0,0,0,0,0,3,6,10,0,0,0,0,0,0,3,6,10,17,23,42,76,96,166
SSC70297,0,0,0,0,0,0,0,0,0,10,10,14,0,0,0,5,3,9,0,0,0,0,0,0,0,0,0,0,0,0,0,0,0,0,0,0,0,0,0,0,3,3,0,3,3,0,0,0,0,0,0,3,9,6,0,0,3,0,0,0,21,28,48,0,0,0,0,0,0,0,0,0,89,87,179,0,0,0,0,0,0,89,87,179,9,8,18,0,0,0,0,0,0,9,8,18,18,26,47,142,152,293
SSC70298,0,0,0,3,0,5,0,0,0,0,0,0,0,0,0,7,0,11,0,0,0,0,0,0,0,0,0,0,0,0,0,0,0,0,0,0,0,0,0,0,0,0,0,0,0,0,0,0,0,0,0,0,0,0,0,0,0,0,0,0,15,3,16,0,0,0,0,0,0,0,0,0,0,0,0,0,0,0,0,0,0,0,0,0,3,4,9,0,0,0,0,0,0,4,4,6,6,0,6,25,11,32
SSC70299,6,3,8,3,4,9,0,0,0,4,0,6,3,3,11,202,210,411,0,0,0,0,0,0,0,0,0,0,0,0,3,3,3,0,0,0,0,3,4,5,10,19,0,0,0,0,0,0,0,0,0,20,24,47,10,14,24,0,0,0,252,276,526,0,0,0,0,0,0,0,0,0,49,57,103,0,0,0,0,0,0,49,57,103,46,61,108,0,3,4,0,0,0,51,63,116,32,30,65,381,431,809
SSC70300,0,0,0,0,0,0,0,0,0,13,11,26,0,0,0,0,3,3,0,0,0,0,0,0,0,0,0,0,0,0,70,72,140,0,0,0,0,0,0,12,11,25,0,0,0,0,0,0,0,0,0,0,0,0,0,0,0,0,0,0,101,98,191,0,0,0,0,0,0,0,0,0,4,3,8,0,0,0,0,0,0,4,3,8,0,3,7,0,0,0,0,0,0,0,3,7,10,8,20,113,106,220
SSC70301,0,0,3,7,13,18,0,0,0,104,147,251,0,0,0,33,35,65,0,0,0,0,0,0,0,0,0,0,0,0,20,19,43,0,0,0,3,0,6,22,21,43,0,0,0,0,0,0,0,0,0,0,0,4,7,5,11,0,0,0,197,242,435,0,0,0,0,0,0,0,0,0,71,64,133,0,0,0,0,0,0,71,64,133,42,49,87,0,0,0,5,0,4,50,46,94,39,55,95,355,403,759
SSC70302,7,14,24,43,41,89,0,0,0,4,5,6,0,0,0,89,89,172,0,0,0,0,0,0,0,0,0,0,0,0,5,3,9,0,0,0,6,3,7,3,4,10,3,4,5,4,0,4,0,0,0,4,5,13,10,19,31,0,0,0,175,174,348,32,13,48,3,3,4,0,0,0,4,0,3,0,0,0,4,3,7,6,7,17,237,179,416,0,3,5,0,0,0,242,184,422,132,95,227,603,497,1099
SSC70303,5,5,9,44,38,86,0,0,0,11,10,17,0,0,0,166,204,368,0,0,0,6,9,17,0,0,0,0,0,0,3,3,4,0,0,0,0,3,3,12,8,16,6,0,5,0,0,0,4,3,9,16,9,24,21,19,45,0,0,0,286,324,606,32,26,56,3,8,11,0,0,0,3,0,3,0,0,0,0,0,3,3,0,7,176,151,327,4,6,5,0,0,0,182,156,337,51,47,98,567,561,1129
SSC79494,10,8,18,133,117,243,0,0,0,20,19,37,0,0,0,215,192,402,0,4,6,3,0,3,0,0,0,3,3,5,6,10,19,0,0,0,10,6,16,10,13,19,18,23,47,3,3,9,3,0,3,53,69,120,21,15,34,0,0,5,501,471,968,5,6,9,8,3,8,0,0,0,0,0,0,0,0,0,4,4,13,4,4,13,383,323,706,7,7,13,4,0,3,390,331,724,411,336,749,1332,1157,2489
SSC79797,3,0,3,4,0,3,0,0,0,0,0,0,0,0,0,16,0,19,0,0,0,0,0,0,0,0,0,0,0,0,0,0,0,0,0,0,0,0,0,0,0,0,0,0,0,0,0,0,0,0,0,0,3,3,0,0,0,0,0,0,19,7,24,0,0,0,19,0,19,0,0,0,0,0,0,0,0,0,0,0,0,0,0,0,11,4,11,0,0,0,0,0,0,11,4,11,8,3,10,61,14,70
