SSC_CODE_2016,P_1000_1249_15_19_yrs,P_1000_1249_20_24_yrs,P_1000_1249_25_34_yrs,P_1000_1249_35_44_yrs,P_1000_1249_45_54_yrs,P_1000_1249_55_64_yrs,P_1000_1249_65_74_yrs,P_1000_1249_75_84_yrs,P_1000_1249_85ov,P_1000_1249_Tot,P_1250_1499_15_19_yrs,P_1250_1499_20_24_yrs,P_1250_1499_25_34_yrs,P_1250_1499_35_44_yrs,P_1250_1499_45_54_yrs,P_1250_1499_55_64_yrs,P_1250_1499_65_74_yrs,P_1250_1499_75_84_yrs,P_1250_1499_85ov,P_1250_1499_Tot,P_1500_1749_15_19_yrs,P_1500_1749_20_24_yrs,P_1500_1749_25_34_yrs,P_1500_1749_35_44_yrs,P_1500_1749_45_54_yrs,P_1500_1749_55_64_yrs,P_1500_1749_65_74_yrs,P_1500_1749_75_84_yrs,P_1500_1749_85ov,P_1500_1749_Tot,P_1750_1999_15_19_yrs,P_1750_1999_20_24_yrs,P_1750_1999_25_34_yrs,P_1750_1999_35_44_yrs,P_1750_1999_45_54_yrs,P_1750_1999_55_64_yrs,P_1750_1999_65_74_yrs,P_1750_1999_75_84_yrs,P_1750_1999_85ov,P_1750_1999_Tot,P_2000_2999_15_19_yrs,P_2000_2999_20_24_yrs,P_2000_2999_25_34_yrs,P_2000_2999_35_44_yrs,P_2000_2999_45_54_yrs,P_2000_2999_55_64_yrs,P_2000_2999_65_74_yrs,P_2000_2999_75_84_yrs,P_2000_2999_85ov,P_2000_2999_Tot,P_3000_more_15_19_yrs,P_3000_more_20_24_yrs,P_3000_more_25_34_yrs,P_3000_more_35_44_yrs,P_3000_more_45_54_yrs,P_3000_more_55_64_yrs,P_3000_more_65_74_yrs,P_3000_more_75_84_yrs,P_3000_more_85ov,P_3000_more_Tot,P_PI_NS_15_19_yrs,P_PI_NS_ns_20_24_yrs,P_PI_NS_ns_25_34_yrs,P_PI_NS_ns_35_44_yrs,P_PI_NS_ns_45_54_yrs,P_PI_NS_ns_55_64_yrs,P_PI_NS_ns_65_74_yrs,P_PI_NS_ns_75_84_yrs,P_PI_NS_ns_85_yrs_ovr,P_PI_NS_ns_Tot,P_Tot_15_19_yrs,P_Tot_20_24_yrs,P_Tot_25_34_yrs,P_Tot_35_44_yrs,P_Tot_45_54_yrs,P_Tot_55_64_yrs,P_Tot_65_74_yrs,P_Tot_75_84_yrs,P_Tot_85ov,P_Tot_Tot
SSC70001,0,3,11,13,13,0,0,0,0,41,0,5,10,13,13,9,0,0,0,46,0,3,13,3,9,4,3,0,0,38,0,0,10,8,4,0,4,0,0,29,0,0,6,12,15,3,3,0,0,42,0,0,3,4,5,4,0,0,0,15,4,5,17,18,22,13,13,0,0,86,38,27,92,118,127,97,43,6,0,549
SSC70002,0,0,0,0,5,9,3,0,0,16,0,0,3,0,5,0,0,0,0,10,0,0,0,0,3,3,0,0,0,7,0,0,0,0,5,0,0,0,0,10,0,0,4,3,3,3,0,0,0,10,0,0,0,0,0,0,0,0,0,5,0,0,6,8,8,7,12,7,0,49,7,20,32,23,65,54,55,13,5,279
SSC70003,0,15,36,38,35,26,9,3,0,157,0,0,29,22,27,17,11,0,0,114,0,4,25,26,28,17,6,0,0,101,0,0,23,35,22,13,5,0,0,91,0,0,31,38,27,21,5,0,0,121,0,0,6,11,9,10,4,0,0,43,19,16,52,48,37,24,21,12,3,228,117,134,353,347,296,207,181,54,13,1709
SSC70004,0,0,0,3,3,0,0,0,0,5,0,0,0,0,4,0,0,0,0,3,0,0,0,0,3,0,0,0,0,8,0,0,0,0,0,0,0,0,0,3,0,0,0,0,0,0,0,0,0,3,0,0,0,0,0,0,0,0,0,0,11,11,14,4,10,3,0,0,0,59,43,50,88,52,55,28,15,0,5,343
SSC70005,0,3,8,3,4,3,0,0,0,23,0,0,7,4,3,3,3,0,0,15,0,0,3,0,7,0,0,0,0,9,0,0,0,3,4,4,0,0,0,14,0,0,0,3,0,3,0,0,0,11,0,0,0,0,0,0,0,0,0,3,3,3,22,27,26,18,8,0,0,103,11,14,66,58,66,44,23,3,0,277
SSC70006,0,0,3,0,3,0,0,0,0,6,0,0,3,0,0,0,0,0,0,6,0,0,3,0,0,0,0,0,0,3,0,0,0,0,0,0,0,0,0,0,0,0,0,0,0,0,0,0,0,0,0,0,0,0,3,0,0,0,0,6,5,9,12,8,3,4,3,0,0,42,33,44,91,41,47,33,5,0,0,294
SSC70007,0,3,13,15,12,4,0,0,0,48,0,0,14,17,3,8,0,0,0,45,0,8,14,11,12,4,3,0,0,40,0,3,12,3,11,10,0,0,0,37,0,0,32,52,36,17,7,0,0,143,0,0,28,35,14,11,0,0,0,81,9,10,23,24,14,4,3,0,0,86,21,36,168,188,125,74,18,3,0,629
SSC70008,0,0,0,0,0,0,0,0,0,0,0,0,0,0,0,0,0,0,0,0,0,0,0,0,0,0,0,0,0,0,0,0,0,0,0,0,0,0,0,0,0,0,0,0,0,0,0,0,0,0,0,0,0,0,0,0,0,0,0,0,3,14,4,0,3,0,0,0,0,23,19,29,36,27,51,15,6,0,3,178
SSC70009,0,0,0,3,0,0,0,0,0,7,0,0,0,0,0,4,0,0,0,6,0,0,0,0,0,0,0,0,0,0,0,0,0,0,0,0,0,0,0,0,0,0,0,0,3,0,0,0,0,3,0,0,0,0,0,0,0,0,0,0,10,3,0,5,7,0,0,0,0,27,39,54,58,45,48,18,9,5,0,276
SSC70010,0,0,0,0,0,0,0,0,0,4,0,0,0,0,3,0,0,0,0,3,0,0,3,0,0,0,0,0,0,3,0,0,0,3,0,0,0,0,0,3,0,0,0,0,0,0,0,0,0,0,0,0,0,0,0,0,0,0,0,0,0,3,4,0,0,3,0,0,0,11,13,11,27,10,11,10,0,0,0,88
SSC70011,0,0,0,0,0,0,0,0,0,0,0,0,0,6,0,4,0,0,0,12,0,0,0,0,0,0,0,0,0,10,0,0,0,3,0,0,0,0,0,0,0,0,0,0,0,0,0,0,0,0,0,0,0,0,0,0,0,0,0,0,94,43,95,71,62,34,8,5,0,421,131,81,141,118,98,54,15,4,0,645
SSC70012,0,0,0,0,0,0,0,0,0,0,0,0,0,0,0,0,0,0,0,3,0,0,0,0,0,0,0,0,0,0,0,0,0,0,0,0,0,0,0,0,0,0,0,0,0,0,0,0,0,3,0,0,0,0,0,0,0,0,0,0,3,6,26,10,8,4,3,0,0,52,6,6,38,10,9,4,3,0,0,82
SSC70013,0,0,3,0,3,3,0,0,0,13,0,0,0,0,0,0,0,0,0,4,0,0,0,0,0,0,0,0,0,0,0,0,0,0,0,4,0,0,0,4,0,0,0,0,0,0,0,0,0,3,0,0,0,0,0,0,0,0,0,0,3,0,4,3,3,4,3,0,0,28,30,27,69,76,64,40,30,12,3,354
SSC70014,0,25,46,33,43,33,13,3,0,194,0,3,45,28,38,24,10,0,0,157,3,3,32,40,32,31,7,0,0,143,0,0,19,48,37,24,0,0,0,130,0,4,20,40,41,36,9,0,0,151,0,0,14,17,21,8,0,0,0,63,15,17,31,28,29,20,17,4,0,167,142,147,336,350,325,290,155,45,4,1799
SSC70015,0,19,58,48,46,32,7,3,0,212,0,4,47,44,42,32,5,0,0,185,0,0,37,47,45,25,3,0,0,161,0,0,28,37,46,46,4,0,0,152,0,3,32,64,54,30,3,0,0,191,0,0,8,14,34,19,3,0,0,83,19,19,42,29,47,39,10,8,3,230,163,141,407,404,409,329,118,49,11,2028
SSC70016,0,0,0,0,0,0,0,0,0,0,0,0,0,0,0,0,0,0,0,0,0,0,0,0,0,0,0,0,0,0,0,0,0,0,0,0,0,0,0,0,0,0,0,0,0,0,0,0,0,0,0,0,0,0,0,0,0,0,0,0,0,0,0,0,0,0,0,0,0,0,0,0,0,0,0,0,0,0,0,0
SSC70017,0,0,0,0,0,0,0,0,0,0,0,0,0,0,0,3,0,0,0,3,0,0,0,0,0,0,0,0,0,0,0,0,0,0,0,0,0,0,0,0,0,0,0,0,0,0,0,0,0,0,0,0,0,0,0,0,0,0,0,0,5,25,9,12,5,6,0,0,0,64,15,34,33,29,14,25,15,0,0,161
SSC70018,0,0,0,0,0,0,0,0,0,0,0,0,0,0,0,0,0,0,0,0,0,0,0,0,0,0,0,0,0,0,0,0,0,0,0,0,0,0,0,0,0,0,0,0,0,0,0,0,0,0,0,0,0,0,0,0,0,0,0,0,0,0,3,3,3,0,0,0,0,14,0,0,3,9,4,0,0,0,0,19
SSC70019,0,0,0,3,0,8,0,0,0,14,0,0,3,0,0,3,0,0,0,9,0,0,3,0,0,0,0,0,0,3,0,0,0,0,0,3,0,0,0,3,0,0,0,0,0,0,0,0,0,4,0,0,0,0,0,0,0,0,0,0,9,5,7,6,0,4,0,0,0,30,19,12,47,43,37,39,18,0,0,215
SSC70020,0,0,0,0,0,0,0,0,0,3,0,0,0,0,0,0,0,0,0,3,0,0,0,0,0,0,0,0,0,0,0,0,0,3,0,0,0,0,0,3,0,0,0,3,0,3,0,0,0,9,0,0,0,0,0,0,0,0,0,0,4,0,3,3,3,3,0,0,0,17,15,17,39,29,21,17,11,6,0,146
SSC70021,0,0,0,0,3,0,0,0,0,5,0,0,0,0,0,3,0,0,0,3,0,0,0,0,0,0,0,0,0,4,0,0,0,0,0,0,0,0,0,0,0,0,0,0,0,4,0,0,0,4,0,0,0,0,0,0,0,0,0,0,4,22,37,14,9,5,3,0,0,95,14,33,52,27,30,17,8,5,0,187
SSC70022,8,35,110,72,48,33,0,0,0,309,0,7,76,78,60,20,4,0,0,243,0,10,60,69,55,16,3,0,0,211,0,6,41,30,35,19,0,0,0,137,0,5,54,70,55,25,0,0,0,203,0,3,18,16,9,11,0,0,0,54,17,13,53,46,27,31,7,3,0,202,177,240,626,542,411,250,85,39,4,2371
SSC70023,0,0,0,0,0,0,0,0,0,0,0,0,4,0,4,0,0,0,0,6,0,0,3,0,0,0,0,0,0,3,0,0,0,0,0,3,0,0,0,3,0,0,0,0,0,0,0,0,0,0,0,0,0,0,0,0,0,0,0,4,0,3,6,3,0,3,0,0,0,20,25,32,90,32,37,15,11,3,0,250
SSC70024,0,0,3,5,7,3,3,0,0,21,0,0,3,7,5,7,0,0,0,17,0,0,7,4,5,3,4,0,0,18,0,0,0,0,8,8,0,0,0,17,0,0,0,3,6,8,0,0,0,17,0,0,3,0,0,0,0,0,0,8,6,6,13,17,15,14,18,0,0,92,32,28,52,50,93,70,55,11,8,401
SSC70025,4,26,33,25,11,19,5,3,0,124,0,19,53,25,26,10,7,0,0,142,0,18,45,19,24,17,3,0,0,127,0,4,28,23,29,13,0,0,0,98,0,3,45,42,51,31,6,0,0,186,0,0,22,39,48,34,4,0,0,144,15,21,36,20,26,12,7,0,0,136,121,148,346,246,260,173,72,12,4,1381
SSC70026,0,9,12,16,19,19,4,0,0,70,0,5,11,18,21,14,3,0,0,66,0,0,8,10,22,12,0,0,0,48,0,0,9,9,16,11,0,0,0,39,0,0,3,16,26,8,3,0,0,58,0,0,0,5,11,3,0,0,0,17,7,7,9,7,10,16,10,0,0,64,47,56,73,116,150,122,72,22,4,675
SSC70027,0,26,69,46,27,9,3,0,0,183,0,25,67,36,21,7,0,0,0,162,0,12,67,39,15,7,0,0,0,142,0,7,31,37,8,3,0,0,0,85,0,10,54,64,26,9,0,0,0,167,0,3,42,43,22,12,0,0,0,118,12,14,37,27,19,6,4,6,0,123,136,214,562,395,200,108,53,29,3,1696
SSC70028,0,0,0,0,0,0,0,0,0,0,0,0,0,0,0,0,0,0,0,0,0,0,0,0,0,0,0,0,0,0,0,0,0,0,0,0,0,0,0,0,0,0,0,0,0,0,0,0,0,0,0,0,0,0,0,0,0,0,0,0,0,0,0,0,0,0,0,0,0,0,20,20,24,23,23,15,7,0,0,131
SSC70029,0,3,10,14,13,3,0,3,0,48,0,3,9,4,10,4,0,0,0,30,0,0,3,9,0,4,0,0,0,18,0,0,3,3,5,7,0,0,0,16,0,0,9,6,0,5,0,0,0,23,0,0,0,3,4,4,0,0,0,5,60,11,14,16,19,18,20,0,0,154,116,52,89,81,108,98,61,9,3,618
SSC70030,0,10,15,15,10,13,4,0,0,67,0,3,11,15,14,7,0,0,0,55,0,0,14,13,15,11,0,0,0,60,0,0,6,8,3,13,4,0,0,39,0,0,10,13,15,5,0,0,0,44,0,0,3,14,7,3,0,0,0,19,16,5,14,21,15,11,7,0,0,88,51,44,109,134,115,110,53,10,3,630
SSC70031,0,0,0,0,0,3,0,0,0,4,0,0,0,0,0,0,0,0,0,0,0,0,0,0,3,0,0,0,0,0,0,0,0,0,0,0,0,0,0,0,0,0,0,0,0,0,0,0,0,0,0,0,0,0,0,0,0,0,0,0,4,4,3,0,5,0,0,0,0,17,45,60,96,64,56,27,11,0,0,361
SSC70032,0,0,0,0,0,0,0,0,0,0,0,0,0,0,0,0,0,0,0,0,0,0,0,0,0,0,0,0,0,0,0,0,0,0,0,0,0,0,0,0,0,0,0,0,0,0,0,0,0,0,0,0,0,0,0,0,0,0,0,0,0,0,0,0,0,0,0,0,0,4,0,0,0,0,0,0,0,0,0,3
SSC70033,0,0,0,0,0,0,0,0,0,0,0,0,0,0,0,0,0,0,0,0,0,0,0,0,0,0,0,0,0,0,0,0,0,0,0,0,0,0,0,0,0,0,0,0,0,0,0,0,0,0,0,0,0,0,0,0,0,0,0,0,13,3,10,0,3,0,0,0,0,29,17,12,35,25,21,10,7,3,3,131
SSC70034,0,0,3,0,0,0,0,0,0,9,0,0,0,3,0,0,0,0,0,7,0,0,3,0,3,3,0,0,0,4,0,0,0,0,0,0,0,0,0,3,0,0,3,0,0,0,0,0,0,3,0,0,0,0,0,0,0,0,0,0,0,0,3,0,4,7,0,0,0,17,6,9,19,14,10,18,4,3,0,75
SSC70035,0,0,0,0,0,0,0,0,0,0,0,0,0,0,0,0,0,0,0,0,0,0,0,0,0,0,0,0,0,0,0,0,0,0,0,0,0,0,0,0,0,0,0,0,0,0,0,0,0,0,0,0,0,0,0,0,0,0,0,0,0,0,0,0,0,0,0,0,0,0,0,0,0,0,0,0,0,0,0,0
SSC70036,0,0,0,0,0,0,0,0,0,0,0,0,0,0,0,0,0,0,0,3,0,0,0,0,0,0,0,0,0,4,0,0,0,0,3,0,0,0,0,4,0,0,0,3,0,0,0,0,0,3,0,0,0,0,0,0,0,0,0,0,0,0,0,0,0,0,0,0,0,3,3,0,3,7,5,3,3,0,0,28
SSC70037,0,0,8,12,9,4,0,0,0,32,0,4,3,5,6,3,0,3,0,24,0,3,11,3,3,5,0,0,0,21,0,0,0,0,3,3,0,0,0,9,0,0,3,0,0,3,0,0,0,8,0,0,0,4,3,0,0,0,0,4,15,7,5,8,12,6,6,3,0,60,79,70,132,113,99,71,40,16,0,621
SSC70038,4,0,0,0,0,0,0,0,0,3,0,0,0,0,0,0,0,0,0,0,0,0,0,0,0,0,0,0,0,0,0,0,0,0,0,0,0,0,0,0,0,0,0,0,0,0,0,0,0,0,0,0,0,0,0,0,0,0,0,0,9,11,8,0,5,0,0,0,0,35,11,14,14,6,15,3,0,3,0,66
SSC70039,5,31,90,43,70,55,7,3,0,307,0,13,53,46,64,45,3,0,0,232,0,8,43,45,54,36,3,0,0,188,0,3,22,33,36,31,4,0,0,138,0,5,26,37,53,28,3,0,0,162,0,0,3,15,5,13,0,0,0,40,28,28,79,68,56,50,39,10,9,361,213,193,511,422,469,421,193,60,20,2504
SSC70040,0,16,28,18,12,16,6,0,0,93,0,5,38,17,15,20,6,0,0,93,0,0,23,16,13,16,3,3,0,74,0,0,11,10,8,10,0,0,0,44,0,0,16,14,27,26,3,3,0,84,0,0,0,11,17,22,0,0,0,51,11,47,56,16,9,14,14,5,0,165,76,151,317,152,115,155,84,32,3,1086
SSC70041,0,3,3,0,0,0,0,0,0,7,0,0,0,0,0,0,0,0,0,4,0,0,0,0,0,0,0,0,0,0,0,0,0,0,0,0,0,0,0,0,3,0,0,0,0,0,0,0,0,3,0,0,0,0,0,0,0,0,0,0,0,3,3,0,0,0,0,0,0,12,5,14,15,0,3,6,3,0,0,46
SSC70042,0,0,0,0,0,0,0,0,0,0,0,0,0,0,0,0,0,0,0,0,0,0,0,0,0,0,0,0,0,0,0,0,0,0,0,0,0,0,0,0,0,0,0,0,0,0,0,0,0,0,0,0,0,0,0,0,0,0,0,0,0,0,0,0,0,0,0,0,0,0,0,0,0,0,0,0,0,0,0,0
SSC70043,0,0,0,0,0,3,0,0,0,3,0,0,0,0,0,0,0,0,0,0,0,0,0,0,0,0,0,0,0,0,0,0,0,0,0,0,0,0,0,0,0,0,0,0,0,0,0,0,0,0,0,0,0,0,0,0,0,0,0,0,0,0,8,0,12,0,0,0,0,14,16,14,68,29,38,16,3,3,0,195
SSC70044,0,0,0,0,0,0,0,0,0,3,0,0,0,0,0,0,0,0,0,5,0,0,0,0,0,0,0,0,0,0,0,0,0,0,0,0,0,0,0,0,0,0,0,0,0,0,0,0,0,0,0,0,0,0,0,0,0,0,0,0,0,0,0,5,0,0,3,0,0,12,0,0,0,6,3,3,5,0,0,30
SSC70045,0,0,0,0,0,0,3,0,0,4,0,0,0,0,3,0,0,3,0,5,0,0,0,0,0,0,0,0,0,0,0,0,0,0,0,0,0,0,0,0,0,0,0,0,0,0,0,0,0,0,0,0,0,0,0,0,0,0,0,0,14,70,0,0,3,0,0,0,0,88,30,78,25,22,25,15,8,4,0,212
SSC70046,0,0,0,3,0,3,0,0,0,3,0,0,0,0,0,0,0,0,0,0,0,0,0,0,0,0,0,0,0,0,0,0,0,0,0,0,0,0,0,0,0,0,0,3,3,0,0,0,0,3,0,0,0,0,0,0,0,0,0,3,0,0,0,0,0,11,0,0,0,15,6,3,4,13,17,25,24,0,0,85
SSC70047,0,0,0,0,0,0,0,0,0,0,0,0,0,0,0,0,0,0,0,0,0,0,0,0,0,0,0,0,0,0,0,0,0,0,0,0,0,0,0,0,0,0,0,0,0,0,0,0,0,0,0,0,0,0,0,0,0,0,0,0,0,0,0,0,0,0,0,0,0,0,0,0,0,0,0,0,0,0,0,0
SSC70048,0,0,0,0,0,0,0,0,0,4,0,0,0,0,0,0,0,0,0,0,0,0,0,0,0,0,0,0,0,0,0,0,0,0,0,0,0,0,0,0,0,0,0,0,0,0,0,0,0,0,0,0,0,0,0,0,0,0,0,0,0,0,0,0,0,0,0,0,0,0,0,12,10,7,3,3,3,0,0,40
SSC70049,0,0,0,0,0,0,0,0,0,0,0,0,0,0,0,0,0,0,0,0,0,0,0,0,0,0,0,0,0,0,0,0,0,0,0,0,0,0,0,0,0,0,0,0,0,0,0,0,0,0,0,0,0,0,0,0,0,0,0,0,0,0,0,0,0,0,0,0,0,0,0,0,0,0,0,0,0,0,0,0
SSC70050,0,0,0,0,0,0,0,0,0,0,0,0,0,0,0,0,0,0,0,0,0,0,0,3,0,0,0,0,0,3,0,0,0,0,0,0,0,0,0,0,0,0,0,0,0,0,0,0,0,0,0,0,0,0,0,0,0,0,0,0,3,3,3,3,14,0,0,0,0,21,13,16,32,18,28,7,0,0,0,127
SSC70051,0,6,14,11,0,0,0,0,0,29,0,3,7,0,0,0,0,0,0,12,0,0,7,3,0,0,0,0,0,8,0,0,0,0,0,0,0,0,0,3,0,0,7,4,0,0,0,0,0,5,0,0,0,0,0,0,0,0,0,3,8,29,26,7,6,0,3,0,0,84,21,104,119,45,15,4,3,0,0,318
SSC70052,0,0,0,0,0,0,0,0,0,0,0,0,0,0,0,0,0,0,0,0,0,0,0,0,0,0,0,0,0,0,0,0,0,0,0,0,0,0,0,0,0,0,0,0,0,0,0,0,0,0,0,0,0,0,0,0,0,0,0,0,0,0,0,0,0,0,0,0,0,0,0,0,3,0,0,0,0,0,0,4
SSC70053,0,0,0,0,0,0,0,0,0,0,0,0,0,0,0,0,0,0,0,0,0,0,0,0,0,0,0,0,0,0,0,0,0,0,0,0,0,0,0,0,0,0,0,0,0,0,0,0,0,0,0,0,0,0,0,0,0,0,0,0,0,0,0,0,0,0,0,0,0,0,0,0,0,0,0,0,0,0,0,0
SSC70054,0,0,0,0,0,3,0,0,0,3,0,0,0,0,0,0,0,0,0,0,0,0,0,0,0,0,0,0,0,0,0,0,0,0,0,0,0,0,0,0,0,0,0,0,0,0,0,0,0,0,0,0,0,0,0,0,0,0,0,0,3,0,0,0,0,4,3,0,0,13,0,0,0,0,3,7,3,0,0,16
SSC70055,0,0,0,0,0,0,0,0,0,0,0,0,0,0,0,0,0,0,0,0,0,0,0,0,0,0,0,0,0,0,0,0,0,0,0,0,0,0,0,0,0,0,0,0,0,0,0,0,0,0,0,0,0,0,0,0,0,0,0,0,0,0,0,0,0,0,0,0,0,0,0,0,0,0,0,0,0,0,0,0
SSC70056,0,3,8,0,6,3,0,0,0,27,0,0,3,0,3,3,0,0,0,10,0,0,0,0,3,7,0,0,0,8,0,0,4,0,0,0,0,0,0,4,0,0,0,0,3,0,0,0,0,5,0,0,0,0,0,0,3,0,0,4,3,3,14,7,9,6,0,0,0,40,7,16,69,24,41,45,9,0,0,219
SSC70057,0,0,0,0,0,0,0,0,0,0,0,0,0,0,0,0,0,0,0,0,0,0,0,0,0,0,0,0,0,0,0,0,0,0,0,0,0,0,0,0,0,0,0,0,0,0,0,0,0,0,0,0,0,0,0,0,0,0,0,0,0,0,0,0,0,0,3,0,0,4,3,0,3,0,0,0,3,0,0,10
SSC70058,0,0,0,0,0,0,0,0,0,0,0,0,0,0,0,0,0,0,0,0,0,0,0,0,0,0,0,0,0,0,0,0,0,0,0,0,0,0,0,0,0,0,0,0,0,0,0,0,0,0,0,0,0,0,0,0,0,0,0,0,0,0,0,0,0,0,0,0,0,10,0,0,0,6,9,0,0,0,0,20
SSC70059,3,27,107,59,30,38,14,3,0,277,0,11,94,39,39,21,9,0,0,222,0,0,64,42,37,16,3,0,0,164,0,0,27,21,21,10,5,5,0,86,0,7,22,58,41,25,4,0,0,162,0,0,12,17,20,12,3,0,0,58,13,30,129,46,44,55,32,15,3,371,132,187,766,443,367,334,206,105,28,2565
SSC70060,0,0,0,0,0,0,0,0,0,0,0,0,0,0,0,0,0,0,0,0,0,0,0,0,0,0,0,0,0,0,0,0,0,0,0,0,0,0,0,0,0,0,0,0,0,0,0,0,0,0,0,0,0,0,0,0,0,0,0,0,0,0,0,0,0,3,0,0,0,3,0,0,0,0,0,5,0,0,0,4
SSC70061,0,3,8,7,9,10,0,0,0,35,0,0,5,3,7,10,0,0,0,26,0,0,8,7,9,3,4,0,0,30,0,0,0,5,13,8,0,0,0,19,0,0,0,0,7,0,0,0,0,15,0,0,0,0,3,0,0,0,0,7,3,5,0,6,13,10,11,3,0,49,26,21,41,53,71,59,42,16,3,324
SSC70062,0,11,20,3,6,3,7,0,0,46,0,15,10,5,3,3,0,0,0,33,0,11,8,3,6,5,4,0,0,32,0,0,3,4,0,3,0,0,0,16,0,4,13,0,4,4,0,0,0,23,0,0,10,9,0,0,0,0,0,18,11,11,19,10,8,9,6,0,0,89,30,88,125,57,51,53,36,9,0,455
SSC70063,0,0,0,0,0,0,0,0,0,0,0,0,0,0,0,0,0,0,0,0,0,0,0,0,0,0,0,0,0,0,0,0,0,0,0,0,0,0,0,0,0,0,0,0,0,0,0,0,0,0,0,0,0,0,0,0,0,0,0,5,3,0,0,0,0,4,0,0,0,4,3,0,3,3,3,4,0,0,0,22
SSC70064,0,0,3,0,3,0,0,0,0,10,0,0,7,3,0,0,0,0,0,6,0,0,7,0,0,0,0,0,0,10,0,0,0,0,0,0,0,0,0,0,0,0,6,5,0,0,0,0,0,8,0,0,0,0,0,0,0,0,0,0,0,0,5,0,0,0,0,0,0,5,0,4,30,9,10,0,0,0,0,58
SSC70065,0,12,9,11,32,15,3,0,0,89,0,0,10,15,16,12,0,0,0,65,0,0,10,19,26,16,7,0,0,75,0,0,9,12,14,14,3,0,0,48,0,0,11,16,17,18,4,0,0,58,0,0,3,7,5,11,4,0,0,23,19,9,13,21,33,33,19,4,3,152,68,47,125,156,195,179,101,35,7,908
SSC70066,0,0,0,0,0,0,0,0,0,0,0,0,0,0,0,0,0,0,0,0,0,0,0,0,0,0,0,0,0,0,0,0,0,0,0,0,0,0,0,0,0,0,0,0,0,0,0,0,0,0,0,0,0,0,0,0,0,0,0,0,4,0,0,0,0,0,0,0,0,3,6,3,0,3,0,3,0,0,0,12
SSC70067,0,0,0,0,0,0,0,0,0,0,0,0,0,0,0,0,0,0,0,0,0,0,0,0,0,0,0,0,0,0,0,0,0,0,0,0,0,0,0,0,0,0,0,0,0,0,0,0,0,0,0,0,0,0,0,0,0,0,0,0,0,0,0,0,0,0,0,0,0,4,0,0,0,3,3,3,3,0,0,15
SSC70068,0,0,3,0,0,0,0,0,0,8,0,0,0,0,0,0,0,0,0,3,0,0,0,0,0,0,0,0,0,0,0,0,0,0,0,0,0,0,0,0,0,0,0,0,0,0,0,0,0,0,0,0,0,0,0,0,0,0,0,0,0,0,0,0,0,0,0,0,0,3,5,12,12,4,6,6,0,0,0,37
SSC70069,0,0,0,0,0,0,0,0,0,3,0,0,0,0,0,0,0,0,0,0,0,0,0,0,0,0,0,0,0,0,0,0,0,0,0,0,0,0,0,0,0,0,0,0,0,0,0,0,0,0,0,0,0,0,0,0,0,0,0,0,0,0,0,3,0,0,0,0,0,11,16,13,39,24,31,6,3,0,0,141
SSC70070,0,0,0,0,0,0,0,0,0,0,0,0,0,0,0,0,0,0,0,0,0,0,0,0,0,0,0,0,0,0,0,0,0,0,0,0,0,0,0,0,0,0,0,0,0,0,0,0,0,0,0,0,0,0,0,0,0,0,0,0,0,0,0,0,0,0,0,0,0,0,0,0,0,0,0,0,0,0,0,0
SSC70071,0,0,3,0,3,0,0,0,0,10,0,0,0,0,4,0,0,0,0,3,0,0,0,3,0,3,0,0,0,10,0,0,0,0,0,0,0,0,0,0,0,0,0,0,3,0,0,0,0,3,0,0,0,0,0,0,0,0,0,0,0,0,4,5,0,0,0,0,0,7,3,3,20,15,22,15,16,7,0,97
SSC70072,0,0,0,0,0,0,0,0,0,0,0,0,0,0,0,0,0,0,0,0,0,0,0,0,0,0,0,0,0,0,0,0,0,0,0,0,0,0,0,0,0,0,0,0,0,0,0,0,0,0,0,0,0,0,0,0,0,0,0,0,0,0,0,0,0,0,0,0,0,0,0,0,3,0,0,5,0,0,0,9
SSC70073,3,98,304,122,52,50,12,3,0,645,0,57,232,74,56,22,23,3,0,475,0,41,183,62,55,40,14,3,0,398,0,7,127,57,67,44,13,0,0,317,0,10,199,144,122,84,22,3,3,582,0,10,114,118,124,116,28,4,0,516,15,137,433,163,145,113,44,9,0,1067,121,656,2334,1007,827,647,263,57,19,5929
SSC70074,0,3,14,7,13,10,0,0,0,43,0,0,7,10,14,3,4,0,0,43,0,0,5,8,8,0,3,0,0,25,0,0,8,9,9,4,0,0,0,26,0,0,7,10,15,6,3,0,0,41,0,0,0,3,7,0,0,0,0,18,12,4,15,18,22,13,8,3,0,91,43,26,83,108,126,87,55,8,0,537
SSC70075,0,0,0,0,0,0,0,0,0,0,0,0,0,0,0,0,0,0,0,0,0,0,0,0,0,0,0,0,0,0,0,0,0,0,0,0,0,0,0,0,0,0,0,0,0,0,0,0,0,0,0,0,0,0,0,0,0,0,0,0,0,0,0,0,0,0,0,0,0,0,0,0,0,0,0,0,0,0,0,5
SSC70076,0,0,0,3,0,0,0,0,0,3,0,0,3,0,3,0,0,0,0,5,0,0,0,0,3,0,0,0,0,3,0,0,0,0,0,0,0,0,0,0,0,0,0,0,0,0,0,0,0,0,0,0,0,0,0,0,0,0,0,3,6,7,3,4,3,0,0,0,0,21,9,20,37,30,21,13,12,3,0,145
SSC70077,0,0,0,0,0,0,0,0,0,0,0,0,0,0,0,0,3,0,0,4,0,0,0,0,0,0,0,0,0,0,0,0,0,0,0,0,0,0,0,0,0,0,0,0,0,0,0,0,0,0,0,0,0,0,0,0,0,0,0,0,0,4,0,0,0,0,0,0,0,8,0,10,11,8,3,0,3,0,0,36
SSC70078,3,9,20,22,34,24,9,5,3,123,0,6,31,15,21,18,5,0,0,105,0,5,30,26,31,20,0,0,0,114,0,0,14,18,23,23,6,0,0,89,0,0,23,45,52,38,5,0,0,165,0,0,8,14,34,17,9,0,0,83,8,13,30,24,31,23,10,9,0,156,85,65,222,207,282,211,86,36,10,1212
SSC70079,0,0,6,3,0,3,0,0,0,18,0,0,3,0,3,4,0,0,0,14,0,0,4,4,3,0,0,0,0,15,0,0,4,0,0,4,0,0,0,5,0,0,7,3,3,0,0,0,0,17,0,0,3,4,4,0,0,0,0,6,3,3,23,12,13,8,3,0,0,65,4,17,66,32,32,33,11,0,0,204
SSC70080,5,26,66,60,39,36,4,3,0,237,0,16,55,36,46,32,11,0,0,192,0,4,33,44,45,27,0,0,0,158,0,0,19,31,34,26,7,0,0,117,0,3,43,45,53,23,3,0,0,167,0,3,19,23,17,3,3,0,0,72,35,38,69,53,44,41,13,4,0,297,216,232,505,438,403,274,92,36,0,2206
SSC70081,0,0,0,0,0,4,3,0,0,8,0,0,0,3,0,0,0,0,0,11,0,0,0,0,0,0,0,0,0,4,0,0,0,3,0,0,0,0,0,4,0,0,0,0,3,0,0,0,0,3,0,0,0,0,0,0,0,0,0,3,0,0,0,0,0,3,5,0,0,11,4,7,14,23,31,50,52,7,0,185
SSC70082,0,0,0,0,3,0,0,0,0,3,0,0,0,0,3,0,0,0,0,6,0,0,0,0,0,0,0,0,0,3,0,0,0,0,0,0,0,0,0,0,0,0,0,0,0,0,0,0,0,0,0,0,0,0,0,0,0,0,0,0,0,0,0,0,6,3,3,0,0,15,0,3,3,5,17,26,20,3,0,84
SSC70083,0,0,0,3,0,0,0,0,0,4,0,0,0,3,0,0,0,0,0,3,0,0,0,0,0,5,0,0,0,5,0,0,0,0,0,0,0,0,0,0,0,0,0,0,0,3,0,0,0,3,0,0,0,0,0,0,0,0,0,0,0,0,0,3,0,3,0,0,0,8,0,0,3,11,16,20,14,0,0,64
SSC70084,0,57,101,66,53,25,8,3,0,314,0,28,97,59,51,27,3,0,0,268,0,11,87,63,36,26,0,0,0,234,0,7,59,46,46,19,3,0,0,179,0,4,97,68,81,39,5,0,0,294,0,6,46,53,25,30,3,0,0,160,13,22,77,41,21,24,10,3,0,207,182,256,826,561,429,272,103,27,4,2652
SSC70085,0,0,0,0,3,0,0,0,0,6,0,0,0,0,0,0,0,0,0,0,0,0,0,0,0,0,0,0,0,0,0,0,0,0,0,0,0,0,0,0,0,0,0,0,0,0,0,0,0,0,0,0,0,0,0,0,0,0,0,0,0,0,0,0,0,0,0,0,0,0,0,3,0,0,3,0,0,0,0,11
SSC70086,0,0,0,0,0,0,0,0,0,0,0,0,0,0,0,0,0,0,0,3,0,0,0,0,0,0,0,0,0,0,0,0,0,0,0,0,0,0,0,0,0,0,0,0,0,0,0,0,0,0,0,0,0,0,0,0,0,0,0,0,46,15,12,8,4,6,0,0,0,97,142,92,126,139,82,67,23,12,0,690
SSC70087,0,0,0,0,3,0,0,0,0,3,0,0,0,0,0,0,0,0,0,0,0,0,0,0,0,0,0,0,0,3,0,0,0,0,0,0,0,0,0,0,0,0,0,0,0,0,0,0,0,0,0,0,0,0,0,0,0,0,0,0,0,0,0,0,0,0,0,0,0,0,0,0,3,0,3,0,0,0,0,11
SSC70088,6,24,76,55,44,43,19,0,0,274,3,6,71,48,44,35,9,3,0,218,3,4,57,50,45,43,4,0,0,205,0,4,18,27,56,46,10,0,0,166,0,0,29,44,47,59,8,0,0,188,0,0,6,14,38,20,8,0,0,82,17,13,77,51,40,49,27,3,3,266,155,135,538,432,429,415,202,51,17,2379
SSC70089,0,7,22,6,3,4,0,0,0,42,0,3,18,8,4,0,0,0,0,41,0,0,13,4,0,0,0,0,0,19,0,0,3,0,3,0,0,0,0,12,0,0,3,0,3,0,0,0,0,12,0,0,3,0,0,0,0,0,0,3,0,3,3,3,5,0,0,0,0,12,9,33,82,37,24,9,3,0,0,197
SSC70090,0,0,4,3,5,4,0,0,0,15,0,0,3,3,4,3,0,0,0,11,0,0,3,0,0,0,0,0,0,6,0,0,0,0,3,3,0,0,0,4,0,0,0,0,3,0,0,0,0,7,0,0,0,0,0,0,0,0,0,0,3,12,9,13,23,10,6,0,0,76,6,19,22,31,44,23,13,0,0,159
SSC70091,0,0,0,4,0,3,0,0,0,11,0,0,0,4,3,0,0,0,0,8,0,0,0,3,0,0,0,0,0,3,0,0,0,0,0,3,0,0,0,3,0,0,0,0,3,0,0,0,0,6,0,0,0,0,0,0,0,0,0,0,3,0,3,3,0,0,0,0,0,10,24,27,49,43,26,30,18,3,0,222
SSC70092,0,0,0,0,0,0,0,0,0,0,0,0,0,0,0,0,0,0,0,0,0,0,0,0,0,0,0,0,0,0,0,0,0,0,0,0,0,0,0,0,0,0,0,0,0,0,0,0,0,0,0,0,0,0,0,0,0,0,0,0,0,0,0,0,0,0,0,0,0,0,0,0,0,0,0,0,0,0,0,0
SSC70093,0,0,0,0,3,0,0,0,0,4,0,0,0,0,0,0,0,0,0,0,0,0,0,0,0,0,0,0,0,0,0,0,0,0,0,0,0,0,0,0,0,0,0,0,0,0,0,0,0,0,0,0,0,0,0,0,0,0,0,0,0,0,0,0,3,0,0,0,0,10,3,3,3,3,11,3,11,0,0,37
SSC70094,0,3,0,3,3,0,0,0,0,11,0,0,0,0,3,4,0,0,0,11,0,0,0,0,0,0,0,0,0,6,0,0,0,0,0,3,0,0,0,7,0,0,0,0,0,0,0,0,0,3,0,0,0,0,0,0,0,0,0,0,9,3,9,6,9,6,0,0,0,33,30,39,41,37,44,30,17,3,0,242
SSC70095,0,0,0,0,0,0,0,0,0,0,0,0,0,0,0,0,0,0,0,0,0,0,0,0,0,0,0,0,0,0,0,0,0,0,0,0,0,0,0,3,0,0,0,0,0,0,0,0,0,0,0,0,0,0,0,0,0,0,0,3,4,0,0,0,0,0,0,0,0,5,13,23,19,21,18,13,4,3,0,114
SSC70096,0,0,3,3,3,0,0,0,0,14,0,0,3,0,3,0,0,0,0,8,0,0,0,0,0,0,0,0,0,3,0,0,0,0,0,0,0,0,0,0,0,0,0,0,0,0,0,0,0,0,0,0,0,0,0,0,0,0,0,0,0,0,7,3,0,3,4,3,0,19,0,0,15,10,13,15,7,5,0,76
SSC70097,0,15,68,33,32,29,16,8,3,217,0,0,52,39,35,18,11,3,0,159,0,0,44,31,26,25,11,4,4,143,0,0,28,34,36,28,6,0,0,142,0,0,50,54,82,41,15,7,0,251,0,0,16,47,76,51,16,6,0,211,17,9,47,46,34,31,39,27,26,278,109,84,435,371,402,319,260,142,79,2199
SSC70098,3,10,44,27,14,9,0,0,0,112,0,12,35,21,13,5,0,0,0,97,0,0,31,25,16,15,0,0,0,90,0,4,17,27,21,7,0,0,0,72,0,7,56,42,16,10,0,0,0,128,0,0,26,25,9,0,0,0,0,66,8,16,29,24,12,3,3,4,0,99,79,105,320,268,155,70,43,31,12,1101
SSC70099,0,0,0,0,0,0,0,0,0,0,0,0,0,0,0,0,0,0,0,3,0,0,0,0,0,0,0,0,0,0,0,0,0,0,0,0,0,0,0,3,0,0,0,0,0,0,0,0,0,0,0,0,0,0,0,0,0,0,0,0,0,0,8,4,4,3,0,0,0,23,14,12,42,17,23,20,7,3,0,139
SSC70100,0,0,0,0,3,0,0,0,0,5,0,0,0,0,0,0,0,0,0,0,0,0,0,0,0,0,0,0,0,0,0,0,0,0,0,0,0,0,0,0,0,0,0,0,0,0,0,0,0,4,0,0,0,0,0,0,0,0,0,0,3,0,0,0,12,3,4,0,0,23,3,0,6,0,11,17,11,0,0,50
SSC70101,0,0,3,3,3,0,0,0,0,9,0,0,0,0,0,0,0,0,0,3,0,0,0,0,7,0,0,0,0,9,0,0,0,3,0,0,0,0,0,3,0,0,0,0,4,0,0,0,0,3,0,0,0,0,0,0,0,0,0,6,0,0,10,5,4,3,0,0,0,15,8,3,14,13,23,9,3,0,0,72
SSC70102,0,0,7,3,3,0,0,0,0,16,0,0,3,3,0,0,0,0,0,16,0,0,3,3,3,0,0,0,0,7,0,0,0,3,3,0,0,0,0,4,0,0,3,4,0,0,0,0,0,5,0,0,0,0,3,0,0,0,0,4,0,0,3,12,4,7,6,0,0,22,11,0,32,34,23,13,13,0,0,128
SSC70103,0,0,3,0,0,0,0,0,0,7,0,0,0,0,0,0,0,0,0,0,0,0,0,0,0,0,0,0,0,0,0,0,0,0,0,0,0,0,0,0,0,0,0,0,0,0,0,0,0,0,0,0,0,0,0,0,0,0,0,4,0,0,0,6,3,3,0,0,0,16,3,3,4,17,9,6,0,0,0,44
SSC70104,0,0,0,0,0,0,0,0,0,0,0,0,0,0,0,0,0,0,0,0,0,0,0,0,0,0,0,0,0,0,0,0,0,0,0,0,0,0,0,0,0,0,0,0,0,0,0,0,0,0,0,0,0,0,0,0,0,0,0,0,3,0,4,3,3,3,3,0,0,17,8,8,15,17,8,8,3,0,0,74
SSC70105,0,0,0,0,0,0,0,0,0,0,0,0,0,0,3,0,0,0,0,3,0,0,0,0,0,0,0,0,0,0,0,0,0,0,0,0,0,0,0,0,0,0,0,0,0,0,0,0,0,0,0,0,0,0,0,0,0,0,0,0,0,0,3,0,0,0,0,0,0,6,3,0,3,4,6,3,0,0,0,25
SSC70106,0,3,3,6,3,3,0,0,0,21,0,0,3,4,0,3,0,0,0,9,0,0,0,0,0,3,0,0,0,7,0,0,0,3,5,8,0,0,0,17,0,0,3,3,3,0,0,0,0,16,0,0,0,0,0,3,0,0,0,3,36,13,25,12,10,5,0,0,0,105,233,179,393,271,243,142,36,13,0,1505
SSC70107,0,0,3,0,0,4,0,0,0,5,0,0,3,0,0,3,0,0,0,3,0,0,0,6,0,0,0,0,0,3,0,0,5,0,3,4,0,0,0,9,0,0,0,0,0,3,0,0,0,4,0,0,0,0,4,0,0,0,0,4,95,88,156,124,63,42,16,5,0,584,101,92,184,132,75,52,13,5,0,652
SSC70108,0,0,0,3,0,0,0,0,0,3,0,0,3,3,0,0,0,0,0,8,0,0,0,0,0,0,0,0,0,0,0,0,0,0,0,0,0,0,0,0,0,0,0,0,0,0,0,0,0,0,0,0,0,0,0,0,0,0,0,0,4,10,10,3,4,0,0,0,0,33,9,29,19,12,9,10,7,3,0,102
SSC70109,3,37,126,80,87,48,9,0,0,397,0,12,85,67,61,46,7,0,0,286,0,8,51,69,56,37,4,0,0,230,0,3,30,49,52,33,7,0,0,167,0,0,37,62,56,50,5,0,0,207,0,0,9,26,25,17,0,0,0,81,41,41,124,80,80,57,30,17,3,484,266,251,741,654,627,447,202,84,20,3296
SSC70110,0,14,25,24,36,13,6,0,0,128,0,15,17,36,23,21,5,0,0,113,0,3,22,38,42,27,3,0,0,129,0,0,8,19,32,12,3,0,0,79,0,4,15,62,40,16,0,0,0,138,0,0,9,22,18,8,3,0,0,59,21,7,11,26,32,15,6,0,0,111,123,90,155,294,321,188,80,13,0,1268
SSC70111,0,0,0,0,0,0,0,0,0,0,0,0,0,0,0,0,0,0,0,0,0,0,0,0,0,0,0,0,0,0,0,0,0,0,0,0,0,0,0,0,0,0,0,0,0,0,0,0,0,0,0,0,0,0,0,0,0,0,0,0,0,0,0,0,0,0,0,0,0,0,0,0,0,0,0,0,0,0,0,0
SSC70112,3,29,70,53,67,42,7,0,0,263,0,11,52,46,29,25,0,0,0,169,0,3,38,50,41,18,3,0,0,155,0,0,30,33,14,11,0,0,0,94,0,0,28,44,44,18,0,0,0,134,0,5,13,7,16,12,4,0,0,61,41,34,74,65,57,49,33,10,6,387,213,217,540,492,446,329,180,65,25,2498
SSC70113,0,0,0,0,0,0,0,0,0,0,0,0,0,0,0,0,0,0,0,3,0,0,0,0,0,0,0,0,0,0,0,0,0,0,0,0,0,0,0,0,0,0,0,0,0,0,0,0,0,0,0,0,0,0,0,0,0,0,0,3,3,0,7,3,0,3,0,0,0,18,12,5,12,11,8,6,3,0,0,56
SSC70114,0,0,0,0,0,0,0,0,0,0,0,0,0,0,0,0,0,0,0,0,0,0,0,0,0,0,0,0,0,0,0,0,0,0,0,0,0,0,0,0,0,0,0,0,0,0,0,0,0,0,0,0,0,0,0,0,0,0,0,0,0,0,0,0,0,0,0,0,0,0,0,0,0,0,0,0,0,0,0,3
SSC70115,0,0,3,6,4,0,0,0,0,17,0,0,4,0,3,9,0,0,0,18,0,0,5,0,0,3,0,0,0,9,0,0,0,0,0,0,0,0,0,4,0,0,0,3,0,5,0,0,0,11,0,0,0,0,0,0,0,0,0,7,44,15,20,20,68,10,0,0,0,178,128,98,203,167,180,74,17,4,0,876
SSC70116,3,33,71,37,25,19,5,0,0,193,0,22,59,45,43,22,3,0,0,188,0,16,57,55,43,18,3,0,0,184,0,3,22,56,28,22,6,0,0,139,0,7,59,66,53,24,4,0,0,201,0,0,30,38,34,15,0,0,0,114,21,10,31,42,29,15,3,0,0,154,159,201,510,460,333,227,65,24,3,1983
SSC70117,0,0,0,0,0,0,0,0,0,0,0,0,0,0,0,0,0,0,0,0,0,0,0,0,0,0,0,0,0,0,0,0,0,0,0,0,0,0,0,0,0,0,0,0,0,0,0,0,0,0,0,0,0,0,0,0,0,0,0,0,0,0,0,0,0,0,0,0,0,0,0,0,0,0,0,3,0,0,0,4
SSC70118,0,0,0,0,0,0,0,0,0,3,0,0,0,0,0,0,0,0,0,0,0,0,0,0,0,0,0,0,0,3,0,0,0,0,0,0,0,0,0,0,0,0,0,0,0,0,0,0,0,3,0,0,0,0,0,0,0,0,0,0,0,0,7,0,3,0,0,0,0,15,23,25,55,26,15,27,9,0,0,183
SSC70119,0,0,0,0,0,0,0,0,0,0,0,0,0,0,0,0,0,0,0,0,0,0,0,0,0,0,0,0,0,0,0,0,0,0,0,0,0,0,0,0,0,0,0,0,0,0,0,0,0,0,0,0,0,0,0,0,0,0,0,0,0,0,4,0,0,0,0,0,0,6,5,3,3,0,0,0,0,0,0,19
SSC70120,0,0,0,0,0,0,0,0,0,0,0,0,0,0,0,0,0,0,0,0,0,0,0,0,0,0,0,0,0,0,0,0,0,0,0,0,0,0,0,5,0,0,0,0,0,0,0,0,0,3,0,0,0,0,0,0,0,0,0,0,4,0,3,3,5,0,0,0,0,19,19,3,27,24,16,3,3,0,0,98
SSC70121,0,0,0,0,0,0,0,0,0,0,0,0,0,0,0,0,0,0,0,0,0,0,0,0,0,0,0,0,0,0,0,0,0,0,0,0,0,0,0,0,0,0,0,0,3,0,0,0,0,3,0,0,0,0,0,0,3,0,0,3,0,29,5,0,6,0,0,0,0,41,0,35,8,11,5,4,6,7,0,73
SSC70122,0,4,5,0,0,0,0,0,0,7,0,0,3,0,0,0,0,0,0,3,0,0,0,0,0,0,0,0,0,7,0,0,0,0,0,0,0,0,0,0,0,0,0,0,0,0,0,0,0,4,0,0,0,0,0,0,0,0,0,0,0,0,5,3,3,0,0,0,0,17,11,6,39,17,20,15,8,0,0,118
SSC70123,0,16,24,39,45,13,8,0,0,139,3,5,31,34,23,18,0,0,0,112,0,3,30,28,39,25,3,0,0,124,0,0,19,26,17,6,0,0,0,68,0,4,47,38,38,10,3,0,0,143,0,0,17,27,17,5,3,0,0,69,18,13,38,42,43,23,16,3,0,180,95,71,269,297,301,159,79,27,0,1298
SSC70124,0,0,3,0,5,6,0,0,0,15,0,0,0,0,3,0,0,0,0,5,0,0,0,0,0,3,0,0,0,3,0,0,0,0,3,0,0,0,0,5,0,0,0,3,4,3,0,0,0,8,0,0,0,0,0,0,0,0,0,0,19,12,21,13,58,6,0,0,0,130,52,53,103,75,112,43,15,3,0,457
SSC70125,0,0,0,0,0,0,0,0,0,0,0,0,0,0,0,0,0,0,0,0,0,0,0,0,0,0,0,0,0,0,0,0,0,0,0,0,0,0,0,0,0,0,0,0,0,0,0,0,0,0,0,0,0,0,0,0,0,0,0,0,0,0,0,0,0,0,0,0,0,0,0,0,0,0,0,0,0,0,0,0
SSC70126,0,0,0,0,0,0,0,0,0,0,0,0,0,0,0,0,0,0,0,0,0,0,0,0,0,0,0,0,0,0,0,0,0,0,0,0,0,0,0,0,0,0,0,0,0,0,0,0,0,0,0,0,0,0,0,0,0,0,0,0,0,0,0,0,0,0,0,0,0,0,0,0,0,0,0,0,0,0,0,0
SSC70127,16,96,45,8,3,5,3,0,0,175,17,70,43,14,6,6,0,0,0,153,3,23,37,3,3,4,0,0,0,71,0,3,10,7,5,4,0,0,0,35,0,3,10,13,3,8,0,0,0,30,0,0,0,6,14,3,0,0,0,22,26,169,372,256,162,55,9,0,0,1049,96,477,555,310,220,92,24,3,3,1766
SSC70128,0,0,0,0,0,0,0,0,0,0,0,0,0,0,0,0,0,0,0,0,0,0,0,0,0,0,0,0,0,0,0,0,0,0,0,0,0,0,0,0,0,0,0,0,0,0,0,0,0,0,0,0,0,0,0,0,0,0,0,0,0,0,0,0,0,0,0,0,0,0,0,0,0,0,0,0,0,0,0,0
SSC70129,0,22,56,41,75,58,23,3,0,278,0,16,44,51,64,51,11,3,0,238,0,15,34,52,68,59,10,4,0,240,0,4,46,34,64,47,3,0,0,204,0,16,130,170,145,92,16,0,0,575,0,10,118,98,113,58,7,0,0,410,43,69,407,390,317,163,57,10,3,1451,203,251,956,981,1022,731,321,79,21,4559
SSC70130,0,0,3,3,0,4,0,0,0,11,0,0,0,0,0,0,0,0,0,7,0,0,0,0,0,3,0,0,0,3,0,0,0,0,0,0,0,0,0,3,0,0,0,0,3,0,0,0,0,5,0,0,0,0,0,0,0,0,0,0,25,97,242,175,79,42,4,3,0,659,36,116,254,197,104,75,14,8,0,798
SSC70131,0,0,0,0,0,0,0,0,0,4,0,0,0,0,0,0,0,0,0,0,0,0,0,0,0,0,0,0,0,0,0,0,0,0,0,0,0,0,0,0,0,0,0,0,0,0,0,0,0,0,0,0,0,0,0,0,0,0,0,3,0,0,0,0,3,0,0,0,0,9,4,4,11,7,15,9,6,3,0,60
SSC70132,3,25,70,66,100,48,18,0,0,337,0,14,62,60,92,43,10,0,0,279,0,10,54,58,62,25,3,0,0,211,0,3,26,39,75,27,3,0,0,182,3,3,76,88,76,50,10,0,0,301,0,7,25,49,39,17,0,0,0,139,68,33,65,89,111,78,55,10,3,519,295,231,572,649,777,525,305,62,17,3428
SSC70133,3,3,8,3,10,7,0,0,0,37,0,0,0,7,11,9,0,0,0,27,0,0,4,9,5,5,0,0,0,25,0,0,0,4,8,3,0,0,0,16,0,0,0,4,11,10,0,0,0,26,0,0,0,0,6,7,0,0,0,13,8,7,10,12,27,25,3,3,0,88,35,30,38,55,118,90,22,7,0,389
SSC70134,0,0,0,0,0,0,0,0,0,0,0,0,0,0,0,0,0,0,0,3,0,0,0,0,0,3,0,0,0,3,0,0,0,0,0,0,0,0,0,0,0,0,0,0,0,0,0,0,0,0,0,0,0,0,0,0,0,0,0,0,0,39,8,0,0,3,0,0,0,49,4,40,30,14,7,12,3,0,0,117
SSC70135,0,0,0,0,0,0,0,0,0,0,0,0,0,0,0,0,0,0,0,0,0,0,0,0,0,0,0,0,0,0,0,0,0,0,0,0,0,0,0,0,0,0,0,0,0,0,0,0,0,0,0,0,0,0,0,0,0,0,0,0,0,0,0,0,0,0,0,0,0,0,0,0,0,0,0,0,0,0,0,0
SSC70136,0,3,26,18,14,5,0,0,0,73,0,0,18,14,12,4,0,0,0,54,0,3,13,19,14,8,0,0,0,58,0,0,5,22,20,8,0,0,0,51,0,5,22,36,33,21,0,0,0,111,0,0,5,6,5,9,0,0,0,24,16,18,40,25,52,23,14,0,0,192,41,65,188,194,195,107,27,6,0,821
SSC70137,0,0,0,0,0,0,0,0,0,0,0,0,0,0,3,0,0,0,0,3,0,0,0,0,0,0,0,0,0,0,0,0,0,0,0,0,0,0,0,0,0,0,0,0,0,0,0,0,0,0,0,0,0,0,0,0,0,0,0,0,18,7,4,11,6,0,0,0,0,52,40,24,35,51,37,13,3,3,0,206
SSC70138,0,12,22,37,32,18,11,0,0,130,0,3,17,22,35,12,5,0,0,99,0,3,15,30,26,18,12,0,0,103,0,3,17,29,32,10,6,0,0,87,0,0,18,49,39,12,5,0,0,123,0,0,6,22,20,7,0,0,0,54,17,15,26,19,36,32,9,6,0,154,101,89,212,297,290,180,138,50,10,1371
SSC70139,0,59,63,21,14,4,4,0,0,163,0,41,73,47,16,5,0,0,0,179,0,14,84,43,6,3,0,0,0,158,0,4,37,24,9,4,0,0,0,81,0,5,47,48,17,5,0,0,0,124,0,3,29,20,8,4,0,0,0,75,15,18,44,36,9,11,3,0,0,141,85,274,546,330,123,63,24,0,0,1445
SSC70140,0,0,5,3,0,0,0,0,0,16,0,0,3,3,6,0,0,0,0,9,0,0,0,0,4,0,0,0,0,4,0,0,0,0,0,0,0,0,0,6,0,0,5,3,0,0,0,0,0,6,0,0,0,0,0,0,0,0,0,3,7,11,14,13,11,3,3,0,0,59,26,31,62,39,57,20,15,0,3,250
SSC70141,0,0,4,3,0,3,0,0,0,8,0,0,0,0,3,0,0,0,0,8,0,0,0,3,0,0,0,0,0,6,0,0,3,0,0,0,0,0,0,7,0,0,0,0,0,0,0,0,0,4,0,0,0,0,0,0,0,0,0,3,13,9,21,3,16,4,0,0,0,68,21,37,56,33,43,25,13,6,0,230
SSC70142,0,0,8,0,0,7,0,0,0,14,0,0,0,0,0,0,0,0,0,3,0,0,0,0,0,3,0,0,0,3,0,0,0,0,0,3,3,0,0,4,0,0,0,0,0,0,0,0,0,3,0,0,0,0,0,0,0,0,0,0,38,8,5,13,12,6,3,3,0,87,54,39,59,65,53,35,18,11,0,323
SSC70143,3,35,103,88,78,62,11,0,0,382,0,15,70,81,62,51,10,0,0,288,0,13,47,73,64,40,12,0,0,244,0,0,32,50,46,39,3,0,0,179,0,0,45,50,49,45,3,0,0,193,0,0,10,22,7,13,0,0,0,60,63,44,125,88,88,78,27,12,8,527,373,323,781,717,654,592,247,79,27,3793
SSC70144,0,14,34,19,17,18,3,4,3,110,0,7,32,16,25,18,3,0,0,95,0,5,30,9,18,17,5,0,0,87,0,3,14,11,12,7,3,0,0,50,0,3,20,18,17,9,0,0,0,66,0,0,0,0,7,5,0,0,0,16,18,30,76,34,57,32,27,11,4,298,63,119,300,165,233,187,94,45,20,1230
SSC70145,3,23,72,45,41,22,8,0,0,218,0,15,70,53,33,18,7,0,0,195,0,5,63,43,31,20,5,0,0,161,0,4,26,27,42,22,3,0,0,123,0,0,31,30,28,17,5,0,0,122,0,0,8,10,13,10,3,0,0,39,63,33,112,76,84,55,37,13,3,486,239,183,560,429,405,266,153,47,5,2297
SSC70146,3,10,37,18,27,17,8,0,0,119,0,3,28,21,17,7,10,0,0,83,0,0,20,8,13,18,7,0,0,65,0,0,9,6,12,6,3,0,0,35,0,0,13,6,7,8,0,0,0,38,0,0,0,4,6,0,0,0,0,8,22,28,78,51,59,73,31,25,7,370,73,100,270,191,219,214,115,39,6,1231
SSC70147,0,0,0,0,0,0,0,0,0,4,0,3,0,0,3,0,0,0,0,6,0,0,3,0,0,0,0,0,0,6,0,0,0,0,0,0,0,0,0,0,0,0,3,0,0,0,0,0,3,5,0,0,0,0,0,0,0,0,0,3,0,3,7,6,3,0,4,12,6,42,9,23,34,22,31,30,56,65,42,309
SSC70148,0,0,0,0,0,0,0,0,0,0,0,0,0,0,3,0,0,0,0,7,0,0,0,0,0,4,0,0,0,3,0,0,0,3,0,3,0,0,0,6,0,0,0,3,0,4,0,0,0,10,0,0,0,0,0,0,0,0,0,3,21,0,3,11,20,9,0,0,0,54,37,35,66,58,45,41,15,4,0,306
SSC70149,0,17,11,4,0,6,8,0,0,41,0,3,5,9,6,0,0,0,0,23,0,6,3,4,7,3,0,0,0,22,0,0,0,0,3,3,3,3,0,11,0,0,0,3,4,6,0,0,0,17,0,0,7,3,7,9,0,0,0,24,5,0,11,7,8,11,4,0,0,53,33,36,61,50,53,63,35,5,7,339
SSC70150,0,0,0,0,0,0,0,0,0,0,0,0,0,0,0,0,0,0,0,0,0,0,0,0,0,0,0,0,0,0,0,0,0,0,0,0,0,0,0,0,0,0,0,0,0,0,0,0,0,0,0,0,0,0,0,0,0,0,0,0,0,0,0,0,0,0,0,0,0,0,0,0,0,0,0,0,0,0,0,0
SSC70151,0,0,0,0,0,0,0,0,0,0,0,0,0,0,0,0,0,0,0,0,0,0,0,0,0,0,0,0,0,0,0,0,0,0,0,0,0,0,0,0,0,0,0,0,0,0,0,0,0,0,0,0,0,0,0,0,0,0,0,0,4,0,3,4,0,0,0,0,0,10,3,5,19,14,17,5,3,4,0,73
SSC70152,0,0,4,3,0,0,0,0,0,12,0,0,5,0,0,0,0,0,0,10,0,0,0,3,4,0,0,0,0,6,0,0,0,0,3,0,0,0,0,4,0,0,4,0,3,3,0,0,0,14,0,0,0,0,0,0,0,0,0,0,24,4,9,11,10,11,0,0,0,71,60,38,101,71,67,33,14,3,0,387
SSC70153,0,0,0,0,0,0,3,0,0,6,0,0,0,0,3,3,0,0,0,9,0,0,3,3,0,0,0,0,0,5,0,0,0,0,0,0,0,0,0,3,0,0,0,0,3,0,0,0,0,4,0,0,0,0,0,0,0,0,0,0,0,0,3,3,0,6,4,0,0,21,0,5,8,10,11,20,26,0,0,86
SSC70154,0,0,0,0,0,0,0,0,0,0,0,0,0,0,0,0,0,0,0,0,0,0,0,0,0,0,0,0,0,0,0,0,0,0,0,0,0,0,0,0,0,0,0,0,0,0,0,0,0,0,0,0,0,0,0,0,0,0,0,0,0,0,0,0,0,0,0,0,0,0,0,3,0,0,0,0,0,0,0,5
SSC70155,0,0,3,7,7,4,3,0,0,23,0,0,3,4,10,3,0,0,0,18,0,0,3,4,6,0,0,0,0,15,0,0,0,0,3,0,3,0,0,10,0,0,4,3,3,0,3,0,0,14,0,0,0,0,0,0,3,0,0,5,6,4,4,12,6,13,4,0,0,47,24,11,32,48,69,44,34,10,0,282
SSC70156,0,0,11,4,3,3,3,0,0,23,0,0,5,4,5,3,0,0,0,14,0,0,4,4,6,8,0,0,0,24,0,0,0,3,0,3,0,0,0,4,0,0,0,6,3,6,3,0,0,16,0,0,0,0,4,0,0,0,0,9,9,12,18,21,34,35,21,9,0,157,31,28,61,60,82,76,44,22,0,404
SSC70157,0,0,0,0,0,0,0,0,0,0,0,0,0,0,0,0,0,0,0,0,0,0,0,0,0,0,0,0,0,0,0,0,0,0,0,0,0,0,0,3,0,0,0,0,0,0,0,0,0,0,0,0,0,0,0,0,0,0,0,0,3,0,4,3,3,4,0,0,0,15,11,28,44,29,19,15,5,3,0,162
SSC70158,0,16,52,48,56,31,4,0,0,216,0,5,41,37,41,20,3,0,0,148,0,5,21,43,37,26,3,0,0,128,0,0,21,26,35,16,3,0,0,99,0,0,17,34,41,14,4,0,0,112,0,0,3,6,12,4,0,0,0,29,20,15,40,43,45,42,24,4,0,234,137,120,330,357,342,242,91,36,8,1665
SSC70159,5,52,154,58,36,28,17,6,4,358,3,18,106,36,34,29,8,0,0,240,0,19,83,44,45,24,9,6,0,224,0,9,85,43,60,21,7,3,0,226,0,4,110,79,97,69,24,0,0,377,0,0,39,55,75,76,22,5,0,274,21,71,180,82,56,35,35,12,3,490,124,312,1013,556,518,380,210,71,22,3207
SSC70160,0,0,0,3,0,0,0,0,0,3,0,0,0,0,0,0,0,0,0,0,0,0,0,0,0,0,0,0,0,0,0,0,0,0,0,0,0,0,0,0,0,0,0,0,0,0,0,0,0,0,0,0,0,0,0,0,0,0,0,0,0,3,3,5,0,3,0,0,0,16,3,3,4,3,3,8,9,3,0,36
SSC70161,5,38,112,72,96,56,32,8,0,416,0,17,83,72,66,66,9,0,0,312,0,3,80,74,60,60,18,0,3,290,0,5,34,59,66,43,14,0,0,217,0,0,48,78,97,68,13,0,0,306,0,4,26,38,31,38,3,0,0,144,24,22,71,53,64,66,24,16,0,353,269,277,704,685,683,610,325,125,18,3693
SSC70162,0,0,3,0,0,6,4,0,0,10,0,0,0,0,0,5,3,0,0,9,0,0,0,0,0,0,0,0,0,3,0,0,0,0,0,0,0,0,0,0,0,0,0,0,0,0,0,0,0,0,0,0,0,0,0,0,0,0,0,4,0,0,0,0,3,3,7,3,0,18,0,0,5,7,14,29,33,10,0,94
SSC70163,0,0,0,0,0,0,0,0,0,3,0,0,0,0,0,0,0,0,0,0,0,0,0,0,0,0,0,0,0,0,0,0,0,0,0,0,0,0,0,0,0,0,0,0,0,0,0,0,0,0,0,0,0,0,0,0,0,0,0,0,0,0,0,6,3,0,0,0,0,9,3,0,6,3,3,3,4,0,0,26
SSC70164,0,0,0,0,0,0,0,0,0,3,0,0,0,0,0,0,0,0,0,0,0,0,3,0,0,0,0,0,0,3,0,0,0,0,0,0,0,0,0,0,0,0,0,0,0,0,0,0,0,0,0,0,0,0,0,0,0,0,0,0,5,0,0,4,4,0,0,0,0,10,5,0,4,5,7,5,8,0,0,34
SSC70165,0,6,7,4,6,8,4,0,0,27,0,5,0,6,6,4,0,0,0,21,0,0,0,9,10,3,0,0,0,29,0,0,0,7,3,3,0,0,0,11,0,0,4,9,9,3,0,0,0,24,0,0,0,3,4,0,0,0,0,9,17,10,9,19,17,11,5,4,0,84,48,29,49,73,69,67,24,5,0,367
SSC70166,0,0,6,3,3,3,0,0,0,15,0,0,3,3,3,0,0,0,0,9,0,0,0,3,3,0,0,0,0,10,0,3,3,0,0,4,0,0,0,9,0,0,5,8,3,0,0,0,0,22,0,0,0,3,0,0,0,0,0,7,0,0,0,0,3,0,0,0,0,9,6,20,31,25,18,15,3,0,0,119
SSC70167,0,8,36,22,15,16,9,0,0,114,0,0,37,25,17,24,3,0,0,116,0,0,27,22,23,12,3,0,0,92,0,0,15,19,21,22,0,0,0,73,0,0,19,24,41,18,4,0,0,109,0,0,13,19,17,9,0,0,0,62,23,17,52,38,33,18,16,12,0,199,132,93,310,259,254,169,133,46,7,1404
SSC70168,3,20,59,29,29,16,5,0,0,155,0,18,69,37,25,6,0,0,0,156,0,9,58,55,31,12,0,0,0,165,0,0,44,56,30,5,0,0,0,142,0,0,42,60,41,24,4,0,0,173,0,0,18,53,36,7,3,0,0,122,19,3,26,33,30,10,4,0,0,118,167,148,433,417,275,98,55,17,0,1612
SSC70169,7,18,48,56,48,52,16,0,0,235,0,9,38,54,44,39,9,0,0,197,0,0,42,30,37,27,4,0,0,143,0,0,13,32,35,16,0,0,0,98,0,0,39,43,45,29,0,0,0,155,0,0,7,15,15,12,9,0,0,51,31,23,71,53,38,47,27,11,3,303,201,167,466,445,416,391,192,60,15,2350
SSC70170,0,0,0,0,0,0,0,0,0,0,0,0,0,0,0,0,0,0,0,0,0,0,0,0,0,0,0,0,0,0,0,0,0,0,0,0,0,0,0,0,0,0,0,0,0,0,0,0,0,0,0,0,0,0,0,0,0,0,0,0,0,0,3,0,0,0,0,0,0,3,0,0,3,0,0,0,0,0,0,7
SSC70171,0,0,0,0,0,0,0,0,0,0,0,0,0,0,0,0,0,0,0,0,0,0,0,0,0,0,0,0,0,0,0,0,0,0,0,0,0,0,0,0,0,0,0,0,0,0,0,0,0,0,0,0,0,0,0,0,0,0,0,0,0,0,0,0,0,0,0,0,0,0,0,0,0,0,0,0,0,0,0,0
SSC70172,3,3,13,0,9,3,0,0,0,30,0,0,11,3,7,7,0,0,0,27,0,0,5,6,3,4,0,0,0,24,0,3,0,4,4,7,0,0,0,20,0,0,7,4,9,5,0,0,0,30,0,0,0,0,0,0,0,0,0,4,39,31,59,153,33,15,0,3,0,343,182,238,432,412,244,147,25,9,3,1694
SSC70173,0,0,3,0,0,0,0,0,0,3,0,0,0,0,4,0,0,0,0,6,0,0,0,0,0,0,0,0,0,0,0,0,0,0,0,0,0,0,0,0,0,0,0,0,0,0,0,0,0,3,0,0,0,0,0,0,0,0,0,0,0,0,0,0,0,3,0,0,0,12,4,4,12,17,11,19,0,0,0,66
SSC70174,0,0,0,0,0,0,0,0,0,0,0,0,0,0,0,0,0,0,0,0,0,0,0,0,0,0,0,0,0,0,0,0,0,0,0,0,0,0,0,0,0,0,0,0,0,0,0,0,0,0,0,0,0,0,0,0,0,0,0,0,0,0,0,0,0,0,0,0,0,0,0,0,0,0,0,0,0,0,0,0
SSC70175,0,0,0,0,0,0,0,0,0,0,0,0,0,0,0,0,0,0,0,0,0,0,0,0,0,0,0,0,0,0,0,0,0,0,0,0,0,0,0,0,0,0,0,0,0,0,0,0,0,0,0,0,0,0,0,0,0,0,0,3,0,0,0,0,4,0,0,0,0,0,0,0,0,0,4,0,0,0,0,10
SSC70176,0,6,6,12,6,9,4,0,0,42,0,3,14,12,20,10,0,0,0,57,0,0,3,15,18,17,0,0,0,53,0,0,5,11,23,6,0,0,0,48,0,0,6,23,28,16,0,0,0,72,0,0,3,7,13,0,6,0,0,36,3,5,11,10,8,10,8,3,0,50,35,36,78,115,137,97,27,13,3,545
SSC70177,0,0,0,7,9,9,0,0,0,28,0,3,3,11,4,3,0,0,0,23,0,0,3,7,8,3,0,0,0,19,0,0,0,4,5,3,0,0,0,12,0,0,0,0,0,0,0,0,0,9,0,0,0,3,3,0,0,0,0,10,4,4,11,13,20,10,4,4,0,79,26,19,51,78,100,67,32,14,0,390
SSC70178,0,7,39,28,21,34,15,7,3,161,0,4,36,14,20,21,4,0,0,108,0,0,22,29,28,22,0,0,0,100,0,0,3,18,18,16,0,0,0,62,0,3,15,35,37,21,3,0,0,120,0,0,10,15,29,22,4,0,0,81,20,20,44,23,32,29,12,0,0,175,82,97,244,213,241,267,150,41,8,1333
SSC70179,0,0,3,3,8,0,0,0,0,15,0,0,3,0,4,3,0,0,0,11,0,0,0,0,3,0,0,0,0,8,0,0,0,0,6,4,0,0,0,14,0,0,0,3,3,3,0,0,0,8,0,0,0,0,0,0,0,0,0,7,6,8,10,7,14,15,13,0,0,70,14,21,29,44,66,70,41,15,0,302
SSC70180,0,3,3,3,0,3,0,0,0,14,0,0,3,0,0,0,0,0,0,3,0,0,6,0,4,3,0,0,0,15,0,0,4,8,3,0,0,0,0,12,0,0,12,10,5,3,0,0,0,31,0,0,0,0,3,0,0,0,0,5,6,3,3,4,5,9,6,0,0,38,24,23,40,39,46,49,38,3,0,261
SSC70181,0,3,13,9,12,8,5,0,0,48,0,4,10,12,10,6,4,0,0,41,0,0,4,17,17,11,3,0,0,45,0,0,14,15,3,7,0,0,0,40,0,0,5,21,22,11,0,3,0,54,0,0,0,11,7,0,4,0,0,21,8,0,12,18,13,15,15,11,3,87,52,28,78,148,97,94,66,34,3,606
SSC70182,0,0,0,0,0,0,0,0,0,0,0,0,0,0,0,0,0,0,0,0,0,0,0,0,0,0,0,0,0,0,0,0,0,0,0,0,0,0,0,0,0,0,0,0,0,0,0,0,0,0,0,0,0,0,0,0,0,0,0,0,12,9,0,0,0,0,0,0,0,24,12,9,0,0,3,0,0,0,0,30
SSC70183,0,0,0,0,0,0,0,0,0,0,0,0,0,0,0,0,0,0,0,0,0,0,0,0,0,0,0,0,0,0,0,0,0,0,0,0,0,0,0,0,0,0,0,0,0,0,0,0,0,0,0,0,0,0,0,0,0,0,0,0,0,0,0,0,0,0,0,0,0,0,0,0,0,0,0,0,0,0,0,0
SSC70184,0,0,4,0,3,0,0,0,0,5,0,0,0,0,0,0,0,0,0,0,0,0,0,0,0,0,0,0,0,5,0,0,0,0,0,0,0,0,0,3,0,0,0,0,0,0,0,0,0,3,0,0,0,0,3,0,0,0,0,3,0,0,0,0,3,0,0,0,0,4,0,4,13,4,12,9,10,0,0,53
SSC70185,0,0,0,0,0,3,0,0,0,11,0,0,0,0,0,0,0,0,0,3,0,0,3,0,0,0,0,0,0,3,0,0,0,0,0,0,0,0,0,0,0,0,0,0,0,0,0,0,0,3,0,0,0,0,0,0,0,0,0,0,0,0,0,0,0,0,0,0,0,8,41,40,56,53,60,40,6,3,0,295
SSC70186,0,0,3,0,5,0,0,0,0,14,0,0,0,4,0,0,0,0,0,5,0,0,3,4,0,3,0,0,0,8,0,0,0,3,0,4,0,0,0,5,0,0,3,3,3,5,0,0,0,13,0,0,0,0,0,0,0,0,0,0,22,5,7,11,3,3,0,0,0,52,136,104,214,193,134,78,30,5,0,893
SSC70187,0,23,78,49,43,34,14,3,0,236,0,7,52,53,30,18,5,0,0,161,0,0,32,36,39,22,3,3,0,134,0,0,28,25,33,17,4,0,0,101,0,3,52,34,27,19,3,0,0,132,0,0,9,13,12,4,3,0,0,39,23,27,61,42,44,36,25,8,0,261,129,152,518,420,357,263,165,83,7,2093
SSC70188,0,0,0,0,0,0,0,0,0,0,0,0,0,0,0,0,0,0,0,0,0,0,0,0,0,0,0,0,0,0,0,0,0,0,0,0,0,0,0,0,0,0,0,0,0,0,0,0,0,0,0,0,0,0,0,0,0,0,0,0,16,14,24,18,17,8,7,0,0,108,16,18,24,18,17,8,7,0,0,108
SSC70189,0,0,0,0,0,0,0,0,0,3,0,0,0,4,0,3,0,0,0,7,0,0,3,0,0,3,0,0,0,4,0,0,0,0,0,3,0,0,0,5,0,0,0,0,0,3,0,0,0,3,0,0,0,0,0,0,0,0,0,0,30,3,16,5,4,5,0,0,0,65,59,49,125,60,45,39,11,0,0,388
SSC70190,0,0,0,0,0,0,0,0,0,0,0,0,0,0,0,0,0,0,0,0,0,0,0,0,0,0,0,0,0,0,0,0,0,0,0,0,0,0,0,0,0,0,0,0,0,0,0,0,0,3,0,0,0,0,0,0,0,0,0,0,0,3,0,0,0,3,0,0,0,8,24,16,41,33,20,18,13,0,0,164
SSC70191,0,0,0,0,0,0,0,0,0,0,0,0,0,0,0,0,0,0,0,0,0,0,0,0,0,0,0,0,0,0,0,0,0,0,0,0,0,0,0,0,0,0,0,0,0,0,0,0,0,0,0,0,0,0,0,0,0,0,0,0,0,0,0,0,0,0,0,0,0,0,0,0,0,0,0,0,0,0,0,0
SSC70192,0,9,33,35,31,21,6,3,0,150,0,5,20,37,26,23,9,5,0,121,0,0,30,27,16,19,3,0,0,93,0,0,15,24,18,25,0,0,0,86,0,0,15,45,33,22,0,0,0,123,0,0,6,10,13,9,0,0,0,39,15,5,28,33,29,31,28,16,0,194,159,92,259,329,270,231,153,54,9,1559
SSC70193,3,14,55,50,39,30,3,3,0,199,0,7,49,44,43,18,3,0,0,159,0,3,32,31,34,18,3,0,0,119,0,0,18,32,22,17,3,0,0,88,0,0,14,29,33,27,0,0,0,106,0,3,8,11,4,7,0,0,0,33,44,24,73,55,50,41,29,3,3,328,230,177,449,423,382,281,162,42,6,2156
SSC70194,0,0,0,3,0,0,0,0,0,5,0,0,0,0,0,0,0,0,0,0,0,0,0,0,0,0,0,0,0,4,0,0,0,0,0,0,0,0,0,0,0,0,0,0,0,3,0,0,0,4,0,0,0,0,0,0,0,0,0,0,0,0,4,0,0,0,0,0,0,7,0,3,6,7,0,3,0,0,0,26
SSC70195,0,6,20,7,4,5,0,0,0,49,0,0,8,8,3,10,0,0,0,25,0,3,15,11,4,0,0,0,0,32,0,0,8,5,4,3,0,0,0,26,0,0,12,15,12,14,0,0,0,53,0,0,3,3,22,11,0,0,0,41,7,5,21,15,8,5,0,0,0,74,30,25,126,93,73,61,11,4,0,421
SSC70196,0,0,0,0,0,0,0,0,0,6,0,0,0,0,0,0,0,0,0,4,0,0,0,0,0,0,0,0,0,0,0,0,0,0,0,0,0,0,0,0,0,0,0,0,0,0,0,0,0,0,0,0,0,0,0,0,0,0,0,0,0,0,0,10,0,0,0,0,0,10,16,8,23,38,25,4,4,0,0,126
SSC70197,0,0,0,0,0,0,0,0,0,7,0,0,0,0,3,0,0,0,0,4,0,0,0,0,0,0,0,0,0,0,0,0,0,0,0,3,0,0,0,3,0,0,0,0,0,0,0,0,0,3,0,0,0,0,0,0,0,0,0,0,3,0,5,0,3,0,0,0,0,14,6,5,11,11,16,10,4,0,0,63
SSC70198,0,32,91,44,28,3,0,0,0,196,0,23,99,55,19,13,0,0,0,207,0,15,91,53,26,5,3,0,0,186,0,4,58,42,17,6,0,0,0,133,0,3,61,64,35,14,0,0,0,178,0,0,28,32,27,10,0,0,0,94,7,17,55,21,22,4,0,0,0,128,93,201,661,398,220,78,16,8,0,1673
SSC70199,0,0,0,0,0,0,0,0,0,0,0,0,0,0,0,0,0,0,0,0,0,0,0,0,0,0,0,0,0,0,0,0,0,0,0,0,0,0,0,0,0,0,0,0,0,0,0,0,0,0,0,0,0,0,0,0,0,0,0,0,0,0,0,0,0,0,0,0,0,0,0,0,0,0,0,0,0,0,0,0
SSC70200,0,0,3,0,0,0,0,0,0,4,0,0,4,0,0,0,0,0,0,7,0,0,0,0,0,0,0,0,0,0,0,0,0,4,0,0,0,0,0,3,0,0,0,0,0,4,0,0,0,8,0,0,0,0,0,0,0,0,0,0,5,29,17,14,9,4,0,0,0,87,21,57,56,49,39,26,12,3,0,264
SSC70201,0,14,39,41,21,21,20,0,0,158,0,5,30,27,17,13,3,4,0,108,0,3,10,30,24,23,8,0,0,96,0,0,15,28,23,18,3,0,0,88,0,0,18,36,44,30,3,0,0,128,0,0,7,20,20,7,0,0,0,53,10,7,28,28,16,28,12,4,0,149,129,123,309,314,266,218,155,59,7,1584
SSC70202,0,0,0,0,0,0,0,0,0,0,0,0,3,0,0,0,0,0,0,4,0,0,0,0,0,0,0,0,0,0,0,0,0,0,0,0,0,0,0,3,0,0,0,0,0,0,0,0,0,0,0,0,0,0,0,0,0,0,0,0,100,31,3,0,3,0,0,0,0,138,105,36,13,5,7,3,3,0,0,162
SSC70203,0,0,0,0,3,3,3,0,0,7,0,0,0,0,0,3,0,0,0,9,0,0,0,0,0,0,0,0,0,4,0,0,0,0,0,3,0,0,0,3,0,0,0,0,0,4,0,0,0,5,0,0,0,0,0,0,0,0,0,0,3,3,11,4,13,7,5,0,0,45,26,36,54,40,40,46,11,3,0,252
SSC70204,0,0,0,0,0,0,0,0,0,0,0,0,0,0,0,0,0,0,0,0,0,0,0,0,0,0,0,0,0,0,0,0,0,0,0,0,0,0,0,0,0,0,0,0,0,0,0,0,0,0,0,0,0,0,0,0,0,0,0,0,0,0,0,0,0,0,0,0,0,0,11,8,26,12,15,13,5,0,0,83
SSC70205,0,0,0,0,0,0,0,0,0,0,0,0,0,0,0,0,0,0,0,0,0,0,0,0,0,0,0,0,0,0,0,0,0,0,0,0,0,0,0,0,0,0,0,0,0,0,0,0,0,0,0,0,0,0,0,0,0,0,0,0,0,0,0,0,0,0,0,0,0,0,7,10,10,6,9,3,0,0,0,41
SSC70206,0,0,0,0,0,0,0,0,0,0,0,0,0,0,0,0,0,0,0,4,0,0,3,0,0,0,0,0,0,3,0,0,0,0,0,0,0,0,0,0,0,0,3,0,0,0,0,0,0,3,0,0,0,0,0,0,0,0,0,0,0,0,0,0,0,0,0,0,0,3,41,41,67,40,24,12,3,0,0,245
SSC70207,0,3,3,3,4,0,0,0,0,11,0,0,4,0,4,3,0,0,0,10,0,0,0,0,0,3,0,0,0,4,0,0,0,0,0,9,0,0,0,9,0,0,3,0,4,3,0,0,0,11,0,0,0,0,0,0,0,0,0,3,85,16,40,15,18,10,5,0,0,188,142,92,193,146,99,73,18,3,0,779
SSC70208,3,16,63,49,44,24,7,0,0,206,3,15,41,43,42,28,10,0,0,181,3,6,26,50,54,22,7,0,0,166,0,8,31,60,49,26,3,0,0,174,0,7,70,88,83,47,3,0,0,300,0,0,13,39,36,11,3,0,0,104,58,41,103,77,67,67,31,4,0,438,173,167,503,562,505,305,110,8,0,2340
SSC70209,0,3,0,0,0,0,0,0,0,7,0,0,0,0,0,0,0,0,0,0,0,0,0,0,0,0,0,0,0,0,0,0,0,0,0,0,0,0,0,0,0,0,0,0,0,0,0,0,0,0,0,0,0,0,0,0,0,0,0,0,0,0,0,0,0,0,0,0,0,0,4,13,13,10,8,3,4,0,0,46
SSC70210,0,28,111,64,50,28,24,3,0,308,0,19,102,50,37,35,19,0,0,258,0,4,93,52,41,35,12,3,0,238,0,3,49,47,49,37,8,0,0,192,0,3,75,94,80,58,12,0,0,318,0,0,22,58,54,40,8,0,0,186,22,30,114,68,62,41,47,10,0,405,172,221,858,633,514,410,289,74,18,3191
SSC70211,0,0,0,3,0,0,0,0,0,3,0,0,0,3,0,0,0,0,0,3,0,0,0,0,3,0,0,0,0,3,0,0,0,3,0,0,0,0,0,5,0,0,0,0,0,0,0,0,0,3,0,0,0,0,0,0,0,0,0,0,7,3,3,3,0,3,3,0,0,19,14,7,23,18,20,12,13,0,0,111
SSC70212,0,3,3,0,10,7,3,0,0,22,0,0,4,4,9,5,0,0,0,25,0,0,0,0,10,3,0,0,0,7,0,0,0,0,6,3,0,0,0,8,0,0,7,3,5,3,0,0,0,16,0,0,0,0,3,4,0,0,0,10,0,0,0,15,9,12,13,0,0,46,19,15,24,44,70,58,39,3,0,265
SSC70213,0,0,0,0,3,0,3,0,0,5,0,0,4,3,0,0,0,0,0,9,0,0,0,3,0,0,0,0,0,4,0,0,0,0,0,4,0,0,0,4,0,0,0,0,0,4,0,0,0,9,0,0,0,0,0,0,0,0,0,0,32,7,21,7,13,6,0,0,0,91,79,51,149,88,86,45,24,7,0,540
SSC70214,0,0,0,0,0,0,0,0,0,0,0,0,0,0,0,0,0,0,0,0,0,0,0,0,0,0,0,0,0,0,0,0,0,0,0,0,0,0,0,0,0,0,0,0,0,0,0,0,0,0,0,0,0,0,0,0,0,0,0,0,0,3,4,0,0,3,0,0,0,6,0,3,4,0,0,0,0,0,0,11
SSC70215,0,0,4,0,0,0,0,0,0,11,0,0,0,0,0,0,0,0,0,3,0,0,0,0,0,0,0,0,0,0,0,0,0,0,0,0,0,0,0,0,0,0,0,0,0,0,0,0,0,0,0,0,0,0,0,0,0,0,0,0,3,0,0,3,0,0,0,0,0,6,17,15,36,33,28,11,9,3,0,162
SSC70216,0,0,0,0,0,0,0,0,0,0,0,0,0,0,0,0,0,0,0,3,0,0,0,0,0,0,0,0,0,0,0,0,0,0,0,0,0,0,0,0,0,0,0,0,0,0,0,0,0,0,0,0,0,0,0,0,0,0,0,0,0,0,0,0,0,0,0,0,0,3,0,0,4,5,0,0,0,0,0,14
SSC70217,0,0,0,0,0,0,0,0,0,5,0,0,3,0,0,0,0,0,0,3,0,0,0,0,0,0,0,0,0,0,0,0,0,0,0,0,0,0,0,0,0,0,0,0,0,0,0,0,0,0,0,0,0,0,0,0,0,0,0,0,4,3,0,0,0,0,0,0,0,7,4,9,3,0,9,4,3,0,0,30
SSC70218,0,0,7,0,0,0,0,0,0,10,0,0,0,3,0,3,0,0,0,5,0,0,0,0,0,4,0,0,0,3,0,0,0,0,0,3,0,0,0,4,0,0,0,0,0,0,0,0,0,0,0,0,0,0,0,0,0,0,0,0,9,0,22,3,0,20,0,0,0,56,26,29,87,48,38,57,6,3,0,295
SSC70219,0,21,70,39,29,20,13,0,0,201,0,15,75,31,29,15,8,0,0,176,0,4,74,41,33,19,9,0,0,184,0,8,35,24,35,19,15,0,0,132,0,3,66,81,61,34,4,4,0,256,0,0,47,78,79,33,14,3,0,258,8,17,65,46,56,43,19,5,0,252,101,148,593,470,417,273,148,40,5,2203
SSC70220,0,0,0,0,0,0,0,0,0,0,0,0,0,0,0,0,0,0,0,0,0,0,0,0,0,0,0,0,0,0,0,0,0,0,0,0,0,0,0,0,0,0,0,0,0,0,0,0,0,0,0,0,0,0,0,0,0,0,0,0,0,0,0,0,0,0,0,0,0,3,0,0,0,0,3,0,0,0,0,3
SSC70221,0,0,0,0,0,0,0,0,0,0,0,0,0,0,0,0,0,0,0,0,0,0,0,3,0,0,0,0,0,3,0,0,0,0,0,0,0,0,0,3,0,0,0,0,0,0,0,0,0,0,0,0,0,0,0,0,0,0,0,0,9,3,3,9,0,0,0,0,0,21,18,31,12,22,24,7,0,0,0,111
SSC70222,0,4,3,0,0,0,0,0,0,18,0,0,3,0,3,0,0,0,0,5,0,0,0,0,0,0,0,0,0,3,0,0,0,0,0,0,0,0,0,4,0,0,0,0,0,3,0,0,0,3,0,0,0,0,0,0,0,0,0,4,9,8,11,3,5,5,0,0,0,47,10,28,50,16,20,16,16,0,3,160
SSC70223,0,0,0,0,0,0,0,0,0,0,0,0,0,0,0,0,0,0,0,0,0,0,0,0,0,0,0,0,0,0,0,0,0,0,0,0,0,0,0,0,0,0,0,0,0,0,0,0,0,0,0,0,0,0,0,0,0,0,0,0,0,0,3,0,3,0,0,0,0,11,13,10,20,8,13,7,3,3,0,75
SSC70224,0,3,3,0,6,4,0,0,0,20,0,0,0,0,3,3,3,0,0,8,0,0,0,4,0,3,0,0,0,3,0,0,0,0,0,3,0,0,0,3,0,0,0,0,3,5,0,0,0,8,0,0,3,0,0,0,0,0,0,4,6,3,3,3,9,7,0,0,0,39,29,24,36,35,48,51,30,17,0,257
SSC70225,0,0,0,0,0,0,0,0,0,0,0,0,0,0,0,0,0,0,0,0,0,0,0,0,0,0,0,0,0,0,0,0,0,0,0,0,0,0,0,0,0,0,0,0,0,4,0,0,0,4,0,0,0,0,0,0,0,0,0,0,0,0,0,0,0,0,0,0,0,3,0,0,4,3,3,11,3,0,0,20
SSC70226,0,0,3,3,3,0,0,0,0,12,0,0,3,5,0,0,0,0,0,9,0,0,3,0,0,0,0,0,0,4,0,0,0,0,0,0,0,0,0,4,0,0,0,3,0,0,0,0,0,3,0,0,0,0,0,0,0,0,0,0,3,3,9,33,3,7,0,0,0,61,19,20,53,92,34,35,6,10,0,274
SSC70227,0,0,4,0,3,0,0,0,0,5,0,0,0,0,0,0,0,0,0,0,0,0,0,0,0,0,0,0,0,0,0,0,0,0,0,0,0,0,0,0,0,0,0,0,0,0,0,0,0,0,0,0,0,0,0,0,0,0,0,0,0,0,0,0,0,0,0,0,0,0,0,4,8,0,3,0,0,0,0,20
SSC70228,0,0,3,3,5,0,0,0,0,10,0,0,0,0,0,3,3,0,0,8,0,0,0,3,0,0,0,0,0,5,0,0,0,0,0,0,0,0,0,0,0,0,0,0,0,0,0,0,0,0,0,0,0,0,0,0,0,0,0,0,0,0,3,0,3,7,0,0,0,14,3,9,17,12,22,14,8,0,0,83
SSC70229,0,0,5,0,8,0,0,0,0,11,0,0,4,0,0,3,0,0,0,10,0,0,3,6,0,0,0,0,0,11,0,0,3,3,0,3,0,0,0,12,0,0,5,0,3,0,0,0,0,6,0,0,0,0,0,0,0,0,0,0,24,14,10,10,13,14,5,0,0,85,61,90,156,120,109,57,23,4,3,622
SSC70230,0,0,6,0,0,0,0,0,0,5,0,0,0,0,0,0,0,0,0,0,0,0,0,0,0,0,0,0,0,0,0,0,0,0,0,0,0,0,0,0,0,0,0,0,0,0,0,0,0,0,0,0,0,0,0,0,0,0,0,0,0,0,0,0,0,0,0,0,0,0,8,3,9,5,0,3,6,0,0,42
SSC70231,0,17,83,65,51,28,11,6,0,266,0,3,70,34,35,44,14,3,0,197,0,4,48,49,38,33,7,4,0,181,0,0,41,47,58,33,7,0,0,190,0,0,49,52,64,59,11,5,0,245,0,0,28,30,46,20,3,3,0,134,27,36,88,86,67,49,28,12,5,395,165,175,660,574,471,397,184,69,18,2712
SSC70232,0,0,0,0,0,0,0,0,0,0,0,0,0,0,0,0,0,0,0,3,0,0,0,0,0,0,0,0,0,0,0,0,0,0,0,0,0,0,0,0,0,0,0,0,0,0,0,0,0,0,0,0,0,0,0,0,0,0,0,0,0,0,0,0,0,0,0,0,0,3,0,0,0,3,7,3,3,0,0,13
SSC70233,0,0,0,0,0,0,0,0,0,3,0,0,0,0,0,0,0,0,0,0,0,0,0,0,0,0,0,0,0,0,0,0,0,0,0,0,0,0,0,0,0,0,0,0,3,0,0,0,0,3,0,0,0,0,0,0,0,0,0,0,0,0,4,0,0,0,0,0,0,6,29,28,33,25,19,9,0,0,0,145
SSC70234,7,55,98,74,40,27,3,0,0,298,0,34,109,69,52,18,3,0,0,286,0,20,89,99,35,16,4,0,0,255,0,6,61,60,57,18,0,0,0,199,0,7,104,125,81,24,5,0,0,344,0,3,81,69,40,19,0,0,0,207,24,30,86,59,36,20,11,7,3,273,249,308,914,765,466,218,87,27,12,3047
SSC70235,0,4,5,8,9,22,6,0,0,68,0,0,13,10,20,11,0,0,0,54,0,0,7,8,10,17,0,0,0,34,0,3,6,4,5,10,4,0,0,30,0,0,0,7,18,9,3,0,0,36,0,0,0,0,5,10,3,0,0,16,3,8,17,20,17,15,17,3,0,104,26,34,92,90,118,132,80,13,0,583
SSC70236,0,0,0,0,0,0,0,0,0,5,0,0,0,0,0,0,0,0,0,0,0,0,0,0,0,0,0,0,0,4,0,0,0,0,0,3,0,0,0,3,0,0,0,0,0,0,0,0,0,0,0,0,0,0,0,0,0,0,0,0,0,0,9,5,5,14,3,0,0,34,0,3,14,5,12,27,6,0,0,72
SSC70237,0,11,63,40,37,28,9,0,0,189,0,5,34,31,34,19,11,0,0,139,0,6,24,29,26,22,0,0,0,113,0,0,21,20,19,9,0,0,0,71,0,0,19,30,25,27,4,0,0,96,0,0,0,3,10,4,0,0,0,17,30,34,69,38,54,42,18,4,0,296,131,141,424,315,295,238,97,24,9,1676
SSC70238,0,0,3,3,0,0,0,0,0,6,0,0,0,0,0,0,0,0,0,3,0,0,0,3,0,4,0,0,0,7,0,0,0,0,0,0,3,0,0,3,0,0,0,3,3,0,0,0,0,11,0,0,0,0,0,0,0,0,0,0,21,10,35,0,6,3,0,0,0,82,56,50,112,69,65,51,20,16,3,434
SSC70239,0,0,0,6,0,0,3,0,0,9,0,0,3,0,0,5,0,0,0,12,0,0,0,0,3,3,0,0,0,3,0,0,3,0,0,0,0,0,0,3,0,0,0,0,3,0,0,0,0,3,0,0,0,0,0,0,0,0,0,0,8,0,6,7,6,5,0,6,0,38,54,38,90,82,48,53,17,12,3,397
SSC70240,0,3,0,0,0,0,0,0,0,8,0,3,0,0,0,0,0,0,0,4,0,0,0,0,0,0,0,0,0,0,0,0,0,0,0,0,0,0,0,0,0,0,0,0,0,0,0,0,0,0,0,0,0,0,0,0,0,0,0,0,0,0,0,0,0,0,0,0,0,0,4,9,0,0,0,0,3,0,0,16
SSC70241,0,0,0,0,0,0,0,0,0,0,0,0,0,0,0,0,0,0,0,0,0,0,0,0,0,0,0,0,0,0,0,0,0,0,0,0,0,0,0,0,0,0,0,0,0,0,0,0,0,0,0,0,0,0,0,0,0,0,0,0,0,0,0,0,0,0,0,0,0,0,0,0,0,0,0,0,0,0,0,0
SSC70242,0,3,8,5,0,5,0,0,0,15,0,0,3,3,3,0,0,0,0,16,0,0,0,3,0,0,0,0,0,5,0,0,0,0,5,0,0,0,0,4,0,0,0,4,7,0,0,0,0,8,0,0,3,0,0,3,0,0,0,3,0,0,14,4,3,3,4,4,0,40,6,3,47,29,40,17,17,9,0,167
SSC70243,0,0,0,0,0,0,0,0,0,0,0,0,0,0,0,0,0,0,0,0,0,0,0,0,0,0,0,0,0,0,0,0,0,0,0,0,0,0,0,3,0,0,0,0,0,0,0,0,0,0,0,0,0,0,0,0,0,0,0,0,0,0,0,3,7,5,5,0,0,23,4,3,3,3,16,20,8,0,0,51
SSC70244,0,3,3,13,12,0,3,0,0,33,0,3,3,3,5,0,0,0,0,20,0,0,4,5,3,5,0,0,0,16,0,0,6,0,3,3,0,0,0,13,0,0,5,10,7,7,0,0,0,27,0,0,0,4,0,3,0,0,0,11,4,4,8,9,6,0,4,0,0,43,46,30,68,85,59,41,13,4,0,344
SSC70245,3,50,174,81,58,38,10,4,0,413,0,45,131,58,48,28,7,3,0,315,0,17,123,65,50,53,8,4,0,319,0,7,69,43,57,39,4,0,0,225,0,3,109,98,69,54,9,0,0,354,0,0,37,53,43,38,9,4,0,179,20,52,172,87,73,77,25,3,6,520,139,349,1182,670,527,455,186,62,21,3586
SSC70246,0,0,0,0,0,0,0,0,0,0,0,0,0,0,0,0,0,0,0,0,0,0,0,0,0,0,0,0,0,0,0,0,0,0,0,0,0,0,0,0,0,0,0,0,0,0,0,0,0,0,0,0,0,0,0,0,0,0,0,0,0,0,5,0,3,0,0,0,0,12,4,7,10,3,10,6,4,0,0,40
SSC70247,0,0,5,3,0,0,5,0,0,12,0,3,5,0,3,0,0,0,0,11,0,0,0,0,0,0,0,0,0,3,0,0,0,4,0,0,0,0,0,3,0,0,0,0,0,0,0,0,0,4,0,0,0,0,0,0,0,0,0,0,0,0,5,0,0,0,0,0,0,13,17,30,39,20,17,16,22,0,0,157
SSC70248,0,0,0,0,0,0,0,0,0,0,0,0,5,0,0,0,0,0,0,6,0,0,0,3,0,0,0,0,0,10,0,0,0,0,0,0,0,0,0,5,0,0,7,7,0,3,0,0,0,17,0,0,0,0,0,0,0,0,0,9,0,0,3,3,0,0,0,0,0,10,0,5,24,17,12,8,5,0,0,64
SSC70249,0,0,0,4,0,0,0,0,0,4,0,0,0,0,0,0,0,0,0,0,0,0,0,0,0,0,0,0,0,0,0,0,0,0,0,0,0,0,0,0,0,0,0,0,0,0,0,0,0,0,0,0,0,0,0,0,0,0,0,0,0,6,0,0,3,0,0,0,0,7,0,9,5,3,9,0,0,0,0,31
SSC70250,0,0,0,0,0,0,0,0,0,0,0,0,0,0,0,0,0,0,0,0,0,0,0,0,0,0,0,0,0,0,0,0,0,0,0,0,0,0,0,0,0,0,0,0,0,0,0,0,0,0,0,0,0,0,0,0,0,0,0,0,0,0,11,3,0,0,0,0,0,22,3,4,24,12,6,4,0,0,0,56
SSC70251,3,28,53,35,33,28,7,3,0,190,0,3,41,30,32,20,8,0,0,136,0,7,33,23,26,23,8,0,0,117,0,6,21,25,22,26,3,0,0,101,0,0,17,29,35,25,5,0,0,103,0,0,3,7,6,14,0,0,0,35,30,47,91,76,78,62,20,10,0,412,180,233,504,394,443,359,166,56,7,2351
SSC70252,0,0,0,0,0,0,0,0,0,0,0,0,0,0,0,0,0,0,0,0,0,0,0,0,0,0,0,0,0,0,0,0,0,0,0,0,0,0,0,0,0,0,0,0,0,0,0,0,0,0,0,0,0,0,0,0,0,0,0,0,0,0,0,0,0,0,0,0,0,0,21,26,40,18,15,13,4,0,0,128
SSC70253,0,17,53,25,42,26,3,0,0,177,0,6,64,24,24,16,0,0,0,144,0,7,63,32,22,9,0,0,0,130,0,0,29,23,15,17,5,0,0,91,0,0,20,14,18,7,3,0,0,68,0,0,3,3,3,0,5,0,0,11,6,25,93,46,43,39,14,3,3,263,46,118,486,264,246,170,69,21,8,1429
SSC70254,3,11,28,17,12,7,8,0,0,80,0,4,22,14,5,10,0,0,0,49,0,5,10,11,10,10,3,0,0,51,0,0,12,16,10,3,3,0,0,49,0,0,16,15,18,18,3,0,0,71,0,0,11,11,10,5,0,0,0,35,11,5,12,9,4,8,3,0,0,57,42,55,170,125,98,90,46,11,4,638
SSC70255,0,3,9,10,7,3,3,0,0,36,0,0,11,5,6,3,0,0,0,22,0,0,5,5,13,5,0,0,0,28,0,0,4,3,9,3,0,0,0,26,0,0,10,18,12,4,0,0,0,43,0,0,0,10,7,4,0,0,0,19,3,5,14,19,11,12,5,3,3,68,33,23,81,108,100,75,50,18,3,500
SSC70256,0,0,0,3,0,3,0,0,0,4,0,0,3,0,0,3,0,0,0,4,0,0,0,0,0,3,0,0,0,4,0,0,0,0,3,0,0,0,0,3,0,0,3,0,3,0,0,0,0,9,0,0,0,0,0,0,0,0,0,0,0,0,0,0,4,0,0,0,0,9,3,0,9,10,16,16,0,3,0,62
SSC70257,0,0,3,3,3,5,0,0,0,15,0,0,0,3,3,0,3,0,0,13,0,0,0,0,0,0,0,0,0,5,0,0,0,0,3,3,0,0,0,6,0,0,0,0,3,3,0,0,0,5,0,0,0,0,0,0,0,0,0,0,14,10,6,6,7,7,3,3,0,48,25,19,30,21,42,38,17,12,0,197
SSC70258,0,11,40,7,5,0,0,0,0,65,0,21,52,7,10,0,0,0,0,93,0,11,53,21,18,3,0,0,0,105,0,3,20,9,12,3,0,0,0,47,0,0,17,21,12,0,0,0,0,50,0,0,4,3,0,0,0,0,0,11,4,15,42,10,10,0,0,0,0,82,33,83,293,113,90,14,0,0,0,630
SSC70259,0,0,0,0,0,0,0,0,0,0,0,3,0,0,0,0,0,0,0,5,0,0,0,0,3,0,0,0,0,3,0,0,0,0,0,0,0,0,0,0,0,0,0,0,0,0,0,0,0,0,0,0,0,0,0,0,0,0,0,0,0,0,0,0,0,0,0,0,0,0,3,3,0,3,8,0,0,0,0,22
SSC70260,0,0,0,0,0,0,0,0,0,3,0,0,0,0,3,0,0,0,0,5,0,0,0,0,0,0,0,0,0,3,0,0,0,0,0,0,0,0,0,0,0,0,0,0,0,5,0,0,0,5,0,0,0,0,0,0,0,0,0,0,3,6,26,3,3,3,0,0,0,46,20,16,55,31,30,15,16,0,0,183
SSC70261,0,0,0,0,0,0,0,0,0,0,0,0,0,0,0,0,0,0,0,0,0,0,0,0,0,0,0,0,0,0,0,0,0,0,0,0,0,0,0,0,0,0,0,0,0,0,0,0,0,0,0,0,0,0,0,0,0,0,0,0,0,0,0,0,0,0,0,0,0,0,0,0,0,0,0,0,0,0,0,0
SSC70262,0,17,55,43,34,26,21,4,6,202,0,3,47,34,21,22,12,3,3,137,0,3,49,40,39,21,7,3,0,161,0,0,29,40,18,23,4,3,0,120,0,4,21,51,33,39,3,0,0,152,0,0,6,17,24,6,3,3,0,63,19,13,48,44,33,43,41,38,37,310,120,117,405,409,305,265,216,131,84,2049
SSC70263,0,0,3,3,0,0,0,0,0,11,0,0,3,3,0,0,0,0,0,5,0,0,0,0,0,0,0,0,0,3,0,0,3,0,0,0,0,0,0,3,0,0,3,0,0,0,0,0,0,4,0,0,0,0,0,0,0,0,0,0,0,0,8,0,3,0,0,0,0,14,0,0,31,19,13,19,4,3,0,96
SSC70264,0,0,0,0,0,0,0,0,0,0,0,0,0,0,0,0,0,0,0,0,0,0,0,0,0,0,0,0,0,0,0,0,0,0,0,0,0,0,0,0,0,0,0,0,0,0,0,0,0,0,0,0,0,0,0,0,0,0,0,0,0,0,0,0,0,0,0,0,0,3,0,0,0,0,0,0,0,0,0,3
SSC70265,0,0,0,0,0,0,0,0,0,0,0,0,0,0,0,0,0,0,0,0,0,0,0,0,0,0,0,0,0,0,0,0,0,0,0,0,0,0,0,0,0,0,0,0,0,0,0,0,0,0,0,0,0,0,0,0,0,0,0,0,0,0,0,0,0,0,0,0,0,3,0,0,0,0,0,9,0,0,0,14
SSC70266,0,0,6,3,0,3,0,0,0,11,0,0,4,0,7,0,0,0,0,13,0,0,0,0,4,0,0,0,0,7,0,0,0,3,4,0,0,0,0,3,0,0,3,0,3,0,0,0,0,9,0,0,0,0,0,0,0,0,0,3,3,0,7,0,3,4,0,0,0,29,15,7,22,14,38,22,13,3,3,135
SSC70267,0,0,3,0,0,0,0,0,0,4,0,3,3,0,0,0,0,0,0,7,0,0,0,0,0,0,0,0,0,3,0,0,3,0,0,3,0,0,0,3,0,0,0,0,0,3,0,0,0,6,0,0,0,0,0,0,0,0,0,0,48,35,60,48,31,17,3,0,0,235,60,47,98,69,51,34,8,0,0,369
SSC70268,0,0,0,0,0,0,0,0,0,0,0,0,0,0,0,0,0,0,0,0,0,0,0,0,0,0,0,0,0,0,0,0,0,0,0,0,0,0,0,0,0,0,0,0,0,0,0,0,0,0,0,0,0,0,0,0,0,0,0,0,0,0,0,0,0,0,0,0,0,0,0,0,0,0,0,0,0,0,0,0
SSC70269,0,0,0,3,7,6,0,0,0,17,0,0,3,6,0,3,0,0,0,8,0,0,0,3,4,6,0,0,0,7,0,0,0,4,0,3,0,0,0,8,0,0,0,5,0,3,3,0,0,13,0,0,0,0,0,0,3,0,0,5,0,0,0,0,0,3,0,3,0,13,3,7,17,31,21,32,9,12,0,123
SSC70270,0,0,0,0,0,0,0,0,0,0,0,0,0,0,0,0,0,0,0,0,0,0,0,0,0,0,0,0,0,0,0,0,0,0,0,0,0,0,0,0,0,0,0,0,0,0,0,0,0,0,0,0,0,0,0,0,0,0,0,0,0,0,0,0,0,0,0,0,0,0,0,0,0,0,0,0,0,0,0,0
SSC70271,0,0,3,3,0,0,0,0,0,7,0,0,0,0,0,0,0,0,0,3,0,0,5,5,0,0,0,0,0,7,0,0,0,0,0,0,0,0,0,0,0,0,0,0,0,0,0,0,0,3,0,0,0,0,0,0,0,0,0,0,0,7,26,6,26,11,10,3,0,90,3,14,35,23,32,18,13,3,0,137
SSC70272,0,0,0,0,0,0,0,0,0,0,0,0,0,0,0,0,0,0,0,0,0,0,0,0,0,0,0,0,0,0,0,0,0,0,0,0,0,0,0,0,0,0,0,0,0,0,0,0,0,0,0,0,0,0,0,0,0,0,0,0,0,0,0,0,0,0,0,0,0,0,0,0,0,0,0,0,0,0,0,0
SSC70273,0,3,7,0,0,0,0,0,0,8,0,4,3,0,0,0,0,0,0,9,0,0,0,0,0,0,0,0,0,5,0,0,0,0,0,0,0,0,0,0,0,0,0,0,3,0,0,0,0,3,0,0,0,0,0,0,0,0,0,0,9,12,20,3,3,3,0,0,0,49,13,33,38,16,9,11,3,3,0,119
SSC70274,0,12,26,22,50,29,14,0,0,153,0,9,20,33,46,38,0,0,0,143,0,7,14,30,42,20,8,0,0,129,0,0,7,25,27,24,4,0,0,85,0,5,22,33,50,23,9,0,0,136,0,3,8,19,23,11,0,0,0,71,17,10,26,23,48,42,19,4,0,186,116,99,212,242,367,294,114,33,6,1476
SSC70275,0,4,9,5,6,4,0,0,0,26,0,3,13,3,7,8,0,0,0,30,0,3,5,9,6,0,0,0,0,24,0,3,3,0,0,9,0,0,0,12,0,0,4,9,0,0,0,0,0,14,0,0,0,0,0,3,0,0,0,5,39,13,139,63,34,11,4,0,0,301,192,197,503,303,192,125,31,11,0,1554
SSC70276,0,0,5,3,16,8,0,0,0,34,0,0,4,8,9,13,3,0,0,39,0,0,4,8,7,6,3,0,0,29,0,0,0,3,6,6,0,0,0,19,0,0,3,5,6,10,0,0,0,28,0,0,0,0,8,6,0,0,0,17,3,0,3,3,8,9,9,0,0,35,17,16,40,60,88,97,69,7,3,394
SSC70277,0,12,53,52,32,21,16,0,0,193,0,5,32,33,22,17,5,0,0,122,0,7,25,22,17,8,7,0,0,93,0,0,16,18,19,14,0,0,0,58,0,0,7,21,25,21,8,0,0,90,0,0,5,8,10,7,3,0,0,36,17,26,51,48,41,38,15,7,0,245,129,151,366,356,289,230,139,64,8,1730
SSC70278,0,0,0,0,0,0,0,0,0,0,0,0,0,0,0,0,0,0,0,0,0,0,0,0,0,0,0,0,0,0,0,0,0,0,0,0,0,0,0,0,0,0,0,0,0,0,0,0,0,0,0,0,0,0,0,0,0,0,0,0,0,0,0,0,0,0,0,0,0,0,0,0,0,0,0,0,0,0,0,0
SSC70279,0,0,0,0,0,0,0,0,0,3,0,0,0,0,0,0,0,0,0,0,0,0,0,0,0,0,0,0,0,0,0,0,0,0,0,0,0,0,0,0,0,0,0,0,0,0,0,0,0,0,0,0,0,0,0,0,0,0,0,0,0,0,11,3,0,0,3,0,0,19,4,8,25,10,10,9,7,0,0,79
SSC70280,0,6,49,14,25,11,4,4,0,113,0,3,25,20,28,18,6,0,0,91,0,3,24,36,30,21,7,0,0,107,0,0,17,21,36,26,3,0,0,103,0,0,15,45,35,23,3,0,0,126,0,0,4,15,13,12,4,0,0,51,23,3,28,34,32,17,13,0,0,162,142,99,254,289,290,222,141,47,12,1489
SSC70281,0,0,0,0,0,0,0,0,0,0,0,0,0,0,4,3,0,0,0,5,0,0,0,0,0,0,0,0,0,3,0,0,0,0,0,0,0,0,0,0,0,0,3,0,0,0,0,0,0,6,0,0,0,0,0,0,0,0,0,0,9,10,15,12,9,4,0,0,0,54,32,31,63,47,45,38,5,3,0,270
SSC70282,0,0,0,0,3,0,0,0,0,8,0,0,0,0,0,0,0,0,0,0,0,0,0,0,0,0,0,0,0,0,0,0,0,0,0,0,0,0,0,0,0,0,0,0,0,0,0,0,0,0,0,0,0,0,3,0,0,0,0,7,3,3,3,13,0,3,3,0,0,25,12,21,16,30,16,12,6,3,0,120
SSC70283,0,0,3,0,0,0,0,0,0,3,0,0,0,0,5,0,0,0,0,8,0,0,0,0,0,0,3,0,0,3,0,0,0,0,0,3,0,0,0,3,0,0,0,0,0,0,0,0,0,3,0,0,0,0,0,0,0,0,0,3,0,0,0,0,0,0,0,3,0,3,5,0,11,3,10,9,9,3,0,54
SSC70284,0,0,3,0,0,0,0,0,0,3,0,0,0,0,0,0,0,0,0,4,0,0,0,0,0,0,0,0,0,0,0,0,0,0,0,0,0,0,0,0,0,0,0,0,0,0,0,0,0,3,0,0,0,0,0,0,0,0,0,0,15,20,33,18,9,5,3,4,0,110,58,64,130,81,57,27,20,6,6,440
SSC70285,0,3,0,3,13,3,7,0,0,28,0,0,4,3,3,3,0,0,0,12,0,0,3,3,5,5,0,0,0,18,0,0,3,3,7,9,0,0,0,20,0,0,0,0,3,5,0,0,0,17,0,0,0,0,0,0,3,0,0,8,4,0,0,9,11,14,5,0,0,40,7,4,21,24,59,56,30,8,3,209
SSC70286,0,0,3,0,0,0,0,0,0,3,0,0,3,0,0,0,0,0,0,6,0,0,0,0,3,0,0,0,0,3,0,0,3,3,4,0,0,0,0,13,0,3,10,22,14,3,0,0,0,58,0,0,15,8,4,3,0,0,0,29,0,0,38,42,44,31,0,0,0,158,0,3,76,80,70,41,0,0,0,268
SSC70287,0,0,0,0,6,0,0,0,0,9,0,0,0,0,4,0,0,0,0,4,0,0,0,0,0,0,0,0,0,3,0,0,0,0,3,0,0,0,0,3,0,0,0,0,0,0,0,0,0,0,0,0,0,0,4,0,0,0,0,4,4,3,0,3,0,0,0,0,0,8,26,30,42,35,35,24,6,3,0,210
SSC70288,0,0,0,0,0,0,0,0,0,0,0,0,0,0,0,0,0,0,0,0,0,0,0,0,0,0,0,0,0,0,0,0,0,0,0,0,0,0,0,0,0,0,0,0,0,0,0,0,0,0,0,0,0,0,0,0,0,0,0,0,0,0,0,0,0,0,0,0,0,0,10,4,12,21,10,11,3,3,0,74
SSC70289,0,0,0,0,0,0,0,0,0,0,0,0,0,0,0,0,0,0,0,0,0,0,0,0,0,0,0,0,0,0,0,0,0,0,0,0,0,0,0,0,0,0,0,0,0,0,0,0,0,0,0,0,0,0,0,0,0,0,0,0,3,0,3,0,3,0,0,0,0,10,18,10,21,14,13,3,0,0,0,76
SSC70290,0,0,3,3,6,6,4,0,0,20,0,0,5,3,7,4,0,0,0,16,0,0,0,3,0,0,0,0,0,6,0,0,0,4,0,3,0,0,0,11,0,0,5,4,8,3,0,0,0,23,0,0,0,3,0,4,0,0,0,8,0,0,7,5,6,9,4,0,0,28,0,6,27,32,39,58,25,0,0,199
SSC70291,0,0,0,0,0,0,0,0,0,0,0,0,0,0,0,0,0,0,0,0,0,0,0,0,0,0,0,0,0,0,0,0,0,0,0,0,0,0,0,0,0,0,0,0,0,0,0,0,0,0,0,0,0,0,0,0,0,0,0,0,0,0,0,0,0,0,0,0,0,0,0,0,0,0,0,0,0,0,0,0
SSC70292,0,34,74,55,65,44,4,0,0,275,0,17,53,39,49,17,3,0,0,184,0,4,37,54,30,17,0,0,0,152,0,3,26,41,54,9,0,0,0,124,0,9,46,61,48,19,3,0,0,186,0,0,15,26,14,9,0,0,0,67,34,30,65,67,53,43,17,11,0,323,239,225,527,518,479,292,131,45,6,2475
SSC70293,0,14,60,11,8,8,4,6,0,116,0,8,35,15,9,9,3,0,0,83,0,15,40,24,11,7,0,0,0,87,0,0,17,22,11,12,3,0,0,62,0,0,45,27,20,7,3,0,0,102,0,0,14,25,14,5,7,0,0,62,3,6,41,23,10,8,0,0,0,89,37,80,316,175,92,71,29,9,5,798
SSC70294,3,15,35,44,51,17,16,0,0,186,0,5,44,38,39,24,12,0,0,159,0,0,36,35,37,22,9,0,0,134,0,3,21,37,26,17,8,0,0,116,0,3,19,60,56,28,3,0,0,172,0,0,10,23,16,9,3,0,0,65,20,11,33,45,38,32,17,4,0,205,162,112,327,408,358,257,163,43,9,1843
SSC70295,0,0,3,3,3,9,0,0,0,23,0,3,4,4,7,0,4,0,0,24,0,0,6,0,0,5,0,0,0,19,0,0,0,0,0,7,0,0,0,13,0,3,6,3,3,7,0,0,0,26,0,0,0,3,0,4,0,0,0,5,23,6,19,10,11,6,9,0,0,90,125,138,275,218,221,129,50,14,4,1173
SSC70296,0,0,0,0,0,0,0,0,0,0,0,0,0,0,0,0,0,0,0,0,0,0,0,3,0,0,0,0,0,3,0,0,0,0,0,0,0,0,0,0,0,0,0,0,0,0,0,0,0,3,0,0,0,0,0,0,0,0,0,0,0,3,0,3,0,0,0,0,0,11,8,13,38,22,15,4,11,0,0,117
SSC70297,0,0,0,4,0,0,0,0,0,5,0,0,0,0,3,0,0,0,0,6,0,0,0,0,4,0,0,0,0,7,0,0,0,0,0,0,0,0,0,3,0,0,0,0,3,0,0,0,0,5,0,0,0,0,0,0,0,0,0,0,11,3,20,9,9,3,5,0,0,57,27,30,60,29,35,18,13,7,0,209
SSC70298,0,0,0,0,0,0,0,0,0,3,0,0,0,0,0,0,0,0,0,0,0,0,0,0,0,0,0,0,0,0,0,0,0,0,0,0,0,0,0,0,0,0,0,0,0,0,0,0,0,0,0,0,0,0,0,0,0,0,0,0,0,0,0,0,3,0,0,0,0,10,0,3,4,4,4,5,9,6,0,32
SSC70299,0,0,11,4,0,3,0,0,0,18,0,0,7,0,0,0,0,0,0,10,0,0,4,3,3,0,0,0,0,13,0,0,3,3,0,3,0,0,0,9,0,0,0,8,3,0,0,0,0,9,0,0,0,0,0,0,0,0,0,0,3,4,5,4,7,4,3,0,0,36,77,70,161,113,78,50,28,4,0,581
SSC70300,0,0,0,0,0,0,0,0,0,0,0,0,0,0,0,0,0,0,0,0,0,0,0,0,0,0,0,0,0,3,0,0,0,0,0,0,0,0,0,0,0,0,0,0,0,0,4,0,0,7,0,0,0,0,0,0,0,0,0,0,7,4,0,9,3,0,0,0,0,20,11,27,41,25,19,11,14,6,3,159
SSC70301,0,7,0,0,5,6,0,0,0,17,0,0,9,0,5,8,3,0,0,19,0,0,4,0,0,0,0,0,0,13,0,0,0,0,0,3,0,0,0,8,0,0,3,3,0,3,0,0,0,13,0,0,0,0,0,0,0,0,0,3,4,3,21,30,21,3,0,0,0,87,45,64,123,139,97,59,14,4,3,542
SSC70302,3,16,54,27,17,14,0,0,0,138,0,9,28,15,13,7,5,0,0,82,0,4,16,5,9,4,0,0,0,41,0,0,7,6,4,6,0,0,0,18,0,0,0,3,13,13,0,0,0,28,0,0,3,0,6,3,3,0,0,20,4,34,68,40,33,21,3,0,0,202,36,179,368,163,137,116,21,3,3,1015
SSC70303,8,26,56,28,13,0,0,0,0,125,0,13,52,28,5,4,0,0,0,104,0,10,43,26,12,3,0,0,0,88,0,4,27,8,4,3,0,0,0,57,0,0,30,30,6,4,0,0,0,73,0,0,20,11,3,0,0,0,0,45,4,23,29,9,5,6,0,0,0,69,51,131,354,174,81,38,3,0,0,834
SSC79494,0,3,24,17,12,26,6,0,0,88,0,3,21,18,16,7,9,0,0,69,0,0,17,11,5,13,4,0,0,49,0,0,5,15,12,0,0,0,0,33,0,3,22,10,18,10,0,0,0,58,0,0,6,8,16,8,3,0,0,39,4,47,143,96,111,81,51,12,0,551,32,183,457,396,461,438,278,38,0,2281
SSC79797,0,0,0,0,0,0,0,0,0,0,0,0,3,0,4,0,0,0,0,8,0,0,0,0,0,0,0,0,0,0,0,0,0,0,0,0,0,0,0,0,0,0,7,0,0,0,0,0,0,6,0,0,0,0,0,0,0,0,0,0,0,0,5,6,0,5,0,0,0,25,0,3,30,19,9,3,0,3,0,72
