SSC_CODE_2016,P_Y8b_15_19_yrs,P_Y8b_20_24_yrs,P_Y8b_25_34_yrs,P_Y8b_35_44_yrs,P_Y8b_45_54_yrs,P_Y8b_55_64_yrs,P_Y8b_65_74_yrs,P_Y8b_75_84_yrs,P_Y8b_85ov,P_Y8b_Tot,P_DNGTS_15_19,P_DNGTS_20_24,P_DNGTS_25_34,P_DNGTS_35_44,P_DNGTS_45_54,P_DNGTS_55_64,P_DNGTS_65_74,P_DNGTS_75_84,P_DNGTS_85_ov,P_DNGTS_Tot,P_Hghst_yr_schl_ns_15_19_yrs,P_Hghst_yr_schl_ns_20_24_yrs,P_Hghst_yr_schl_ns_25_34_yrs,P_Hghst_yr_schl_ns_35_44_yrs,P_Hghst_yr_schl_ns_45_54_yrs,P_Hghst_yr_schl_ns_55_64_yrs,P_Hghst_yr_schl_ns_65_74_yrs,P_Hghst_yr_schl_ns_75_84_yrs,P_Hghst_yr_schl_ns_85_yrs_ovr,P_Hghst_yr_schl_ns_Tot,P_Tot_15_19_yrs,P_Tot_20_24_yrs,P_Tot_25_34_yrs,P_Tot_35_44_yrs,P_Tot_45_54_yrs,P_Tot_55_64_yrs,P_Tot_65_74_yrs,P_Tot_75_84_yrs,P_Tot_85ov,P_Tot_Tot
SSC70001,0,0,0,3,4,6,3,0,0,18,0,0,0,0,0,0,0,0,0,3,4,5,11,16,21,17,11,0,0,77,21,27,92,118,127,97,43,6,0,526
SSC70002,0,0,0,0,0,3,7,4,0,21,0,0,0,0,0,0,0,0,0,0,0,0,3,6,14,11,14,5,3,55,3,20,32,23,65,54,55,13,5,279
SSC70003,0,0,10,7,13,13,28,7,3,77,0,0,0,0,3,8,3,0,0,17,11,9,37,46,31,21,26,9,4,188,56,133,348,348,296,207,181,57,13,1640
SSC70004,17,12,30,24,18,9,10,3,0,114,0,0,0,0,0,0,4,0,3,3,10,12,19,8,15,3,5,0,0,67,36,50,88,52,55,28,15,0,5,333
SSC70005,0,0,0,4,4,6,3,0,0,20,0,0,3,0,0,0,0,0,0,3,4,3,21,21,26,20,8,0,0,104,4,14,66,58,66,44,23,3,0,274
SSC70006,8,21,24,16,18,20,0,0,0,115,0,3,4,0,6,3,4,0,0,23,0,4,12,3,7,0,0,0,0,33,28,44,91,41,47,33,5,0,0,289
SSC70007,0,0,0,0,0,0,0,0,0,3,0,0,0,0,0,0,0,0,0,0,9,11,22,20,18,3,3,0,0,90,18,36,168,188,125,74,18,3,0,623
SSC70008,0,5,10,3,11,5,3,0,0,43,0,0,0,0,0,0,0,0,3,5,0,14,0,5,3,3,0,0,0,20,9,29,36,27,51,15,6,0,3,176
SSC70009,8,11,11,8,11,0,3,0,0,53,0,0,0,4,7,3,4,4,0,30,0,0,3,7,5,3,0,0,0,20,33,54,58,45,48,18,9,5,0,267
SSC70010,10,0,0,7,3,4,0,0,0,26,0,0,4,0,3,0,0,0,0,12,0,3,4,0,0,3,0,0,0,11,13,11,27,10,11,10,0,0,0,88
SSC70011,15,6,11,5,6,3,4,0,0,58,4,4,3,10,0,0,0,0,0,24,22,19,31,13,18,25,0,7,0,136,85,81,141,118,98,54,15,4,0,600
SSC70012,0,3,0,3,0,0,3,0,0,9,0,0,0,0,0,0,0,0,0,0,0,0,9,0,0,0,0,0,0,15,6,6,38,10,9,4,3,0,0,82
SSC70013,12,11,30,41,34,26,11,3,0,162,0,0,3,4,8,7,12,10,3,45,3,0,11,4,8,3,3,0,0,33,27,24,69,76,64,40,30,12,3,350
SSC70014,0,0,5,4,12,11,12,10,0,53,0,0,0,4,0,3,4,4,0,16,5,18,35,32,29,29,19,5,0,175,58,144,336,350,325,290,157,45,4,1713
SSC70015,0,3,4,4,14,17,5,4,5,51,0,0,0,3,4,0,3,3,0,16,12,19,41,38,50,48,14,9,3,236,69,141,407,404,409,331,118,49,11,1936
SSC70016,0,0,0,0,0,0,0,0,0,0,0,0,0,0,0,0,0,0,0,0,0,0,0,0,0,0,0,0,0,0,0,0,0,0,0,0,0,0,0,0
SSC70017,3,0,8,6,4,7,5,0,0,35,0,0,0,0,0,0,0,0,0,0,0,21,8,9,3,6,3,0,0,52,10,34,29,29,14,25,15,0,0,157
SSC70018,0,0,0,0,0,0,0,0,0,0,0,0,0,0,0,0,0,0,0,0,0,0,3,3,3,0,0,0,0,14,0,0,3,9,4,0,0,0,0,19
SSC70019,3,0,8,10,15,14,6,0,0,60,0,0,0,0,0,0,3,0,0,3,8,4,5,9,0,3,0,0,0,22,16,12,47,43,37,39,18,0,0,206
SSC70020,3,0,11,5,5,0,0,0,0,25,0,0,0,0,3,3,0,0,0,6,0,0,0,3,3,3,0,0,0,11,11,17,39,29,21,17,11,6,0,148
SSC70021,0,0,3,0,7,3,0,0,0,17,0,0,0,0,0,0,3,0,0,8,4,17,30,10,11,5,0,0,0,83,9,33,52,27,30,17,8,5,0,182
SSC70022,0,3,3,3,6,11,18,7,0,53,0,0,4,0,0,4,0,0,0,8,6,13,47,34,32,26,10,0,0,172,85,239,620,542,411,250,85,39,4,2274
SSC70023,5,0,0,3,0,4,7,0,0,28,0,0,0,0,0,0,0,3,0,3,0,3,12,3,3,3,0,0,0,21,14,32,90,32,37,15,11,3,0,240
SSC70024,0,0,3,3,3,8,9,5,0,27,0,0,0,0,0,0,0,0,0,0,0,5,13,19,18,14,18,0,0,95,15,28,52,50,93,70,55,11,8,384
SSC70025,0,0,0,0,7,3,3,3,3,20,0,0,0,0,0,3,0,0,0,9,11,20,36,24,19,10,7,0,0,131,56,148,346,246,260,173,72,12,4,1320
SSC70026,0,0,0,4,3,5,3,8,0,17,0,0,0,0,0,0,0,0,0,0,0,3,5,7,11,16,14,3,0,60,23,56,73,116,150,122,72,22,4,648
SSC70027,0,0,0,3,3,5,11,10,5,34,0,0,0,0,3,3,0,0,0,10,6,19,37,31,22,7,3,7,0,122,73,214,562,391,200,108,53,29,3,1632
SSC70028,7,0,11,4,7,8,0,0,0,38,0,0,0,0,0,0,0,0,0,0,0,0,3,0,0,0,0,0,0,4,14,20,24,23,23,15,7,0,0,127
SSC70029,0,0,3,3,5,6,5,0,0,26,0,0,0,0,0,0,0,0,0,0,7,10,15,12,20,17,18,0,0,104,30,52,89,81,108,98,61,9,3,531
SSC70030,0,0,0,0,0,7,3,0,0,14,0,0,0,0,0,3,0,0,0,3,10,5,17,21,13,12,7,0,0,85,28,44,110,134,115,110,53,10,3,608
SSC70031,17,21,13,15,9,8,8,0,0,86,0,0,0,0,0,3,0,0,0,8,3,4,7,4,5,0,0,0,0,20,35,60,96,64,56,27,11,0,0,349
SSC70032,0,0,0,0,0,0,0,0,0,0,0,0,0,0,0,0,0,0,0,0,0,0,0,0,0,0,0,0,0,4,0,0,0,0,0,0,0,0,0,3
SSC70033,3,3,6,6,9,3,0,0,0,29,3,3,12,5,10,4,3,3,0,41,0,0,3,0,0,0,0,0,0,4,15,14,35,25,21,10,7,3,3,127
SSC70034,0,0,0,0,0,0,0,0,0,0,0,0,0,0,0,0,0,0,0,0,0,0,3,0,4,8,0,0,0,16,4,9,19,14,10,18,4,3,0,77
SSC70035,0,0,0,0,0,0,0,0,0,0,0,0,0,0,0,0,0,0,0,0,0,0,0,0,0,0,0,0,0,0,0,0,0,0,0,0,0,0,0,0
SSC70036,0,0,0,0,0,0,0,0,0,0,0,0,0,0,0,0,0,0,0,0,0,0,0,0,0,0,0,0,0,3,3,0,3,7,5,3,3,0,0,28
SSC70037,12,6,4,19,6,17,8,4,0,73,0,0,0,0,0,6,3,3,0,18,14,7,3,4,8,9,8,3,0,50,60,70,132,113,99,71,40,16,0,600
SSC70038,0,0,0,0,0,0,0,0,0,0,0,0,0,0,0,0,0,3,0,6,9,11,8,0,5,0,0,0,0,35,11,14,14,6,15,3,0,3,0,66
SSC70039,0,0,12,14,16,17,28,7,5,98,0,0,4,0,3,7,3,0,5,20,20,29,71,57,56,48,39,16,3,338,93,193,511,415,469,421,193,60,20,2377
SSC70040,0,0,0,0,4,5,12,4,0,23,0,3,0,0,0,0,0,4,0,6,10,40,55,18,3,14,13,3,0,158,47,152,314,152,115,155,84,32,3,1054
SSC70041,0,0,0,0,0,0,0,0,0,5,0,0,0,0,0,0,0,0,0,0,0,0,3,0,0,0,0,0,0,3,5,14,15,0,3,6,3,0,0,46
SSC70042,0,0,0,0,0,0,0,0,0,0,0,0,0,0,0,0,0,0,0,0,0,0,0,0,0,0,0,0,0,0,0,0,0,0,0,0,0,0,0,0
SSC70043,5,4,10,5,13,3,0,0,0,41,0,0,0,0,0,0,0,0,0,3,0,0,11,0,8,0,0,0,0,19,14,14,68,29,38,16,3,3,0,187
SSC70044,0,0,0,0,0,0,0,0,0,0,0,0,0,0,0,0,0,0,0,0,0,0,0,5,0,0,3,0,0,12,0,0,0,6,3,3,5,0,0,30
SSC70045,0,6,6,6,7,6,5,0,0,39,0,0,0,0,0,0,0,0,0,4,17,69,0,0,3,0,0,0,0,89,24,78,25,22,25,15,8,4,0,208
SSC70046,0,0,0,0,0,0,6,0,0,8,0,0,0,3,0,0,0,0,0,3,0,0,0,0,0,4,3,0,0,10,0,3,4,13,17,25,24,0,0,80
SSC70047,0,0,0,0,0,0,0,0,0,0,0,0,0,0,0,0,0,0,0,0,0,0,0,0,0,0,0,0,0,0,0,0,0,0,0,0,0,0,0,0
SSC70048,0,5,3,0,0,0,0,0,0,12,0,0,0,0,0,0,0,0,0,0,0,0,0,0,0,0,0,0,0,0,0,12,10,7,3,3,3,0,0,40
SSC70049,0,0,0,0,0,0,0,0,0,0,0,0,0,0,0,0,0,0,0,0,0,0,0,0,0,0,0,0,0,0,0,0,0,0,0,0,0,0,0,0
SSC70050,0,3,9,6,14,0,0,0,0,32,0,0,0,0,0,3,0,0,0,3,0,3,3,0,14,6,0,0,0,23,15,16,32,18,28,7,0,0,0,123
SSC70051,0,0,0,0,0,0,0,0,0,0,0,0,0,0,0,0,0,0,0,3,7,31,24,7,3,0,3,0,0,77,18,104,119,44,15,4,3,0,0,310
SSC70052,0,0,0,0,0,0,0,0,0,0,0,0,0,0,0,0,0,0,0,0,0,0,0,0,0,0,0,0,0,0,0,0,3,0,0,0,0,0,0,4
SSC70053,0,0,0,0,0,0,0,0,0,0,0,0,0,0,0,0,0,0,0,0,0,0,0,0,0,0,0,0,0,0,0,0,0,0,0,0,0,0,0,0
SSC70054,0,0,0,0,0,3,0,0,0,0,0,0,0,0,0,0,0,0,0,0,3,0,0,0,0,4,3,0,0,13,3,0,0,0,3,7,3,0,0,19
SSC70055,0,0,0,0,0,0,0,0,0,0,0,0,0,0,0,0,0,0,0,0,0,0,0,0,0,0,0,0,0,0,0,0,0,0,0,0,0,0,0,0
SSC70056,0,0,3,9,10,3,0,0,0,27,0,0,0,0,0,0,0,0,0,5,0,0,13,3,9,12,0,0,0,34,5,16,69,24,41,45,9,0,0,212
SSC70057,0,0,0,0,0,0,0,0,0,0,0,0,0,0,0,0,0,0,0,0,0,0,0,0,0,0,0,0,0,0,3,0,3,0,0,0,3,0,0,10
SSC70058,0,0,0,0,0,0,0,0,0,3,0,0,0,0,0,0,0,0,0,0,0,0,0,0,0,0,0,0,0,7,0,0,0,6,9,0,0,0,0,20
SSC70059,0,3,9,9,8,23,29,26,12,113,0,0,0,4,0,0,4,3,3,22,13,28,127,47,49,56,37,19,3,375,67,187,766,444,367,334,206,105,28,2497
SSC70060,0,0,0,0,0,0,0,0,0,0,0,0,0,0,0,0,0,0,0,0,0,0,0,0,0,3,0,0,0,3,0,0,0,0,0,5,0,0,0,4
SSC70061,0,0,0,0,3,3,4,0,0,15,0,0,0,0,0,0,0,0,0,0,0,5,0,5,13,9,10,3,0,49,5,21,41,53,71,59,42,16,3,313
SSC70062,0,0,0,0,0,0,5,0,0,8,0,0,0,0,0,0,0,0,0,0,9,16,19,14,7,12,8,0,0,84,25,88,125,57,51,53,36,9,0,448
SSC70063,0,0,0,0,0,0,0,0,0,0,0,0,0,0,0,0,0,0,0,0,0,0,0,0,0,0,0,0,0,4,3,0,3,3,3,4,0,0,0,22
SSC70064,0,0,0,0,0,0,0,0,0,0,0,0,0,0,0,0,0,0,0,0,0,0,5,0,0,0,0,0,0,5,0,4,30,9,10,0,0,0,0,55
SSC70065,0,9,4,0,4,8,12,6,0,54,0,0,0,0,0,0,4,0,0,6,8,3,15,24,36,38,19,4,0,151,35,47,125,156,195,179,101,35,7,881
SSC70066,0,0,0,0,0,0,0,0,0,0,0,0,0,0,0,0,0,0,0,0,4,0,0,0,0,0,0,0,0,3,6,3,0,3,0,3,0,0,0,12
SSC70067,0,0,0,3,0,0,0,0,0,4,0,0,0,0,0,0,0,0,0,0,0,0,0,0,0,0,0,0,0,0,0,0,0,3,3,3,3,0,0,15
SSC70068,0,0,0,0,0,0,0,0,0,0,0,0,0,0,0,0,0,0,0,0,0,0,0,0,0,0,0,0,0,3,5,12,12,4,6,6,0,0,0,37
SSC70069,0,3,13,3,8,0,0,0,0,23,0,3,3,7,0,0,0,0,0,14,0,0,7,3,3,0,0,0,0,14,16,13,39,24,31,6,3,0,0,136
SSC70070,0,0,0,0,0,0,0,0,0,0,0,0,0,0,0,0,0,0,0,0,0,0,0,0,0,0,0,0,0,0,0,0,0,0,0,0,0,0,0,0
SSC70071,0,0,3,0,0,0,3,0,0,16,0,0,0,0,0,0,0,0,0,7,0,0,4,5,3,3,0,0,0,11,0,3,20,15,22,15,16,7,0,95
SSC70072,0,0,0,0,0,0,0,0,0,0,0,0,0,0,0,0,0,0,0,0,0,0,0,0,0,0,0,0,0,0,0,0,3,0,0,5,0,0,0,9
SSC70073,0,0,9,14,10,13,10,7,3,67,0,3,5,0,3,3,3,4,0,26,12,138,418,159,152,116,44,9,0,1049,79,656,2335,1007,824,647,260,57,19,5881
SSC70074,0,0,0,3,4,9,0,0,0,20,0,0,0,0,3,0,0,0,0,7,8,4,9,18,25,12,5,4,0,87,21,26,83,108,126,87,55,8,0,520
SSC70075,0,0,0,0,0,0,0,0,0,0,0,0,0,0,0,0,0,0,0,0,0,0,0,0,0,0,0,0,0,0,0,0,0,0,0,0,0,0,0,5
SSC70076,4,3,15,7,4,5,3,0,0,40,0,0,0,0,0,0,0,0,0,3,3,0,3,0,3,0,0,0,0,19,9,20,37,30,21,13,12,3,0,145
SSC70077,0,0,0,0,0,0,0,0,0,0,0,0,0,0,0,0,0,0,0,0,0,4,0,0,0,0,0,0,0,8,0,10,11,8,3,0,3,0,0,36
SSC70078,0,0,0,0,3,4,8,4,0,19,0,0,0,0,0,0,0,0,0,0,12,9,29,22,30,17,9,8,6,147,36,65,216,207,282,207,86,36,10,1158
SSC70079,0,0,0,0,0,0,0,0,0,3,0,0,0,0,0,0,4,0,0,4,3,3,17,12,13,13,0,0,0,65,4,17,66,32,32,33,11,0,0,204
SSC70080,0,0,3,6,11,13,10,4,0,44,0,3,0,0,4,3,0,0,0,8,25,33,72,60,44,38,7,5,0,285,122,229,507,438,404,274,92,36,0,2108
SSC70081,0,0,0,0,0,8,3,0,0,11,0,0,0,0,0,0,0,0,0,0,0,0,0,0,0,4,8,0,0,17,0,7,14,23,31,50,52,7,0,186
SSC70082,0,0,0,0,0,3,3,0,0,5,0,0,0,0,0,0,0,0,0,0,0,0,0,0,4,0,3,0,0,14,0,3,3,5,17,26,20,3,0,84
SSC70083,0,0,0,0,0,3,6,0,0,7,0,0,0,0,0,0,0,0,0,0,0,0,0,0,0,3,0,0,0,10,0,0,3,11,16,20,14,0,0,64
SSC70084,0,0,0,0,4,10,5,3,0,25,0,3,0,0,0,0,0,0,3,13,6,20,82,32,25,20,12,7,0,207,80,256,820,561,429,270,103,27,4,2547
SSC70085,0,0,0,0,0,0,0,0,0,0,0,0,0,0,0,0,0,0,0,0,0,0,0,0,0,0,0,0,0,0,0,3,0,0,3,0,0,0,0,11
SSC70086,7,9,16,34,27,27,16,9,0,152,0,0,0,0,0,0,4,0,0,9,37,17,10,6,3,4,4,0,0,88,81,88,128,139,82,67,23,12,0,626
SSC70087,0,0,0,0,0,0,0,0,0,0,0,0,0,0,0,0,0,0,0,0,0,0,0,0,0,0,0,0,0,0,0,0,3,0,3,0,0,0,0,11
SSC70088,0,3,3,10,10,17,18,10,0,70,0,3,3,3,3,6,6,3,4,32,13,10,74,44,37,50,32,8,4,273,67,135,538,432,429,415,202,51,17,2290
SSC70089,0,0,0,0,0,0,0,0,0,0,0,0,0,0,0,0,0,0,0,0,0,3,3,0,7,0,0,0,0,20,13,33,82,37,24,9,3,0,0,197
SSC70090,0,0,0,0,0,0,0,0,0,0,0,0,0,0,0,0,0,0,0,0,3,12,9,13,23,10,6,0,0,76,7,19,22,31,44,23,13,0,0,158
SSC70091,0,3,6,3,4,9,3,0,0,29,0,0,0,0,0,4,7,4,0,19,0,0,3,3,0,0,0,0,0,7,16,27,49,43,26,30,18,3,0,206
SSC70092,0,0,0,0,0,0,0,0,0,0,0,0,0,0,0,0,0,0,0,0,0,0,0,0,0,0,0,0,0,0,0,0,0,0,0,0,0,0,0,0
SSC70093,0,0,0,0,0,0,0,0,0,3,0,0,0,0,0,0,0,0,0,0,0,0,0,0,3,0,0,0,0,10,3,3,3,3,11,3,11,0,0,37
SSC70094,0,0,0,0,6,7,9,0,0,28,0,0,0,0,5,6,0,0,0,12,3,3,4,3,5,0,3,0,0,23,20,39,41,37,44,30,17,3,0,228
SSC70095,0,3,9,5,8,3,0,0,0,33,0,0,3,0,0,4,5,3,0,19,0,0,0,0,0,0,0,0,0,0,6,23,19,21,18,13,4,3,0,112
SSC70096,0,0,0,0,0,3,0,0,0,6,0,0,0,0,0,0,0,0,0,0,0,0,3,3,0,3,4,3,0,21,3,0,15,10,13,15,7,5,0,73
SSC70097,0,0,0,0,12,10,19,19,8,69,0,0,3,0,3,4,3,3,0,14,6,12,44,39,37,37,44,23,27,275,33,84,435,371,397,319,260,142,79,2130
SSC70098,0,0,0,6,0,0,3,6,3,21,0,0,0,0,3,0,0,0,0,6,8,14,30,30,8,7,14,16,11,131,39,105,320,268,155,70,43,31,12,1057
SSC70099,4,7,3,4,5,6,0,0,0,26,0,0,4,0,0,0,3,3,0,14,0,0,4,4,4,3,0,0,0,16,7,12,42,17,22,20,7,3,0,134
SSC70100,0,0,0,0,0,0,0,0,0,3,0,0,0,0,0,0,0,0,0,0,3,0,0,0,12,3,4,0,0,21,3,0,6,0,11,17,11,0,0,50
SSC70101,0,0,0,0,0,0,0,0,0,0,0,0,0,0,0,0,0,0,0,0,0,0,10,3,4,3,0,0,0,17,3,3,14,13,23,9,3,0,0,70
SSC70102,0,0,0,4,0,0,4,0,0,8,0,0,0,0,0,0,0,0,0,0,0,0,8,12,4,7,6,0,0,25,0,0,32,34,23,13,13,0,0,122
SSC70103,0,0,0,0,0,0,0,0,0,0,0,0,0,0,0,0,0,0,0,0,0,0,0,6,3,3,0,0,0,15,3,3,4,17,9,6,0,0,0,44
SSC70104,0,0,10,3,0,3,3,0,0,19,0,0,0,0,0,0,0,0,0,0,0,3,7,0,3,3,3,0,0,15,7,8,15,17,8,8,3,0,0,67
SSC70105,0,0,0,0,0,0,0,0,0,0,0,0,0,0,0,0,0,0,0,0,0,0,3,0,0,0,0,0,0,6,0,0,3,4,6,3,0,0,0,20
SSC70106,25,30,84,51,50,24,16,7,0,298,0,3,14,3,3,3,5,0,0,27,9,9,24,21,17,9,3,0,0,82,109,176,388,271,235,142,36,13,0,1371
SSC70107,10,11,28,15,8,8,3,0,0,81,3,0,3,0,4,0,3,0,0,14,22,20,65,52,34,29,9,4,0,232,54,76,166,123,70,53,18,5,0,558
SSC70108,0,0,0,0,0,0,0,0,0,8,0,0,0,0,0,0,0,0,0,3,4,10,10,3,0,0,4,0,0,31,9,29,19,12,9,10,7,3,0,102
SSC70109,6,0,4,12,15,20,33,17,10,118,0,0,0,3,3,4,3,3,0,22,31,46,123,87,82,59,28,15,6,475,124,248,740,654,627,447,202,84,20,3144
SSC70110,0,0,0,3,3,3,8,3,0,22,0,0,0,0,0,0,0,0,0,0,9,4,13,21,24,21,13,6,0,105,54,90,153,294,321,188,80,13,0,1192
SSC70111,0,0,0,0,0,0,0,0,0,0,0,0,0,0,0,0,0,0,0,0,0,0,0,0,0,0,0,0,0,0,0,0,0,0,0,0,0,0,0,0
SSC70112,3,0,7,14,15,25,25,15,5,109,0,0,3,0,3,3,0,3,0,16,33,31,71,65,61,57,41,9,9,372,113,216,539,490,446,329,180,65,25,2402
SSC70113,0,0,0,4,0,0,0,0,0,8,0,0,0,0,0,0,0,0,0,4,0,0,3,0,0,0,0,0,0,13,3,5,12,11,8,6,3,0,0,46
SSC70114,0,0,0,0,0,0,0,0,0,0,0,0,0,0,0,0,0,0,0,0,0,0,0,0,0,0,0,0,0,0,0,0,0,0,0,0,0,0,0,3
SSC70115,18,10,20,20,19,15,4,0,0,107,0,0,0,0,0,0,3,0,0,10,17,10,18,21,65,12,3,0,0,148,89,96,203,171,180,74,17,4,0,827
SSC70116,0,0,3,3,3,9,6,3,0,28,0,0,0,0,0,0,0,0,0,6,12,6,26,42,22,19,3,0,0,133,65,199,510,461,334,222,65,24,3,1879
SSC70117,0,0,0,0,0,0,0,0,0,0,0,0,0,0,0,0,0,0,0,0,0,0,0,0,0,0,0,0,0,0,0,0,0,0,0,3,0,0,0,4
SSC70118,0,0,10,0,3,6,0,0,0,22,0,0,0,0,0,0,0,0,0,0,0,0,0,0,0,0,0,0,0,12,15,25,55,26,15,27,9,0,0,177
SSC70119,0,0,0,0,0,0,0,0,0,0,0,0,0,0,0,0,0,0,0,0,0,0,4,0,0,0,0,0,0,6,5,3,3,0,0,0,0,0,0,19
SSC70120,4,0,6,6,3,3,0,0,0,18,0,0,0,0,0,0,4,0,0,4,4,0,3,5,5,0,0,0,0,15,11,3,27,24,16,3,3,0,0,94
SSC70121,0,0,0,0,0,0,0,3,0,3,0,0,0,0,0,0,0,0,0,0,0,29,5,0,4,0,0,0,0,40,0,35,8,11,5,4,6,7,0,70
SSC70122,8,0,15,11,0,8,0,0,0,33,0,0,0,0,3,6,0,0,0,17,0,0,5,3,6,0,0,0,0,19,11,6,39,17,20,15,8,0,0,117
SSC70123,0,0,0,0,4,14,8,6,0,36,0,0,0,0,3,0,3,4,0,12,13,10,34,36,39,27,15,3,0,178,41,71,269,297,301,159,79,27,0,1249
SSC70124,16,19,27,27,28,19,4,0,0,144,3,0,0,3,3,3,4,0,0,15,3,0,9,5,54,3,0,0,0,77,36,53,103,75,112,43,15,3,0,446
SSC70125,0,0,0,0,0,0,0,0,0,0,0,0,0,0,0,0,0,0,0,0,0,0,0,0,0,0,0,0,0,0,0,0,0,0,0,0,0,0,0,0
SSC70126,0,0,0,0,0,0,0,0,0,0,0,0,0,0,0,0,0,0,0,0,0,0,0,0,0,0,0,0,0,0,0,0,0,0,0,0,0,0,0,0
SSC70127,0,0,0,0,0,0,0,0,0,0,0,0,0,0,0,0,0,0,0,3,27,170,372,255,159,53,8,0,0,1042,91,477,551,310,220,92,24,3,3,1760
SSC70128,0,0,0,0,0,0,0,0,0,0,0,0,0,0,0,0,0,0,0,0,0,0,0,0,0,0,0,0,0,0,0,0,0,0,0,0,0,0,0,0
SSC70129,0,0,5,3,8,31,27,13,4,101,0,0,0,3,0,5,3,0,0,18,31,61,394,379,315,167,69,13,5,1429,96,251,956,977,1022,725,321,79,21,4450
SSC70130,0,3,0,3,3,12,4,5,0,26,0,0,0,0,0,0,0,0,0,5,25,98,244,170,78,41,3,6,0,674,32,116,254,197,104,75,14,8,0,797
SSC70131,0,0,0,0,0,0,0,0,0,3,0,0,0,0,0,0,0,0,0,0,0,0,0,0,3,0,0,0,0,9,0,4,11,7,15,9,6,3,0,54
SSC70132,0,5,9,8,19,30,37,5,4,107,0,0,0,0,0,8,3,3,0,18,43,39,70,87,109,85,55,14,8,507,154,231,569,649,777,525,305,62,17,3289
SSC70133,3,0,7,8,5,8,7,0,0,40,0,0,0,0,0,0,0,0,0,0,5,4,12,9,24,26,7,3,0,87,24,30,38,55,118,90,22,7,0,382
SSC70134,0,0,7,3,0,3,0,0,0,13,0,0,0,0,0,0,0,0,0,0,0,39,10,7,4,3,0,0,0,56,4,40,30,14,7,12,3,0,0,111
SSC70135,0,0,0,0,0,0,0,0,0,0,0,0,0,0,0,0,0,0,0,0,0,0,0,0,0,0,0,0,0,0,0,0,0,0,0,0,0,0,0,0
SSC70136,0,0,3,5,5,4,0,3,0,24,0,0,0,0,0,0,0,0,0,0,15,18,28,25,52,29,15,0,0,188,32,65,188,194,195,107,27,6,0,811
SSC70137,4,5,0,6,0,6,0,0,0,23,3,0,0,3,8,9,3,0,0,21,3,0,0,0,4,0,0,0,0,8,22,24,35,51,37,13,3,3,0,194
SSC70138,0,0,7,4,9,10,11,5,0,43,0,0,0,0,0,0,0,6,0,8,9,9,23,16,29,27,16,9,3,131,47,89,212,299,283,180,138,50,10,1311
SSC70139,3,0,3,5,7,8,3,0,0,27,0,0,3,0,0,0,0,0,0,9,10,24,46,35,7,15,3,0,0,144,46,274,546,330,123,63,24,0,0,1403
SSC70140,3,0,3,9,15,7,3,0,0,35,0,0,0,0,3,0,0,0,0,5,3,5,10,3,12,0,3,0,0,36,25,31,62,39,57,20,15,0,3,243
SSC70141,6,3,10,5,4,0,3,3,0,31,5,0,7,3,0,4,3,8,0,28,3,3,17,3,8,3,0,0,0,38,23,37,56,33,43,25,13,6,0,231
SSC70142,0,12,9,16,14,5,7,5,0,70,0,0,0,0,0,0,0,3,0,8,25,3,8,15,8,7,0,3,0,69,44,32,59,65,53,35,18,11,0,315
SSC70143,4,3,9,23,24,46,39,12,7,167,0,0,3,5,7,13,12,5,3,47,39,45,118,81,96,78,43,13,8,514,167,318,781,717,651,592,247,79,27,3578
SSC70144,0,0,0,6,0,14,11,5,3,45,0,0,0,0,0,0,0,0,0,6,11,32,79,31,65,26,27,16,9,296,39,119,300,169,233,187,94,45,20,1207
SSC70145,0,3,6,11,3,13,15,10,0,65,0,0,0,0,0,9,5,0,0,16,53,28,110,82,88,67,45,18,4,497,119,183,559,431,401,266,153,47,5,2179
SSC70146,0,0,7,10,21,23,20,3,0,84,0,0,0,3,0,3,0,0,0,14,16,29,75,47,60,74,32,25,7,369,44,100,270,191,214,214,115,39,6,1202
SSC70147,0,0,3,8,4,11,15,16,4,67,0,0,0,0,0,7,4,10,6,30,3,0,7,5,5,6,14,11,5,52,4,23,34,22,31,30,56,65,42,300
SSC70148,3,15,23,18,14,24,8,0,0,101,0,4,3,3,4,3,8,0,0,26,4,9,7,6,20,9,0,0,0,44,18,35,66,58,45,41,15,4,0,288
SSC70149,3,7,7,5,4,5,0,3,0,31,0,0,0,0,0,0,0,0,0,0,5,0,3,9,4,12,5,0,0,44,12,36,61,50,53,63,35,5,7,322
SSC70150,0,0,0,0,0,0,0,0,0,0,0,0,0,0,0,0,0,0,0,0,0,0,0,0,0,0,0,0,0,0,0,0,0,0,0,0,0,0,0,0
SSC70151,0,0,8,3,0,0,0,4,0,18,0,0,0,0,0,0,0,0,0,3,3,0,3,4,0,0,0,0,0,13,7,5,19,14,17,5,3,4,0,74
SSC70152,11,11,27,28,19,13,4,0,0,109,0,0,0,0,0,6,0,3,0,11,20,4,12,6,8,3,4,0,0,56,49,38,101,71,67,33,14,3,0,374
SSC70153,0,0,0,0,0,3,3,0,0,5,0,0,0,0,0,0,0,0,0,0,0,0,0,3,0,11,4,0,0,21,0,5,8,10,11,20,26,0,0,86
SSC70154,0,0,0,0,0,0,0,0,0,0,0,0,0,0,0,0,0,0,0,0,0,0,0,0,0,0,0,0,0,0,0,3,0,0,0,0,0,0,0,5
SSC70155,0,0,0,3,9,8,3,3,0,29,0,0,0,0,3,4,0,0,0,14,10,0,0,16,7,13,5,0,0,57,15,11,32,48,63,44,34,10,0,266
SSC70156,0,0,3,0,0,4,5,3,0,16,0,0,0,0,0,0,0,0,0,0,16,10,18,16,37,37,16,6,0,159,23,28,61,60,82,76,44,22,0,396
SSC70157,5,13,16,9,10,7,0,0,0,67,0,0,0,0,0,3,5,5,0,14,0,0,10,3,3,0,0,0,0,15,10,28,44,29,19,15,5,3,0,160
SSC70158,6,3,3,6,11,10,12,7,0,57,0,0,0,3,3,3,0,0,0,8,14,16,40,47,37,36,26,4,0,221,53,120,330,356,341,242,91,36,8,1584
SSC70159,0,0,4,11,7,10,12,18,3,62,0,0,3,3,0,3,0,0,0,7,17,66,177,84,57,42,34,16,3,489,76,307,1013,556,521,380,213,71,22,3155
SSC70160,0,0,0,0,0,0,0,0,0,3,0,0,0,0,0,0,0,0,0,0,0,3,3,5,0,3,3,0,0,21,0,3,4,3,3,8,9,3,0,38
SSC70161,0,0,9,15,23,35,48,25,3,158,0,0,0,4,6,6,13,0,0,33,19,19,68,54,57,64,35,27,0,334,118,276,704,685,686,610,325,125,18,3538
SSC70162,0,0,0,0,0,0,3,3,0,3,0,0,0,0,0,0,0,0,0,0,0,0,0,0,3,9,3,3,0,19,0,0,5,7,14,29,33,10,0,94
SSC70163,0,0,0,0,0,0,0,0,0,3,0,0,0,0,0,0,0,0,0,0,0,0,0,3,3,0,0,0,0,4,3,0,6,3,3,3,4,0,0,26
SSC70164,0,0,0,0,0,0,0,0,0,3,0,0,0,0,0,0,0,0,0,0,5,0,0,4,4,0,0,0,0,10,5,0,4,5,7,5,8,0,0,34
SSC70165,0,0,0,0,3,5,4,0,0,14,0,0,0,0,0,0,0,0,0,0,10,10,13,16,16,11,5,3,0,81,22,29,49,73,69,67,24,5,0,340
SSC70166,0,0,0,0,0,0,0,0,0,3,0,0,0,0,0,0,0,0,0,0,0,0,0,3,3,0,3,0,0,14,5,20,31,25,18,15,3,0,0,121
SSC70167,4,0,16,14,10,8,13,7,0,76,0,3,3,0,0,0,0,0,0,6,7,16,55,29,33,19,14,9,0,186,65,93,313,259,254,169,133,46,7,1341
SSC70168,0,0,0,3,6,6,8,3,0,29,0,0,0,0,0,0,0,0,0,0,9,3,28,31,23,7,4,3,0,108,69,148,430,417,274,98,55,17,0,1515
SSC70169,0,0,12,19,14,27,30,17,3,125,0,0,0,7,7,6,5,0,0,32,21,25,69,54,40,50,34,12,0,300,96,167,466,441,416,391,192,60,15,2244
SSC70170,0,0,0,0,0,0,0,0,0,0,0,0,0,0,0,0,0,0,0,0,0,0,3,0,0,0,0,0,0,3,0,0,3,0,0,0,0,0,0,7
SSC70171,0,0,0,0,0,0,0,0,0,0,0,0,0,0,0,0,0,0,0,0,0,0,0,0,0,0,0,0,0,0,0,0,0,0,0,0,0,0,0,0
SSC70172,23,22,32,27,25,24,9,3,0,171,6,11,27,16,36,9,3,3,0,112,17,35,66,171,38,27,0,0,3,360,130,238,432,412,244,147,25,9,3,1647
SSC70173,0,0,0,0,0,3,0,0,0,8,0,0,0,0,0,0,0,0,0,0,0,0,0,0,0,3,0,0,0,10,4,4,12,17,11,19,0,0,0,66
SSC70174,0,0,0,0,0,0,0,0,0,0,0,0,0,0,0,0,0,0,0,0,0,0,0,0,0,0,0,0,0,0,0,0,0,0,0,0,0,0,0,0
SSC70175,0,0,0,0,0,0,0,0,0,0,0,0,0,0,0,0,0,0,0,0,0,0,0,0,0,0,0,0,0,3,0,0,0,0,4,0,0,0,0,10
SSC70176,0,0,0,0,0,3,3,3,0,14,0,0,0,0,0,0,0,0,0,3,0,4,11,10,3,14,8,3,0,46,16,36,78,115,137,97,27,13,3,527
SSC70177,0,0,0,5,10,3,7,0,0,30,0,0,4,0,4,0,0,0,0,10,3,4,10,8,16,8,3,4,0,63,12,19,51,78,100,67,32,14,0,382
SSC70178,0,0,0,3,0,4,10,6,0,35,0,0,0,0,0,0,0,0,0,3,12,18,47,19,29,32,15,3,0,175,32,97,243,213,241,267,150,41,8,1285
SSC70179,0,0,0,0,7,11,4,3,0,21,0,0,0,0,0,4,4,0,0,8,3,8,10,13,17,22,18,0,0,88,6,21,29,44,66,70,41,15,0,296
SSC70180,4,0,0,3,5,6,5,0,0,30,0,0,0,0,0,0,0,0,0,4,6,5,3,4,6,6,3,0,0,32,20,23,40,39,46,49,38,3,0,257
SSC70181,0,0,0,3,0,0,3,5,0,9,0,0,0,0,0,0,0,0,0,0,4,0,10,18,13,17,16,4,3,89,26,28,78,148,97,94,66,34,3,571
SSC70182,0,0,0,0,0,0,0,0,0,4,0,0,0,0,0,0,0,0,0,0,12,9,0,0,0,0,0,0,0,24,12,9,0,0,3,0,0,0,0,30
SSC70183,0,0,0,0,0,0,0,0,0,0,0,0,0,0,0,0,0,0,0,0,0,0,0,0,0,0,0,0,0,0,0,0,0,0,0,0,0,0,0,0
SSC70184,0,0,0,0,0,0,0,0,0,0,0,0,0,0,0,0,0,0,0,0,0,0,0,0,3,0,0,0,0,4,0,4,13,4,12,9,10,0,0,53
SSC70185,3,0,8,3,3,8,3,0,0,33,0,0,0,0,0,0,0,0,0,3,0,3,0,0,0,0,0,0,0,8,22,40,56,51,60,40,6,3,0,272
SSC70186,17,20,28,37,45,34,17,0,0,199,0,4,7,4,8,3,0,0,0,28,0,0,9,7,3,3,0,0,0,37,79,105,211,187,134,78,30,5,0,828
SSC70187,0,3,5,5,12,23,27,26,3,99,0,0,0,3,3,3,3,0,0,11,18,21,57,47,42,32,31,11,3,261,66,145,519,420,357,260,165,83,7,2026
SSC70188,0,0,0,0,0,0,3,0,0,6,0,0,0,0,0,0,0,0,0,0,16,14,24,21,17,8,6,0,0,101,16,18,24,18,17,8,7,0,0,108
SSC70189,3,3,9,6,5,7,0,0,0,33,0,0,0,0,3,6,5,3,0,16,3,6,17,0,3,6,0,0,0,41,36,49,125,60,45,39,11,0,0,363
SSC70190,0,0,0,0,3,3,7,0,0,12,0,0,0,0,0,0,0,0,0,3,0,0,0,3,0,3,0,0,0,5,13,16,41,33,20,18,13,0,0,153
SSC70191,0,0,0,0,0,0,0,0,0,0,0,0,0,0,0,0,0,0,0,0,0,0,0,0,0,0,0,0,0,0,0,0,0,0,0,0,0,0,0,0
SSC70192,0,0,4,9,6,11,21,10,7,72,0,0,5,3,0,4,0,4,0,16,11,9,24,29,30,35,22,9,0,173,71,90,259,326,270,231,153,54,9,1467
SSC70193,0,0,0,7,6,26,23,3,6,85,0,0,0,3,3,5,11,0,0,25,30,22,70,54,47,49,26,5,0,304,120,178,449,424,382,281,162,42,6,2042
SSC70194,0,0,0,0,0,0,0,0,0,0,0,0,0,0,0,0,0,0,0,0,0,0,4,0,0,0,0,0,0,7,0,3,6,7,0,3,0,0,0,26
SSC70195,0,0,0,0,0,0,0,0,0,4,0,0,0,0,0,0,0,0,0,0,12,5,21,12,8,5,0,0,0,75,12,25,126,93,73,61,11,4,0,404
SSC70196,0,3,11,13,4,3,7,0,0,45,0,0,0,0,0,3,0,0,0,7,0,0,0,9,0,0,0,0,0,10,14,8,23,38,25,4,4,0,0,116
SSC70197,0,0,3,0,4,0,3,0,0,10,0,0,0,0,0,0,0,0,0,0,0,0,5,0,3,0,0,0,0,8,4,5,11,11,16,10,4,0,0,59
SSC70198,3,0,9,6,3,11,0,0,0,26,0,0,5,3,4,3,0,0,0,15,0,9,49,21,16,0,3,0,0,107,38,201,661,396,220,80,16,8,0,1625
SSC70199,0,0,0,0,0,0,0,0,0,0,0,0,0,0,0,0,0,0,0,0,0,0,0,0,0,0,0,0,0,0,0,0,0,0,0,0,0,0,0,0
SSC70200,0,3,12,6,15,5,4,0,0,40,0,3,7,0,0,0,5,0,0,17,3,32,17,5,8,6,5,7,0,86,14,57,52,49,33,26,12,3,0,248
SSC70201,0,0,7,3,5,10,24,13,0,66,0,0,3,0,3,3,0,3,0,16,9,5,29,28,24,29,14,5,0,153,51,123,309,314,266,218,155,59,7,1505
SSC70202,0,0,3,5,0,0,0,0,0,12,0,0,0,0,0,0,0,0,0,0,100,31,3,0,3,0,0,0,0,140,103,36,13,5,7,3,3,0,0,159
SSC70203,4,3,9,9,8,14,0,0,0,53,0,0,0,0,3,3,0,0,0,6,3,3,11,9,12,5,5,0,0,49,15,34,53,40,40,46,11,3,0,245
SSC70204,3,0,0,0,9,0,0,0,0,16,0,0,3,0,3,0,0,0,0,6,0,0,4,0,0,0,0,0,0,3,5,8,26,12,15,13,5,0,0,80
SSC70205,3,0,0,0,0,3,0,0,0,10,0,0,0,0,0,0,0,0,0,0,0,0,0,0,0,0,0,0,0,0,3,10,10,6,9,3,0,0,0,38
SSC70206,10,4,4,9,0,3,4,0,0,36,0,0,0,0,0,3,3,0,0,10,3,3,0,0,0,0,0,0,0,12,37,41,67,40,24,12,3,0,0,234
SSC70207,10,21,41,28,26,20,7,0,0,149,4,3,10,10,8,9,0,0,0,43,52,14,28,13,12,12,3,0,0,133,99,86,192,141,96,73,20,3,0,714
SSC70208,0,0,4,10,9,12,11,0,0,55,0,0,0,0,0,3,0,0,0,3,36,37,103,90,76,72,30,4,0,447,98,167,503,562,505,304,110,8,0,2263
SSC70209,0,0,0,0,0,0,0,0,0,7,0,0,0,0,0,0,0,0,0,3,0,0,0,0,0,0,0,0,0,0,4,13,13,10,8,3,4,0,0,46
SSC70210,0,3,6,4,9,15,22,12,3,83,0,0,3,0,3,4,0,3,0,14,13,25,121,74,66,40,39,7,0,382,67,221,858,633,515,410,289,74,18,3081
SSC70211,0,0,4,0,8,0,4,0,0,13,0,0,0,0,0,0,0,0,0,3,0,3,0,6,0,3,4,0,0,19,3,7,23,18,20,12,13,0,0,104
SSC70212,0,0,0,0,0,0,5,0,0,6,0,0,3,0,0,0,0,0,0,5,0,5,0,12,6,9,13,0,0,43,10,15,24,44,70,58,39,3,0,261
SSC70213,11,10,20,13,13,4,3,0,0,79,0,0,0,0,0,0,3,4,0,12,12,15,23,20,20,14,10,3,0,113,44,51,149,88,86,45,24,7,0,499
SSC70214,0,0,0,0,0,0,0,0,0,0,0,0,0,0,0,0,0,0,0,0,0,0,0,0,0,3,0,0,0,3,0,3,4,0,0,0,0,0,0,11
SSC70215,3,3,14,13,8,5,3,0,0,50,0,0,0,0,0,0,0,3,0,5,3,0,0,3,0,0,0,0,0,8,11,15,36,33,28,11,9,3,0,156
SSC70216,0,0,0,0,0,0,0,0,0,0,0,0,0,0,0,0,0,0,0,0,0,0,0,3,0,0,0,0,0,7,0,0,4,5,0,0,0,0,0,14
SSC70217,0,0,0,0,0,0,0,0,0,0,0,0,0,0,0,0,0,0,0,0,4,3,0,0,0,0,0,0,0,8,4,9,3,0,9,4,3,0,0,30
SSC70218,5,10,23,18,11,16,0,0,0,75,0,0,0,0,0,3,0,0,0,10,4,3,18,4,4,20,0,0,0,55,13,29,83,48,38,57,6,3,0,281
SSC70219,0,0,3,8,0,7,12,6,0,31,0,0,4,0,0,0,0,0,0,9,10,12,58,48,46,39,19,8,3,241,39,148,593,468,417,273,146,40,5,2139
SSC70220,0,0,0,0,0,0,0,0,0,0,0,0,0,0,0,0,0,0,0,0,0,0,0,0,0,0,0,0,0,0,0,0,0,0,3,0,0,0,0,3
SSC70221,0,0,0,0,3,3,0,0,0,10,0,0,0,0,0,0,0,0,0,0,0,0,3,9,6,0,0,0,0,12,10,31,12,22,24,7,0,0,0,102
SSC70222,0,0,0,0,0,0,5,0,0,9,0,0,0,0,0,0,4,0,0,5,3,13,10,3,5,6,0,0,0,39,10,28,50,16,20,16,16,0,3,160
SSC70223,0,0,0,0,0,0,0,0,0,6,0,0,3,0,3,3,3,3,0,14,0,0,3,0,0,0,0,0,0,9,8,11,20,8,13,7,3,3,0,75
SSC70224,0,0,0,4,6,0,4,3,0,24,0,0,0,0,0,0,3,3,0,4,8,4,9,6,3,6,3,3,0,43,19,24,36,35,48,51,30,17,0,256
SSC70225,0,0,0,0,0,0,0,0,0,0,0,0,0,0,0,0,0,0,0,0,0,0,0,0,0,0,0,0,0,3,0,0,4,3,3,11,3,0,0,24
SSC70226,3,0,3,3,3,3,3,3,0,30,0,0,0,0,0,0,0,0,0,0,4,4,0,34,0,3,3,0,0,53,15,20,53,92,34,35,6,10,0,268
SSC70227,0,0,0,0,0,0,0,0,0,0,0,0,0,0,0,0,0,0,0,0,0,0,0,0,0,0,0,0,0,0,0,4,8,0,3,0,0,0,0,23
SSC70228,0,0,0,0,0,0,3,0,0,3,0,0,0,0,3,0,0,0,0,3,0,0,3,0,5,3,0,0,0,17,3,9,17,12,22,14,8,0,0,83
SSC70229,4,12,17,21,21,7,7,3,0,87,0,0,0,0,0,3,8,0,0,8,7,4,12,8,14,12,0,0,0,51,34,89,157,116,109,57,23,4,3,589
SSC70230,0,0,0,0,0,3,0,0,0,3,0,0,0,0,0,0,0,0,0,0,0,0,0,0,0,0,0,0,0,0,8,3,9,5,0,3,6,0,0,42
SSC70231,0,0,6,8,12,20,3,6,0,53,0,0,3,3,0,0,0,0,0,11,14,31,86,83,76,56,28,15,5,395,67,175,658,574,471,397,184,71,18,2601
SSC70232,0,0,0,0,0,0,0,0,0,0,0,0,0,0,0,0,0,0,0,0,0,0,0,0,0,0,0,0,0,0,0,0,0,3,7,3,3,0,0,13
SSC70233,3,5,6,3,3,6,0,0,0,28,0,0,0,3,0,5,0,0,0,10,0,0,3,0,0,0,0,0,0,3,23,28,33,25,19,9,0,0,0,137
SSC70234,3,0,3,10,8,5,8,4,3,44,0,0,3,0,0,3,0,0,0,9,13,27,76,56,37,22,10,3,3,259,103,308,915,765,466,218,87,27,12,2895
SSC70235,0,0,3,0,0,6,5,3,0,19,0,0,0,3,0,0,3,0,0,3,3,5,17,16,16,19,19,0,0,105,13,34,92,90,118,132,80,13,0,569
SSC70236,0,0,0,0,0,3,0,0,0,5,0,0,0,0,0,0,0,0,0,0,0,0,9,0,5,8,4,0,0,28,0,3,14,5,12,27,6,0,0,72
SSC70237,3,7,10,16,17,16,14,9,3,91,0,0,4,4,0,3,3,0,0,13,16,32,62,45,52,41,21,3,3,266,69,137,424,315,295,238,97,24,9,1608
SSC70238,0,16,20,19,25,8,6,4,0,106,0,0,3,14,18,13,10,12,0,68,19,12,28,0,3,3,0,0,0,66,41,50,112,69,65,48,20,16,3,417
SSC70239,14,4,8,7,5,6,6,3,0,54,0,4,4,6,0,3,3,0,3,25,3,0,5,4,9,5,0,6,0,33,37,38,90,82,48,53,17,12,3,380
SSC70240,0,0,0,0,0,0,3,0,0,3,0,0,0,0,0,0,0,0,0,0,0,3,0,0,0,0,0,0,0,3,4,9,0,0,0,0,3,0,0,16
SSC70241,0,0,0,0,0,0,0,0,0,0,0,0,0,0,0,0,0,0,0,0,0,0,0,0,0,0,0,0,0,0,0,0,0,0,0,0,0,0,0,0
SSC70242,0,0,0,0,3,0,4,0,0,7,0,0,0,0,0,0,0,0,0,0,0,0,11,3,7,3,3,3,0,39,3,4,47,29,40,17,17,9,0,165
SSC70243,0,0,0,0,0,0,0,0,0,0,0,0,0,0,0,0,0,0,0,0,0,0,0,3,7,4,3,0,0,19,4,3,3,3,16,20,8,0,0,51
SSC70244,3,0,0,3,7,4,3,0,0,28,0,0,0,6,3,6,0,3,0,20,0,4,5,7,0,0,6,3,0,29,21,32,68,85,59,41,13,4,0,318
SSC70245,0,0,4,9,11,18,23,16,3,83,0,0,5,3,0,0,0,4,3,15,13,50,170,87,70,79,32,6,5,512,58,346,1181,670,527,455,186,62,21,3501
SSC70246,0,0,0,0,0,0,0,0,0,0,0,0,0,0,0,0,0,0,0,0,0,0,5,0,3,0,0,0,0,10,4,7,10,3,10,6,4,0,0,40
SSC70247,0,3,0,0,0,3,7,0,0,9,0,0,0,0,0,0,0,0,0,6,0,0,4,0,0,0,0,0,0,11,13,30,39,20,17,16,22,0,0,156
SSC70248,0,0,0,0,0,0,0,0,0,3,0,0,0,0,0,0,0,0,0,0,0,0,3,3,0,0,0,0,0,12,0,5,19,17,12,8,5,0,0,62
SSC70249,0,0,0,0,0,0,0,0,0,0,0,0,0,0,0,0,0,0,0,0,0,6,0,0,3,0,0,0,0,13,0,9,5,3,9,0,0,0,0,31
SSC70250,0,0,7,4,0,0,0,0,0,16,0,0,0,0,0,0,0,0,0,0,0,0,11,3,0,0,0,0,0,18,3,3,24,12,6,4,0,0,0,57
SSC70251,12,15,28,38,58,39,36,11,0,243,4,3,3,3,6,14,14,11,6,70,21,48,89,73,69,69,22,8,0,399,109,233,504,394,443,359,166,56,7,2274
SSC70252,0,0,10,5,3,3,0,0,0,28,0,0,0,0,0,0,0,0,0,0,0,0,0,0,0,0,0,0,0,3,9,26,36,18,15,13,4,0,0,117
SSC70253,0,0,4,3,6,6,14,5,5,39,0,0,0,3,4,0,0,0,0,18,8,23,87,43,50,34,12,3,3,257,26,118,486,261,246,170,69,21,8,1404
SSC70254,0,0,0,3,0,0,9,0,0,10,0,0,0,0,0,0,0,0,0,0,6,11,13,13,4,12,6,0,0,60,17,52,170,125,98,90,46,11,4,608
SSC70255,0,0,0,5,3,6,3,8,3,25,0,0,0,0,0,0,7,0,0,4,0,5,16,16,11,8,6,5,0,72,9,23,81,108,101,76,50,18,3,480
SSC70256,0,0,0,0,0,4,0,0,0,6,0,0,0,0,0,0,0,0,0,0,0,0,0,0,6,0,0,0,0,9,3,0,9,10,16,16,0,3,0,62
SSC70257,0,0,0,0,7,5,4,0,0,14,0,0,0,0,0,0,0,0,0,8,0,3,6,3,7,9,0,0,0,32,13,19,30,21,42,38,17,12,0,185
SSC70258,0,0,0,0,0,0,0,0,0,3,0,0,0,0,0,0,0,0,0,0,4,15,35,12,10,0,0,0,0,75,17,83,293,113,90,14,0,0,0,615
SSC70259,0,0,0,0,3,0,0,0,0,3,0,0,0,0,0,0,0,0,0,0,0,0,0,0,0,0,0,0,0,0,3,3,0,3,8,0,0,0,0,22
SSC70260,3,6,4,9,8,0,4,0,0,33,0,3,4,4,11,0,7,0,0,24,3,3,29,6,4,9,3,0,0,52,12,16,55,31,30,15,16,0,0,176
SSC70261,0,0,0,0,0,0,0,0,0,0,0,0,0,0,0,0,0,0,0,0,0,0,0,0,0,0,0,0,0,0,0,0,0,0,0,0,0,0,0,0
SSC70262,0,0,4,9,13,21,26,22,16,103,0,0,0,3,0,0,0,8,0,21,12,12,44,43,39,42,37,31,28,295,51,117,400,409,305,265,216,131,84,1976
SSC70263,0,0,0,0,0,0,3,0,0,6,0,0,0,0,0,0,0,0,0,3,0,0,3,0,0,0,0,0,0,11,0,0,31,19,13,19,4,3,0,96
SSC70264,0,0,0,0,0,0,0,0,0,0,0,0,0,0,0,0,0,0,0,0,0,0,0,0,0,0,0,0,0,0,0,0,0,0,0,0,0,0,0,3
SSC70265,0,0,0,0,0,0,0,0,0,0,0,0,0,0,0,0,0,0,0,0,0,0,0,0,0,0,0,0,0,3,0,0,0,0,0,9,0,0,0,14
SSC70266,0,0,0,0,0,0,0,0,3,5,0,0,0,0,0,0,0,0,0,0,3,0,4,0,7,6,3,0,0,27,6,7,22,14,38,22,13,3,3,132
SSC70267,3,3,3,0,0,0,0,0,0,17,0,0,0,0,0,0,0,0,0,4,7,7,3,16,7,3,3,0,0,50,42,48,98,69,51,34,8,0,0,352
SSC70268,0,0,0,0,0,0,0,0,0,0,0,0,0,0,0,0,0,0,0,0,0,0,0,0,0,0,0,0,0,0,0,0,0,0,0,0,0,0,0,0
SSC70269,0,0,0,0,0,0,0,0,0,0,0,0,0,0,0,0,0,0,0,0,0,0,0,4,3,10,0,5,0,16,4,7,17,31,21,32,9,12,0,125
SSC70270,0,0,0,0,0,0,0,0,0,0,0,0,0,0,0,0,0,0,0,0,0,0,0,0,0,0,0,0,0,0,0,0,0,0,0,0,0,0,0,0
SSC70271,0,0,0,0,0,0,0,0,0,3,0,0,0,0,0,0,0,0,0,0,0,6,26,6,29,11,10,3,0,88,0,14,35,23,32,18,13,3,0,129
SSC70272,0,0,0,0,0,0,0,0,0,0,0,0,0,0,0,0,0,0,0,0,0,0,0,0,0,0,0,0,0,0,0,0,0,0,0,0,0,0,0,0
SSC70273,0,0,3,0,0,3,0,0,0,4,0,0,0,0,0,0,0,0,0,3,7,18,12,6,5,3,3,0,0,54,12,33,38,16,9,11,3,3,0,121
SSC70274,0,0,4,3,0,13,11,7,3,46,0,0,0,0,0,0,0,0,0,0,14,7,31,19,50,35,13,0,0,166,55,99,212,242,367,294,114,33,6,1421
SSC70275,23,33,81,44,40,31,10,3,0,264,4,3,3,0,3,3,3,3,0,34,18,15,128,70,32,5,4,0,0,278,119,194,506,298,195,125,31,11,0,1478
SSC70276,0,0,0,0,3,0,7,0,0,13,0,0,0,0,0,0,0,0,0,0,0,0,3,7,6,6,5,0,0,35,5,13,40,60,88,98,69,7,3,382
SSC70277,0,0,5,5,17,22,32,11,5,102,0,0,3,4,3,12,8,7,0,36,14,23,43,43,40,33,15,8,0,211,61,151,365,353,289,230,139,64,8,1658
SSC70278,0,0,0,0,0,0,0,0,0,0,0,0,0,0,0,0,0,0,0,0,0,0,0,0,0,0,0,0,0,0,0,0,0,0,0,0,0,0,0,0
SSC70279,0,0,9,8,3,4,3,0,0,22,0,0,0,0,0,0,0,0,0,0,0,0,12,3,0,0,0,0,0,13,0,8,25,10,10,9,7,0,0,70
SSC70280,0,0,0,11,12,16,14,13,5,70,0,0,3,0,0,4,7,0,0,16,10,4,25,36,33,17,18,6,0,150,56,94,254,289,290,222,141,47,12,1409
SSC70281,0,0,3,5,10,7,0,0,0,33,0,0,0,0,0,0,0,0,0,3,13,10,15,6,9,3,0,0,0,58,19,31,63,47,45,38,5,3,0,258
SSC70282,0,0,3,3,0,3,3,0,0,17,0,0,0,0,0,0,0,0,0,0,0,5,3,12,0,3,3,0,0,29,8,21,16,30,16,12,6,3,0,121
SSC70283,0,0,0,0,0,0,0,0,0,0,0,0,0,0,0,0,0,0,0,0,0,0,0,0,0,0,0,0,0,3,4,0,11,3,10,9,9,3,0,52
SSC70284,0,0,7,5,16,14,3,0,0,54,0,3,3,0,0,0,4,3,0,16,10,12,36,21,16,3,3,3,0,115,32,64,130,81,57,27,20,6,6,418
SSC70285,0,0,0,0,0,0,4,0,0,12,0,0,0,0,0,0,0,0,0,0,0,0,0,9,18,12,3,0,0,45,3,4,21,24,59,56,30,8,3,204
SSC70286,0,0,0,3,0,0,0,0,0,5,0,0,0,0,0,0,0,0,0,0,0,0,36,45,42,31,0,0,0,160,0,3,76,80,70,41,0,0,0,268
SSC70287,10,16,33,23,19,14,3,0,0,117,0,0,0,0,3,3,3,3,0,11,3,0,0,0,3,0,0,0,0,6,22,30,42,35,35,24,6,3,0,206
SSC70288,5,4,6,16,6,4,3,0,0,47,0,0,0,0,0,0,0,3,0,5,0,0,0,0,0,0,0,0,0,0,10,4,12,21,10,11,3,3,0,74
SSC70289,4,0,0,3,0,0,0,0,0,6,0,3,0,0,3,0,0,0,0,5,0,0,3,0,0,0,0,0,0,5,17,10,21,14,13,3,0,0,0,75
SSC70290,0,0,0,0,0,3,0,0,0,4,0,0,0,0,0,0,0,0,0,0,0,0,6,5,3,9,4,0,0,29,0,6,27,32,39,58,25,0,0,199
SSC70291,0,0,0,0,0,0,0,0,0,0,0,0,0,0,0,0,0,0,0,0,0,0,0,0,0,0,0,0,0,0,0,0,0,0,0,0,0,0,0,0
SSC70292,0,0,6,3,21,21,19,7,0,84,0,0,0,0,0,10,0,4,0,14,20,29,58,63,49,37,20,12,0,289,121,225,527,518,476,292,131,45,6,2358
SSC70293,0,0,0,3,0,0,0,7,0,12,0,0,0,0,0,0,0,0,0,3,3,9,37,22,3,6,0,0,0,79,19,80,316,175,92,71,29,9,5,780
SSC70294,0,0,10,10,8,14,18,8,0,64,0,0,0,4,3,3,0,0,0,13,13,6,29,42,36,34,22,5,3,182,73,112,327,409,358,257,163,43,9,1747
SSC70295,12,3,3,9,7,9,6,3,0,55,0,0,0,0,4,0,0,0,0,5,5,6,12,6,5,6,11,0,0,58,74,138,275,216,221,129,50,14,4,1122
SSC70296,0,3,9,15,9,0,7,0,0,39,0,0,0,0,0,0,0,0,0,5,0,3,4,3,0,0,0,0,0,12,4,13,38,22,15,4,11,0,0,112
SSC70297,3,4,0,0,3,3,0,0,0,12,0,0,0,0,6,7,4,3,0,23,0,3,18,9,10,4,3,0,0,47,15,30,60,29,35,18,13,7,0,197
SSC70298,0,0,0,0,0,0,0,0,0,3,0,0,0,0,0,0,0,0,0,0,0,3,0,0,5,0,0,0,0,11,0,3,4,4,4,5,9,6,0,32
SSC70299,3,4,24,16,13,10,19,0,0,85,0,0,3,0,0,0,0,0,0,5,3,9,6,3,0,3,0,0,0,25,41,70,163,113,78,50,28,4,0,541
SSC70300,3,8,5,3,10,11,3,0,3,38,0,0,0,0,0,0,3,3,0,10,0,5,3,3,0,3,3,0,0,21,11,27,41,25,19,11,14,6,3,155
SSC70301,0,14,26,27,21,20,4,4,0,120,0,0,0,0,3,3,0,0,3,14,0,4,14,25,22,3,3,0,0,81,37,64,123,139,97,59,14,4,3,528
SSC70302,0,0,4,0,3,3,0,0,0,13,0,0,0,0,0,0,0,0,0,0,7,36,71,39,33,27,3,0,0,217,32,179,368,163,137,116,21,3,3,1018
SSC70303,0,0,0,0,0,3,0,0,0,7,0,0,0,0,0,0,0,0,0,3,3,22,27,5,8,8,0,0,0,74,24,131,354,177,81,38,3,0,0,806
SSC79494,0,0,8,25,39,25,26,3,0,124,0,0,7,0,11,3,3,0,0,18,3,66,182,140,157,110,58,15,0,737,24,183,457,396,461,440,278,38,0,2275
SSC79797,0,0,0,0,0,0,0,0,0,0,0,0,0,0,0,0,0,0,0,0,0,0,4,6,0,0,0,0,0,9,0,3,30,19,9,3,0,3,0,71
