SSC_CODE_2016,M_15_19_Prvided_unpaid_assist,M_15_19_No_unpad_asst_prvided,M_15_19_Unpaid_assist_ns,M_15_19_Tot,M_20_24_Prvided_unpaid_assist,M_20_24_No_unpad_asst_prvided,M_20_24_Unpaid_assist_ns,M_20_24_Tot,M_25_34_Prvided_unpaid_assist,M_25_34_No_unpad_asst_prvided,M_25_34_Unpaid_assist_ns,M_25_34_Tot,M_35_44_Prvided_unpaid_assist,M_35_44_No_unpad_asst_prvided,M_35_44_Unpaid_assist_ns,M_35_44_Tot,M_45_54_Prvided_unpaid_assist,M_45_54_No_unpad_asst_prvided,M_45_54_Unpaid_assist_ns,M_45_54_Tot,M_55_64_Prvided_unpaid_assist,M_55_64_No_unpad_asst_prvided,M_55_64_Unpaid_assist_ns,M_55_64_Tot,M_65_74_Prvided_unpaid_assist,M_65_74_No_unpad_asst_prvided,M_65_74_Unpaid_assist_ns,M_65_74_Tot,M_75_84_Prvided_unpaid_assist,M_75_84_No_unpad_asst_prvided,M_75_84_Unpaid_assist_ns,M_75_84_Tot,M_85_ov_Prvided_unpaid_assist,M_85_ov_No_unpad_asst_prvided,M_85_ov_Unpaid_assist_ns,M_85_ov_Tot,M_Tot_prvided_unpaid_assist,M_Tot_No_unpaid_asst_prvided,M_Tot_Unpaid_assist_ns,M_Tot_Tot,F_15_19_Prvided_unpaid_assist,F_15_19_No_unpad_asst_prvided,F_15_19_Unpaid_assist_ns,F_15_19_Tot,F_20_24_Prvided_unpaid_assist,F_20_24_No_unpad_asst_prvided,F_20_24_Unpaid_assist_ns,F_20_24_Tot,F_25_34_Prvided_unpaid_assist,F_25_34_No_unpad_asst_prvided,F_25_34_Unpaid_assist_ns,F_25_34_Tot,F_35_44_Prvided_unpaid_assist,F_35_44_No_unpad_asst_prvided,F_35_44_Unpaid_assist_ns,F_35_44_Tot,F_45_54_Prvided_unpaid_assist,F_45_54_No_unpad_asst_prvided,F_45_54_Unpaid_assist_ns,F_45_54_Tot,F_55_64_Prvided_unpaid_assist,F_55_64_No_unpad_asst_prvided,F_55_64_Unpaid_assist_ns,F_55_64_Tot,F_65_74_Prvided_unpaid_assist,F_65_74_No_unpad_asst_prvided,F_65_74_Unpaid_assist_ns,F_65_74_Tot,F_75_84_Prvided_unpaid_assist,F_75_84_No_unpad_asst_prvided,F_75_84_Unpaid_assist_ns,F_75_84_Tot,F_85_ov_Prvided_unpaid_assist,F_85_ov_No_unpad_asst_prvided,F_85_ov_Unpaid_assist_ns,F_85_ov_Tot,F_Tot_prvided_unpaid_assist,F_Tot_No_unpaid_asst_prvided,F_Tot_Unpaid_assist_ns,F_Tot_Tot,P_15_19_Prvided_unpaid_assist,P_15_19_No_unpad_asst_prvided,P_15_19_Unpaid_assist_ns,P_15_19_Tot,P_20_24_Prvided_unpaid_assist,P_20_24_No_unpad_asst_prvided,P_20_24_Unpaid_assist_ns,P_20_24_Tot,P_25_34_Prvided_unpaid_assist,P_25_34_No_unpad_asst_prvided,P_25_34_Unpaid_assist_ns,P_25_34_Tot,P_35_44_Prvided_unpaid_assist,P_35_44_No_unpad_asst_prvided,P_35_44_Unpaid_assist_ns,P_35_44_Tot,P_45_54_Prvided_unpaid_assist,P_45_54_No_unpad_asst_prvided,P_45_54_Unpaid_assist_ns,P_45_54_Tot,P_55_64_Prvided_unpaid_assist,P_55_64_No_unpad_asst_prvided,P_55_64_Unpaid_assist_ns,P_55_64_Tot,P_65_74_Prvided_unpaid_assist,P_65_74_No_unpad_asst_prvided,P_65_74_Unpaid_assist_ns,P_65_74_Tot,P_75_84_Prvided_unpaid_assist,P_75_84_No_unpad_asst_prvided,P_75_84_Unpaid_assist_ns,P_75_84_Tot,P_85_ov_Prvided_unpaid_assist,P_85_ov_No_unpad_asst_prvided,P_85_ov_Unpaid_assist_ns,P_85_ov_Tot,P_Tot_prvided_unpaid_assist,P_Tot_No_unpaid_asst_prvided,P_Tot_Unpaid_assist_ns,P_Tot_Tot
SSC70001,0,19,5,24,0,10,0,15,3,37,11,49,7,46,12,67,3,46,8,60,0,39,9,49,0,15,5,22,0,3,0,3,0,0,0,0,20,219,50,291,0,16,3,16,0,12,3,19,5,29,8,45,5,39,5,52,10,48,11,69,5,31,5,48,3,8,3,19,0,0,0,3,0,0,0,0,28,188,44,255,0,30,10,38,0,25,5,27,9,59,18,92,11,87,21,118,9,96,15,127,6,76,13,97,3,26,13,43,0,4,0,6,0,0,0,0,51,405,95,549
SSC70002,0,0,0,3,0,8,0,13,0,16,0,15,0,14,0,15,0,19,9,28,0,23,5,31,6,22,7,37,0,3,3,8,0,0,0,0,8,108,29,145,0,3,3,9,0,11,0,15,0,8,3,18,0,12,5,11,3,28,0,35,4,12,3,20,3,12,3,15,0,3,3,7,0,3,3,3,19,92,23,138,0,5,5,7,3,18,0,20,4,21,4,32,0,23,3,23,9,47,12,65,5,38,10,54,5,39,7,55,0,9,6,13,0,3,3,5,29,202,53,279
SSC70003,7,59,9,73,8,47,3,56,8,148,20,175,16,135,24,175,16,115,16,147,7,76,8,96,5,83,15,100,3,16,6,24,3,3,4,9,68,675,109,853,3,35,3,42,3,66,9,83,8,143,21,180,21,129,22,173,33,104,14,150,18,82,13,112,5,67,10,84,3,20,12,32,0,3,0,5,99,655,105,863,8,93,16,117,12,109,10,134,16,295,44,353,34,267,49,347,46,217,29,296,24,159,27,207,9,143,29,181,7,32,15,54,0,6,4,13,171,1329,214,1709
SSC70004,0,22,8,25,6,13,0,21,3,32,5,45,4,16,0,22,0,17,7,23,0,13,0,11,0,3,5,6,0,3,0,3,0,3,0,3,18,116,30,164,3,7,3,19,11,22,0,27,3,26,7,36,5,26,3,38,5,18,0,25,3,11,0,14,4,6,0,10,0,0,0,0,0,0,0,0,34,123,15,175,4,29,6,43,16,35,0,50,11,58,13,88,4,43,3,52,5,38,9,55,4,25,0,28,3,5,3,15,0,0,0,0,0,5,0,5,52,240,45,343
SSC70005,0,4,4,3,0,3,3,4,0,20,12,29,0,16,12,25,0,13,21,35,0,16,14,28,0,4,0,9,0,0,0,0,0,0,0,0,10,82,60,149,0,0,0,6,0,5,0,11,3,15,14,31,0,11,11,30,3,14,9,26,0,6,4,17,0,6,5,13,0,3,0,4,0,0,0,0,6,76,48,132,0,4,3,11,0,6,3,14,7,42,18,66,0,31,24,58,3,33,28,66,0,25,17,44,0,15,8,23,0,3,0,3,0,0,0,0,16,153,109,277
SSC70006,3,7,0,10,3,23,0,29,11,34,10,46,3,15,3,22,0,14,0,22,3,13,0,19,0,5,0,5,0,0,0,0,0,0,0,0,22,108,16,154,0,13,3,21,4,9,3,17,4,29,5,39,5,14,3,22,0,21,4,29,3,9,0,12,0,3,0,3,0,0,0,0,0,0,0,0,18,107,19,144,3,26,3,33,8,29,4,44,13,62,15,91,6,32,8,41,3,33,8,47,7,26,0,33,0,7,0,5,0,0,0,0,0,0,0,0,43,213,36,294
SSC70007,0,8,3,8,0,12,10,25,0,73,11,83,0,86,13,104,0,68,12,77,3,39,4,49,0,8,0,5,0,0,0,0,0,0,0,0,12,290,56,358,0,3,8,9,0,14,0,14,3,81,3,83,6,73,11,80,0,40,0,45,4,26,0,24,0,7,0,5,0,0,0,0,0,0,0,0,10,234,27,270,0,12,9,21,0,28,10,36,7,150,17,168,11,160,21,188,3,106,15,125,6,65,4,74,0,13,3,18,0,3,0,3,0,0,0,0,27,527,82,629
SSC70008,7,0,3,11,0,6,10,11,3,14,0,18,0,9,0,9,3,15,0,16,0,5,0,5,0,0,0,3,0,0,0,0,0,0,0,0,10,44,12,73,3,8,3,9,3,6,4,14,0,16,0,11,4,16,0,22,11,17,0,29,0,7,3,9,0,3,0,3,0,0,0,0,0,3,0,3,22,74,11,112,6,6,3,19,3,12,12,29,7,31,0,36,8,23,0,27,13,33,4,51,0,10,3,15,0,5,0,6,0,0,0,0,0,3,0,3,35,121,27,178
SSC70009,0,17,3,17,7,19,0,23,4,22,0,29,0,13,5,21,6,13,5,30,0,3,0,8,3,4,0,6,0,0,0,3,0,0,0,0,30,94,14,138,3,14,3,25,3,22,0,28,3,19,0,29,3,15,0,25,4,13,0,16,4,5,0,13,0,3,0,7,0,0,0,3,0,0,0,0,27,101,12,141,6,29,3,39,12,44,0,54,12,44,0,58,5,31,5,45,14,24,5,48,7,10,0,18,4,6,0,9,5,3,0,5,0,0,0,0,58,193,23,276
SSC70010,0,8,0,8,0,3,0,4,0,16,6,16,3,3,0,9,0,7,0,7,0,8,3,11,0,0,0,0,0,0,0,0,0,0,0,0,3,38,5,46,0,4,0,4,0,3,4,8,0,6,3,7,4,4,0,9,0,7,0,10,0,0,0,3,0,0,0,0,0,0,0,0,0,0,0,0,5,29,5,39,0,13,0,13,0,7,3,11,0,20,4,27,7,11,0,10,0,12,0,11,0,6,3,10,0,0,0,0,0,0,0,0,0,0,0,0,7,64,13,88
SSC70011,5,36,20,61,9,23,8,42,6,35,15,59,10,39,14,57,5,31,8,43,0,9,9,25,3,4,0,12,0,0,0,0,0,0,0,0,36,179,72,290,7,33,24,71,11,23,6,41,14,48,21,78,12,36,12,65,6,31,13,56,3,16,12,31,3,8,0,6,0,0,5,6,0,0,0,0,60,195,97,350,17,72,42,131,14,45,11,81,20,81,33,141,25,76,22,118,11,58,21,98,3,27,25,54,5,11,0,15,0,0,7,4,0,0,0,0,97,377,170,645
SSC70012,0,3,0,3,0,3,0,5,3,13,3,21,0,4,0,3,0,3,0,3,0,8,0,8,0,0,0,0,0,0,0,0,0,0,0,0,4,36,9,42,0,3,0,3,0,0,0,3,0,17,0,18,4,3,0,5,0,3,0,3,0,0,0,0,0,3,0,3,0,0,0,0,0,0,0,0,3,25,3,35,0,3,0,6,3,3,0,6,6,25,7,38,4,6,0,10,0,9,0,9,0,4,0,4,0,3,0,3,0,0,0,0,0,0,0,0,10,62,9,82
SSC70013,9,5,0,16,3,4,0,14,5,20,4,34,7,25,3,38,8,18,0,29,0,16,0,13,0,8,3,18,0,3,0,3,0,0,0,0,35,114,16,162,3,12,3,20,4,5,0,14,9,26,3,37,18,21,3,40,11,17,3,33,5,23,0,25,3,8,0,10,0,7,0,9,0,3,0,3,48,135,14,197,10,21,3,30,7,14,0,27,11,50,8,69,25,47,3,76,20,41,6,64,5,37,0,40,4,18,3,30,0,14,0,12,0,3,0,3,83,249,25,354
SSC70014,3,60,3,69,7,61,7,76,20,132,13,164,20,136,18,164,18,130,15,159,14,118,11,145,9,66,12,85,5,19,0,24,4,0,0,3,89,729,86,896,0,68,4,71,5,61,9,76,23,131,20,167,22,149,13,184,23,132,15,161,30,102,14,144,7,56,5,68,4,17,0,22,0,0,0,0,108,712,75,902,4,128,5,142,9,125,14,147,40,264,36,336,38,280,26,350,38,257,22,325,42,224,26,290,14,122,17,155,11,37,4,45,4,3,0,4,199,1442,158,1799
SSC70015,6,77,12,91,3,59,13,79,4,163,16,185,10,158,11,184,20,154,20,196,8,144,19,171,6,47,3,54,4,18,5,24,0,3,0,3,65,827,99,991,0,58,10,69,4,52,14,68,9,188,20,223,24,171,20,214,27,161,27,211,16,123,20,164,8,50,8,65,0,19,4,18,0,3,4,7,87,829,129,1041,7,139,20,163,3,115,24,141,15,354,37,407,37,332,36,404,47,315,42,409,23,269,39,329,10,99,11,118,3,33,8,49,0,6,3,11,150,1659,222,2028
SSC70016,0,0,0,0,0,0,0,0,0,0,0,0,0,0,0,0,0,0,0,0,0,0,0,0,0,0,0,0,0,0,0,0,0,0,0,0,0,0,0,0,0,0,0,0,0,0,0,0,0,0,0,0,0,0,0,0,0,0,0,0,0,0,0,0,0,0,0,0,0,0,0,0,0,0,0,0,0,0,0,0,0,0,0,0,0,0,0,0,0,0,0,0,0,0,0,0,0,0,0,0,0,0,0,0,0,0,0,0,0,0,0,0,0,0,0,0,0,0,0,0
SSC70017,0,8,0,7,3,3,5,13,4,10,3,14,3,6,0,9,0,3,0,3,0,4,4,13,0,6,0,4,0,0,0,0,0,0,0,0,16,37,16,73,0,0,0,3,7,7,9,20,7,9,0,16,3,7,0,15,4,11,0,10,7,10,0,12,4,3,0,8,0,3,0,0,0,0,0,0,33,46,13,89,3,7,6,15,11,5,11,34,16,17,3,33,13,17,0,29,4,11,0,14,9,15,4,25,6,8,0,15,0,3,0,0,0,0,0,0,47,85,27,161
SSC70018,0,0,0,0,0,0,0,0,0,0,3,3,0,0,3,3,0,0,3,3,0,0,0,0,0,0,0,0,0,0,0,0,0,0,0,0,0,3,11,16,0,0,0,0,0,0,0,0,0,0,0,0,0,0,0,0,0,0,0,3,0,0,0,0,0,0,0,0,0,0,0,0,0,0,0,0,0,3,3,5,0,0,0,0,0,0,0,0,0,0,3,3,0,3,3,9,0,4,3,4,0,0,0,0,0,0,0,0,0,0,0,0,0,0,0,0,0,9,13,19
SSC70019,0,6,6,9,0,0,0,7,3,18,0,18,0,17,6,28,4,16,0,20,0,19,0,17,0,5,0,8,0,0,0,0,0,0,0,0,12,85,8,105,0,4,0,11,0,3,4,7,7,19,3,26,0,14,0,14,3,16,0,14,3,15,3,25,0,8,0,8,0,0,0,0,0,0,0,0,18,82,12,109,3,15,5,19,3,3,4,12,5,34,3,47,0,29,9,43,5,30,0,37,7,30,3,39,0,13,0,18,0,0,0,0,0,0,0,0,31,163,19,215
SSC70020,0,6,0,7,0,8,3,9,3,10,0,10,4,10,3,17,0,9,0,13,0,11,0,11,0,0,0,3,0,0,0,3,0,0,0,0,13,49,10,72,0,8,0,8,3,3,0,9,5,15,0,25,0,11,0,11,3,3,0,9,0,5,0,8,0,4,3,4,0,0,0,0,0,0,0,0,15,57,7,77,0,11,0,15,3,14,3,17,13,27,0,39,4,26,3,29,3,17,0,21,0,13,3,17,0,3,3,11,0,0,0,6,0,0,0,0,22,110,15,146
SSC70021,0,5,3,8,0,9,9,24,0,9,21,33,0,4,6,13,3,8,4,13,0,9,0,7,0,0,0,3,0,4,0,5,0,0,0,0,8,46,51,99,0,4,0,6,0,10,4,13,0,11,13,22,4,9,5,11,0,12,3,19,0,3,3,7,0,7,0,5,0,0,0,0,0,0,0,0,8,47,29,91,0,6,4,14,0,16,19,33,3,22,30,52,3,9,10,27,3,18,6,30,0,14,6,17,0,5,0,8,0,4,0,5,0,0,0,0,9,94,79,187
SSC70022,6,69,10,83,3,105,11,115,12,281,30,322,14,223,22,253,11,180,20,208,8,103,15,126,4,28,6,40,0,10,0,10,0,0,0,0,62,998,107,1172,4,85,3,92,8,112,8,128,26,253,22,298,30,231,26,286,30,164,12,203,21,86,13,120,4,41,3,44,3,18,0,22,0,0,0,0,125,987,90,1202,11,148,15,177,13,211,15,240,36,536,48,626,44,450,46,542,41,346,28,411,29,190,34,250,13,67,12,85,3,31,0,39,0,3,0,4,186,1986,198,2371
SSC70023,0,15,0,16,4,12,3,18,3,32,3,37,0,21,0,20,3,11,0,18,0,6,0,6,0,3,0,4,0,3,0,3,0,0,0,0,10,100,5,116,4,9,0,11,0,13,3,18,6,40,4,50,0,9,0,17,0,22,0,24,0,5,0,12,0,3,0,8,0,0,0,0,0,0,0,0,13,105,15,131,4,19,0,25,0,27,4,32,12,74,5,90,3,34,0,32,3,35,3,37,0,16,0,15,0,12,0,11,0,3,0,3,0,0,0,0,23,208,22,250
SSC70024,0,9,3,18,0,12,3,13,6,17,3,23,3,15,4,25,7,26,14,50,0,25,7,37,3,22,16,39,0,12,0,10,0,0,0,0,15,144,55,212,0,9,0,9,3,7,3,13,6,18,6,27,7,17,13,27,7,28,3,40,6,28,12,35,0,13,4,15,0,0,0,7,0,4,0,4,24,129,34,187,0,24,3,32,3,17,4,28,4,34,10,52,5,31,12,50,14,60,17,93,6,51,19,70,4,37,17,55,0,14,0,11,0,3,0,8,37,268,89,401
SSC70025,0,57,11,65,0,73,21,98,4,160,26,185,4,106,14,124,11,113,11,136,11,71,4,88,4,37,3,39,0,7,0,8,0,3,0,3,39,620,88,749,3,46,3,52,4,42,3,52,7,134,16,160,16,98,14,124,17,103,8,127,17,66,7,89,11,19,0,32,0,7,0,7,0,4,0,4,69,516,52,633,3,100,14,121,3,115,23,148,13,291,39,346,22,204,27,246,25,216,18,260,31,136,9,173,8,58,8,72,0,12,0,12,0,9,0,4,105,1134,142,1381
SSC70026,0,22,8,24,0,27,3,28,9,27,4,40,0,51,6,57,6,69,11,82,4,56,7,68,0,32,3,37,0,15,0,15,0,0,0,3,24,294,40,363,0,22,3,22,0,22,5,28,4,27,4,35,3,54,3,57,4,54,0,67,6,44,7,59,4,24,6,35,3,6,0,11,0,3,0,4,26,258,29,316,0,41,7,47,0,51,7,56,8,58,7,73,3,98,10,116,16,125,13,150,8,99,21,122,9,57,7,72,3,19,0,22,0,0,0,4,49,550,74,675
SSC70027,0,65,6,76,5,84,11,103,21,239,16,275,15,171,11,200,6,93,9,113,4,35,6,52,7,10,0,17,5,7,3,12,0,3,0,4,61,712,71,844,3,52,6,63,9,99,9,112,28,245,23,293,19,166,14,198,11,65,7,84,7,46,6,58,3,29,4,33,3,18,3,23,0,0,0,0,77,711,68,860,4,116,12,136,13,182,16,214,44,483,41,562,29,333,27,395,22,161,19,200,17,81,14,108,10,36,3,53,7,24,7,29,3,3,0,3,143,1423,139,1696
SSC70028,0,12,0,12,0,9,0,8,0,17,3,16,3,11,0,15,5,10,0,12,0,7,0,10,0,3,0,3,0,0,0,0,0,0,0,0,8,63,3,77,0,5,0,3,0,10,0,10,0,10,0,13,0,9,0,10,0,10,0,9,0,3,0,9,0,0,0,0,0,0,0,0,0,0,0,0,8,52,0,59,0,17,0,20,0,18,0,20,0,21,3,24,5,18,0,23,4,21,3,23,3,16,0,15,0,7,0,7,0,0,0,0,0,0,0,0,15,109,8,131
SSC70029,0,53,11,59,3,17,7,27,3,34,4,43,0,33,8,43,4,42,8,58,4,39,16,56,6,20,11,33,0,4,0,5,0,0,0,0,22,248,58,334,0,48,5,58,0,17,0,21,3,27,7,42,3,30,3,41,11,30,9,51,3,25,9,41,3,15,12,24,0,3,0,4,0,0,0,0,26,209,49,280,0,103,19,116,4,38,7,52,10,61,11,89,3,64,16,81,12,78,21,108,8,65,23,98,12,39,20,61,0,9,0,9,0,3,0,3,52,452,113,618
SSC70030,0,18,10,31,0,17,0,18,5,50,10,64,0,56,6,67,6,36,11,61,5,55,8,68,4,23,6,27,0,5,0,7,0,0,0,0,24,268,48,335,0,16,7,25,0,23,3,31,3,39,3,44,6,48,11,69,10,44,7,54,6,27,7,41,4,15,0,24,0,3,0,3,0,0,0,0,37,216,42,290,3,34,17,51,0,41,8,44,10,87,9,109,6,104,19,134,14,82,17,115,13,88,13,110,8,38,4,53,0,10,0,10,0,0,0,3,55,479,89,630
SSC70031,0,18,0,18,0,26,3,31,0,39,4,44,5,22,0,29,4,20,0,22,0,15,3,16,0,6,0,3,0,0,0,0,0,0,0,0,8,152,10,174,0,25,3,26,0,24,0,30,0,45,7,49,7,21,3,27,0,32,3,34,4,10,0,12,0,9,0,9,0,0,0,0,0,0,0,0,12,170,12,189,0,46,3,45,0,53,4,60,0,84,7,96,6,48,7,64,5,50,3,56,6,22,4,27,0,11,0,11,0,0,0,0,0,0,0,0,18,316,26,361
SSC70032,0,0,0,0,0,0,0,0,0,0,0,0,0,0,0,0,0,0,0,0,0,0,0,0,0,0,0,0,0,0,0,0,0,0,0,0,0,0,3,3,0,0,0,0,0,0,0,0,0,0,0,0,0,0,0,0,0,0,0,0,0,0,0,0,0,0,0,0,0,0,0,0,0,0,0,0,0,0,0,3,0,0,0,0,0,0,0,0,0,0,0,0,0,0,0,0,0,0,0,0,0,0,0,0,0,0,0,0,0,0,0,0,0,0,0,0,0,0,3,3
SSC70033,0,4,3,13,0,8,0,9,3,12,4,21,0,8,0,12,3,4,3,10,0,6,0,4,0,0,0,3,0,0,0,0,0,0,0,0,8,42,7,62,0,7,0,11,0,3,0,3,4,9,0,20,4,9,0,15,0,10,0,14,0,3,0,5,0,0,0,3,3,0,0,3,0,0,0,0,13,50,5,70,0,12,5,17,0,7,3,12,9,21,3,35,5,17,0,25,8,11,3,21,0,8,0,10,0,3,0,7,3,0,0,3,0,3,0,3,26,93,16,131
SSC70034,0,0,0,3,0,4,0,6,0,7,4,15,0,3,0,7,0,0,0,5,0,7,7,10,0,0,0,0,0,0,0,3,0,0,0,0,4,36,11,46,0,3,0,3,0,0,0,0,0,9,0,8,0,3,0,3,0,0,5,3,0,6,0,4,0,3,0,3,0,0,0,0,0,0,0,0,0,23,12,30,0,3,4,6,0,5,0,9,0,15,3,19,0,8,0,14,0,3,4,10,0,14,7,18,0,4,0,4,0,0,0,3,0,0,0,0,4,53,24,75
SSC70035,0,0,0,0,0,0,0,0,0,0,0,0,0,0,0,0,0,0,0,0,0,0,0,0,0,0,0,0,0,0,0,0,0,0,0,0,0,0,0,0,0,0,0,0,0,0,0,0,0,0,0,0,0,0,0,0,0,0,0,0,0,0,0,0,0,0,0,0,0,0,0,0,0,0,0,0,0,0,0,0,0,0,0,0,0,0,0,0,0,0,0,0,0,0,0,0,0,0,0,0,0,0,0,0,0,0,0,0,0,0,0,0,0,0,0,0,0,0,0,0
SSC70036,0,0,0,0,0,0,0,0,0,3,0,3,0,5,0,5,0,4,0,7,0,3,0,3,0,0,0,0,0,0,0,0,0,0,0,0,0,11,0,13,0,0,0,0,0,0,0,0,0,0,0,3,0,7,0,7,0,0,0,0,0,0,0,3,0,0,0,0,0,0,0,0,0,0,0,0,0,13,0,16,0,0,3,3,0,0,0,0,0,4,0,3,0,8,0,7,0,4,0,5,0,0,0,3,0,3,0,3,0,0,0,0,0,0,0,0,0,22,7,28
SSC70037,4,35,6,46,0,27,3,32,4,61,6,71,9,46,8,54,4,39,7,45,4,30,3,40,0,21,0,18,0,6,3,9,0,0,0,0,21,263,36,329,0,27,0,36,0,34,8,37,8,49,0,59,8,41,7,59,12,40,3,52,4,21,3,31,0,12,0,15,0,3,0,3,0,0,0,0,37,233,23,294,3,68,12,79,0,62,11,70,12,111,8,132,14,88,13,113,13,79,7,99,13,51,10,71,5,34,0,40,0,13,3,16,0,0,0,0,60,496,58,621
SSC70038,0,0,7,7,0,0,9,9,0,4,0,9,0,0,3,4,0,4,5,11,0,0,0,0,0,0,0,0,0,0,0,0,0,0,0,0,0,12,21,37,0,6,9,13,0,0,3,8,0,3,7,7,0,0,0,3,0,3,3,5,0,0,0,0,0,0,0,0,0,0,0,0,0,0,0,0,0,16,18,33,0,6,13,11,0,0,11,14,0,8,8,14,0,7,0,6,0,10,5,15,0,3,0,3,0,0,0,0,0,3,0,3,0,0,0,0,0,32,36,66
SSC70039,4,88,10,103,4,80,14,102,18,189,37,244,17,154,27,194,15,176,27,219,21,161,23,205,7,71,18,100,0,20,11,32,0,10,0,11,90,952,171,1206,7,81,20,108,8,69,16,94,27,203,36,265,34,155,36,224,34,187,33,251,37,157,27,215,9,65,23,93,3,20,3,27,0,5,7,12,155,954,184,1295,15,174,27,213,12,149,26,193,43,390,76,511,53,309,64,422,52,367,58,469,53,318,51,421,18,140,37,193,5,43,12,60,0,14,3,20,242,1906,354,2504
SSC70040,0,30,9,36,3,69,33,101,5,128,31,164,6,69,10,83,11,44,3,57,6,58,11,71,4,37,8,43,0,9,0,13,0,3,0,3,41,438,101,583,3,35,4,41,4,30,9,48,19,112,22,151,5,55,3,71,9,44,3,62,17,62,6,82,3,31,8,37,0,16,3,20,0,3,0,3,61,383,59,509,3,60,11,76,6,102,46,151,21,236,53,317,15,124,10,152,22,84,7,115,22,118,11,155,7,59,15,84,0,25,3,32,0,3,0,3,105,821,160,1086
SSC70041,0,4,0,4,0,6,0,5,0,6,3,12,0,0,0,0,0,0,0,0,0,0,0,3,0,0,0,0,0,0,0,0,0,0,0,0,0,20,3,28,0,7,0,7,0,5,0,10,0,3,0,3,0,0,0,0,0,0,0,0,0,0,0,0,0,0,0,0,0,0,0,0,0,0,0,0,0,19,0,17,0,5,0,5,0,12,0,14,0,9,3,15,0,0,0,0,0,3,0,3,0,0,0,6,0,0,0,3,0,0,0,0,0,0,0,0,0,37,3,46
SSC70042,0,0,0,0,0,0,0,0,0,0,0,0,0,0,0,0,0,0,0,0,0,0,0,0,0,0,0,0,0,0,0,0,0,0,0,0,0,0,0,0,0,0,0,0,0,0,0,0,0,0,0,0,0,0,0,0,0,0,0,0,0,0,0,0,0,0,0,0,0,0,0,0,0,0,0,0,0,0,0,0,0,0,0,0,0,0,0,0,0,0,0,0,0,0,0,0,0,0,0,0,0,0,0,0,0,0,0,0,0,0,0,0,0,0,0,0,0,0,0,0
SSC70043,0,8,0,8,0,11,0,9,5,33,3,41,0,17,0,18,0,14,4,17,0,3,0,3,0,0,0,0,0,3,0,3,0,0,0,0,9,89,7,106,0,9,0,7,0,4,0,7,4,21,3,30,0,11,0,11,3,17,3,19,0,11,0,11,0,0,0,0,0,0,0,3,0,0,0,0,5,77,6,86,0,18,0,16,3,13,0,14,4,62,3,68,0,31,0,29,0,25,6,38,0,16,0,16,0,3,0,3,0,3,0,3,0,0,0,0,11,163,12,195
SSC70044,0,0,0,0,0,0,0,0,0,0,0,0,0,0,0,4,0,0,0,3,0,7,0,7,0,4,0,4,0,0,0,0,0,0,0,0,0,7,8,16,0,0,0,0,0,0,0,0,0,0,0,0,0,3,0,3,0,0,0,0,0,0,0,0,0,3,4,5,0,0,0,0,0,0,0,0,0,9,6,11,0,0,0,0,0,0,0,0,0,0,0,0,0,3,5,6,0,4,0,3,0,3,0,3,0,5,3,5,0,0,0,0,0,0,0,0,0,14,9,30
SSC70045,0,8,0,8,0,10,44,49,0,10,0,10,0,11,0,8,0,8,0,10,0,4,0,10,0,5,0,8,0,0,0,0,0,0,0,0,7,56,51,110,0,0,19,18,0,4,25,29,0,16,0,16,0,14,0,14,0,8,0,10,3,5,0,12,0,0,0,4,0,0,0,0,0,0,0,0,3,58,38,102,0,13,14,30,0,15,69,78,0,25,0,25,0,22,0,22,0,15,3,25,4,15,0,15,0,7,0,8,0,3,3,4,0,0,0,0,8,116,89,212
SSC70046,0,0,0,0,0,0,0,0,0,0,0,0,0,7,0,7,0,6,0,11,0,10,4,11,0,13,3,15,0,0,0,0,0,0,0,0,3,38,5,47,0,3,0,7,0,0,0,3,0,4,0,4,0,0,0,7,3,7,0,10,3,3,3,8,0,4,0,8,0,0,0,0,0,0,0,0,5,24,4,42,0,4,0,6,0,0,0,3,0,4,0,4,0,10,0,13,4,18,0,17,3,12,4,25,0,22,3,24,0,0,0,0,0,0,0,0,10,65,10,85
SSC70047,0,0,0,0,0,0,0,0,0,0,0,0,0,0,0,0,0,0,0,0,0,0,0,0,0,0,0,0,0,0,0,0,0,0,0,0,0,0,0,0,0,0,0,0,0,0,0,0,0,0,0,0,0,0,0,0,0,0,0,0,0,0,0,0,0,0,0,0,0,0,0,0,0,0,0,0,0,0,0,0,0,0,0,0,0,0,0,0,0,0,0,0,0,0,0,0,0,0,0,0,0,0,0,0,0,0,0,0,0,0,0,0,0,0,0,0,0,0,0,0
SSC70048,0,0,0,0,0,11,0,11,0,5,0,3,0,3,0,3,0,0,0,0,0,0,0,0,0,0,0,0,0,0,0,0,0,0,0,0,0,19,0,23,0,3,0,3,0,5,0,5,0,3,0,0,0,0,0,3,0,4,0,4,0,3,0,3,0,0,0,0,0,0,0,0,0,0,0,0,3,15,0,21,0,0,0,0,0,12,0,12,0,5,0,10,0,4,0,7,0,3,0,3,0,3,0,3,0,3,0,3,0,0,0,0,0,0,0,0,4,34,0,40
SSC70049,0,0,0,0,0,0,0,0,0,0,0,0,0,0,0,0,0,0,0,0,0,0,0,0,0,0,0,0,0,0,0,0,0,0,0,0,0,0,0,0,0,0,0,0,0,0,0,0,0,0,0,0,0,0,0,0,0,0,0,0,0,0,0,0,0,0,0,0,0,0,0,0,0,0,0,0,0,0,0,0,0,0,0,0,0,0,0,0,0,0,0,0,0,0,0,0,0,0,0,0,0,0,0,0,0,0,0,0,0,0,0,0,0,0,0,0,0,0,0,0
SSC70050,4,8,0,7,0,10,0,10,0,10,0,20,0,8,0,9,0,9,15,22,0,4,0,3,0,0,0,0,0,0,0,0,0,0,0,0,6,46,16,73,0,5,0,4,0,4,0,6,3,14,0,14,0,12,0,12,0,4,0,5,0,3,0,5,0,0,0,0,0,0,0,0,0,0,0,0,7,45,4,55,4,10,0,13,3,13,0,16,8,29,3,32,0,22,0,18,3,12,16,28,0,7,0,7,0,0,0,0,0,0,0,0,0,0,0,0,14,93,21,127
SSC70051,0,5,0,8,0,40,17,62,0,55,13,70,0,15,4,22,0,9,0,10,0,4,0,4,0,0,3,3,0,0,0,0,0,0,0,0,8,134,49,187,0,10,3,11,3,26,13,40,0,36,11,45,0,16,6,18,0,3,3,10,0,0,0,0,0,0,0,0,0,0,0,0,0,0,0,0,3,97,27,127,0,17,8,21,3,68,32,104,3,94,22,119,0,34,7,45,0,10,3,15,0,5,0,4,0,3,3,3,0,0,0,0,0,0,0,0,11,232,78,318
SSC70052,0,0,0,0,0,0,0,0,0,0,0,0,0,0,0,0,0,0,0,0,0,0,0,0,0,0,0,0,0,0,0,0,0,0,0,0,0,0,0,0,0,0,0,0,0,0,0,0,0,0,0,3,0,0,0,0,0,0,0,0,0,0,0,0,0,0,0,0,0,0,0,0,0,0,0,0,0,3,0,6,0,0,0,0,0,0,0,0,0,0,0,3,0,0,0,0,0,0,0,0,0,0,0,0,0,0,0,0,0,0,0,0,0,0,0,0,0,0,0,4
SSC70053,0,0,0,0,0,0,0,0,0,0,0,0,0,0,0,0,0,0,0,0,0,0,0,0,0,0,0,0,0,0,0,0,0,0,0,0,0,0,0,0,0,0,0,0,0,0,0,0,0,0,0,0,0,0,0,0,0,0,0,0,0,0,0,0,0,0,0,0,0,0,0,0,0,0,0,0,0,0,0,0,0,0,0,0,0,0,0,0,0,0,0,0,0,0,0,0,0,0,0,0,0,0,0,0,0,0,0,0,0,0,0,0,0,0,0,0,0,0,0,0
SSC70054,0,0,0,0,0,0,0,0,0,0,0,0,0,0,0,0,0,0,0,0,0,0,0,3,0,0,0,3,0,0,0,0,0,0,0,0,0,7,8,8,0,0,3,3,0,0,0,0,0,0,0,0,0,0,0,0,0,0,0,0,0,0,3,0,0,0,0,0,0,0,0,0,0,0,0,0,0,3,4,11,0,0,3,0,0,0,0,0,0,0,0,0,0,0,0,0,0,3,0,3,0,0,4,7,0,0,3,3,0,0,0,0,0,0,0,0,0,9,13,16
SSC70055,0,0,0,0,0,0,0,0,0,0,0,0,0,0,0,0,0,0,0,0,0,0,0,0,0,0,0,0,0,0,0,0,0,0,0,0,0,0,0,0,0,0,0,0,0,0,0,0,0,0,0,0,0,0,0,0,0,0,0,0,0,0,0,0,0,0,0,0,0,0,0,0,0,0,0,0,0,0,0,0,0,0,0,0,0,0,0,0,0,0,0,0,0,0,0,0,0,0,0,0,0,0,0,0,0,0,0,0,0,0,0,0,0,0,0,0,0,0,0,0
SSC70056,0,0,0,5,3,10,0,13,0,36,8,38,0,17,0,18,0,17,3,22,4,19,9,28,0,7,0,7,0,0,0,0,0,0,0,0,10,98,18,130,0,3,0,3,0,5,0,4,4,27,4,33,0,4,0,6,3,17,3,17,4,8,3,17,3,3,0,4,0,0,0,0,0,0,0,0,16,64,9,88,0,3,3,7,4,17,0,16,3,62,6,69,0,19,3,24,3,27,6,41,4,28,7,45,3,10,0,9,0,0,0,0,0,0,0,0,20,166,33,219
SSC70057,0,0,0,0,0,0,0,0,0,0,0,0,0,0,0,0,0,0,0,0,0,0,0,0,0,0,3,3,0,0,0,0,0,0,0,0,0,0,3,5,0,0,0,3,0,0,0,0,0,0,0,0,0,0,0,0,0,0,0,0,0,0,0,0,0,0,0,0,0,0,0,0,0,0,0,0,0,3,0,3,0,0,0,3,0,0,0,0,0,0,0,3,0,0,0,0,0,0,0,0,0,0,0,0,0,0,3,3,0,0,0,0,0,0,0,0,0,3,4,10
SSC70058,0,0,0,0,0,0,0,0,0,0,0,0,0,0,0,0,0,3,0,3,0,0,0,0,0,0,0,0,0,0,0,0,0,0,0,0,0,5,3,10,0,0,0,0,0,0,0,0,0,0,0,0,0,3,0,5,0,5,0,5,0,0,0,0,0,0,0,0,0,0,0,0,0,0,0,0,0,10,0,8,0,0,0,0,0,0,0,0,0,0,0,0,0,3,0,6,0,9,0,9,0,0,0,0,0,0,0,0,0,0,0,0,0,0,0,0,0,15,4,20
SSC70059,3,51,9,63,4,66,16,83,9,297,63,377,19,189,29,240,12,140,24,174,13,131,29,177,9,86,17,115,9,28,6,43,0,7,0,10,77,999,204,1277,0,59,10,69,3,84,13,104,26,297,72,393,19,170,15,208,13,148,26,191,17,113,20,160,8,65,19,91,5,46,12,58,0,14,0,17,95,1001,199,1285,3,109,21,132,4,154,33,187,33,600,132,766,34,359,53,443,27,288,49,367,30,247,53,334,14,151,39,206,16,72,18,105,0,21,3,28,166,2000,396,2565
SSC70060,0,0,0,0,0,0,0,0,0,0,0,0,0,0,0,0,0,0,0,0,0,0,0,0,0,0,0,0,0,0,0,0,0,0,0,0,0,0,0,3,0,0,0,0,0,0,0,0,0,0,0,0,0,0,0,0,0,0,0,0,0,0,0,3,0,0,0,0,0,0,0,0,0,0,0,0,0,0,0,4,0,0,0,0,0,0,0,0,0,0,0,0,0,0,0,0,0,0,0,0,0,0,3,5,0,0,0,0,0,0,0,0,0,0,0,0,0,3,3,4
SSC70061,0,9,0,11,0,12,0,11,0,11,0,15,4,22,3,26,0,30,8,38,4,21,6,31,0,18,7,21,0,8,0,11,0,0,0,0,12,130,31,165,0,10,0,10,0,9,3,8,0,19,0,20,4,16,0,26,5,27,3,35,4,16,6,29,3,8,3,17,0,3,0,9,0,0,0,5,17,115,31,155,0,19,0,26,0,12,5,21,0,34,0,41,8,40,5,53,6,54,11,71,8,38,14,59,3,24,9,42,3,7,3,16,0,0,0,3,27,242,55,324
SSC70062,0,6,0,7,3,38,3,46,0,48,14,62,4,20,6,28,0,19,5,21,0,17,8,30,3,14,4,20,0,3,0,5,0,0,0,0,11,163,44,221,0,21,11,27,3,28,11,43,8,52,6,63,3,14,5,29,5,18,3,28,4,13,3,25,0,15,0,18,0,4,0,4,0,0,0,0,24,163,39,232,0,20,9,30,3,68,13,88,4,96,21,125,10,37,16,57,4,39,5,51,5,37,12,53,3,27,5,36,0,4,0,9,0,0,0,0,35,330,88,455
SSC70063,0,3,0,3,0,0,0,0,0,3,0,3,0,0,0,0,0,0,0,0,0,0,0,0,0,0,0,0,0,0,0,0,0,0,0,0,0,6,4,16,0,0,0,0,0,0,0,0,0,0,0,0,0,0,0,0,0,3,0,3,0,0,0,3,0,0,0,0,0,0,0,0,0,0,0,0,0,4,0,10,0,3,0,3,0,0,0,0,0,3,0,3,0,3,0,3,0,3,0,3,0,0,4,4,0,0,0,0,0,0,0,0,0,0,0,0,0,18,5,22
SSC70064,0,0,0,0,0,0,0,0,0,15,6,17,0,9,0,4,0,3,0,3,0,0,0,0,0,0,0,0,0,0,0,0,0,0,0,0,0,27,6,32,0,0,0,0,0,7,0,7,0,7,3,13,0,3,0,3,0,4,0,4,0,0,0,0,0,0,0,0,0,0,0,0,0,0,0,0,0,20,3,25,0,0,0,0,0,4,0,4,0,21,5,30,0,9,0,9,0,10,0,10,0,0,0,0,0,0,0,0,0,0,0,0,0,0,0,0,3,50,5,58
SSC70065,0,19,8,24,0,20,7,28,4,49,12,60,7,51,12,71,0,74,16,92,3,77,24,97,3,46,9,60,5,10,3,21,0,3,0,3,22,346,91,454,0,26,13,36,0,14,7,24,3,56,10,64,5,61,12,88,12,71,22,100,14,52,17,76,0,33,9,44,0,17,0,18,0,0,0,0,36,334,85,458,0,45,21,68,0,35,13,47,8,99,20,125,10,112,31,156,9,151,38,195,10,131,37,179,4,81,22,101,3,31,3,35,0,6,0,7,56,678,174,908
SSC70066,0,0,3,4,0,0,0,0,0,0,0,0,0,0,0,3,0,0,0,0,0,0,3,3,0,0,0,0,0,0,0,0,0,0,0,0,0,5,6,12,0,0,0,0,0,0,0,0,0,0,0,0,0,0,0,0,0,0,0,0,0,0,0,0,0,0,0,0,0,0,0,0,0,0,0,0,0,0,3,3,0,0,4,6,0,3,0,3,0,0,0,0,0,0,0,3,0,0,0,0,0,0,3,3,0,0,0,0,0,0,0,0,0,0,0,0,0,7,11,12
SSC70067,0,0,0,0,0,0,0,0,0,0,0,0,0,0,0,0,0,0,0,3,0,3,0,3,0,4,0,5,0,0,0,0,0,0,0,0,0,5,4,15,0,0,0,0,0,0,0,0,0,0,0,0,0,0,0,3,0,0,0,0,0,0,0,0,0,0,0,0,0,0,0,0,0,0,0,0,0,6,0,5,0,0,0,0,0,0,0,0,0,0,0,0,0,0,0,3,0,3,0,3,0,0,0,3,0,7,0,3,0,0,0,0,0,0,0,0,3,13,4,15
SSC70068,0,4,0,4,0,12,0,12,0,3,0,3,0,3,0,4,0,3,0,6,0,0,0,0,0,0,0,0,0,0,0,0,0,0,0,0,0,28,3,28,0,0,0,0,0,0,0,0,0,3,0,3,0,0,0,0,0,0,0,0,0,0,0,0,0,0,0,0,0,0,0,0,0,0,0,0,0,10,0,13,0,5,0,5,0,12,0,12,0,7,0,12,0,3,0,4,0,3,0,6,0,6,0,6,0,0,0,0,0,0,0,0,0,0,0,0,0,39,3,37
SSC70069,0,7,0,11,0,5,0,5,3,14,0,20,3,5,5,13,0,7,3,10,0,0,0,3,0,0,0,0,0,0,0,0,0,0,0,0,6,49,15,68,0,9,3,11,0,6,3,9,4,15,3,23,0,10,3,9,0,6,4,14,0,3,0,3,0,0,0,0,0,0,0,0,0,0,0,0,11,45,15,69,0,13,3,16,0,10,3,13,7,31,3,39,3,15,3,24,4,19,10,31,0,6,0,6,0,0,3,3,0,0,0,0,0,0,0,0,19,95,27,141
SSC70070,0,0,0,0,0,0,0,0,0,0,0,0,0,0,0,0,0,0,0,0,0,0,0,0,0,0,0,0,0,0,0,0,0,0,0,0,0,0,0,0,0,0,0,0,0,0,0,0,0,0,0,0,0,0,0,0,0,0,0,0,0,0,0,0,0,0,0,0,0,0,0,0,0,0,0,0,0,0,0,0,0,0,0,0,0,0,0,0,0,0,0,0,0,0,0,0,0,0,0,0,0,0,0,0,0,0,0,0,0,0,0,0,0,0,0,0,0,0,0,0
SSC70071,0,0,0,0,0,0,0,0,0,5,0,11,0,8,3,7,0,8,3,13,0,3,0,8,0,5,0,9,0,4,0,8,0,0,0,0,3,32,9,46,0,0,0,3,0,0,0,4,0,4,4,7,0,9,0,4,0,4,0,9,0,5,0,5,0,4,0,7,0,0,0,0,0,0,0,0,3,32,9,46,0,0,0,3,0,0,0,3,3,16,4,20,0,8,7,15,0,14,5,22,0,8,4,15,0,14,3,16,0,6,0,7,0,0,0,0,7,72,20,97
SSC70072,0,0,0,0,0,0,0,0,0,3,0,3,0,0,0,0,0,0,0,0,0,0,0,3,0,0,0,0,0,0,0,0,0,0,0,0,0,5,0,7,0,0,0,0,0,0,0,0,0,0,0,0,0,0,0,0,0,0,0,0,0,0,0,0,0,0,0,0,0,0,0,0,0,0,0,0,0,4,0,4,0,0,0,0,0,0,0,0,0,3,0,3,0,0,0,0,0,0,0,0,0,3,0,5,0,0,0,0,0,0,0,0,0,0,0,0,0,11,0,9
SSC70073,0,40,7,50,10,254,71,329,32,996,245,1280,27,484,95,599,20,389,93,497,24,311,73,411,7,119,27,151,0,24,5,27,3,6,0,10,120,2608,620,3352,3,56,14,73,3,259,62,332,38,848,177,1057,17,326,66,407,32,242,58,327,33,161,44,240,7,80,23,108,3,19,3,30,0,5,0,8,138,2005,439,2580,3,97,18,121,12,513,132,656,73,1846,422,2334,46,808,158,1007,52,627,146,827,58,473,122,647,20,195,48,263,3,44,14,57,6,15,0,19,258,4615,1059,5929
SSC70074,3,15,3,23,0,5,4,13,3,30,5,41,3,42,9,55,7,58,15,79,3,47,9,56,4,22,5,30,0,6,3,10,0,0,0,0,28,220,53,300,3,10,5,22,0,11,4,12,3,36,7,41,8,35,9,48,11,39,6,53,7,22,0,30,4,15,3,24,0,0,0,0,0,0,0,0,36,166,31,234,3,27,10,43,4,14,11,26,12,64,15,83,6,80,17,108,14,96,20,126,12,66,9,87,13,35,8,55,0,9,3,8,0,0,0,0,57,391,91,537
SSC70075,0,0,0,0,0,0,0,0,0,0,0,0,0,0,0,0,0,0,0,0,0,0,0,0,0,0,0,0,0,0,0,0,0,0,0,0,0,0,3,5,0,0,0,0,0,0,0,0,0,0,0,0,0,0,0,0,0,0,0,0,0,0,0,0,0,0,0,0,0,0,0,0,0,0,0,0,0,0,0,0,0,0,0,0,0,0,0,0,0,0,0,0,0,0,0,0,0,0,0,0,0,0,0,0,0,0,0,0,0,0,0,0,0,0,0,0,0,0,3,5
SSC70076,3,6,3,10,3,9,0,12,4,20,0,23,4,12,0,14,0,7,3,11,0,4,0,5,0,5,0,6,0,0,0,3,0,0,0,0,12,59,9,86,0,0,0,0,0,9,0,11,3,11,3,19,3,6,0,10,0,9,0,9,0,6,0,4,3,3,0,4,0,0,0,0,0,0,0,0,9,43,3,59,3,11,3,9,3,17,0,20,9,29,3,37,6,25,0,30,0,16,3,21,0,11,3,13,3,8,0,12,0,0,0,3,0,0,0,0,19,110,11,145
SSC70077,0,0,0,0,0,3,0,3,0,6,0,7,0,6,0,3,0,0,0,0,0,0,0,0,0,3,0,3,0,0,0,0,0,0,0,0,0,13,3,20,0,0,0,0,0,0,3,4,0,5,0,5,0,0,0,0,0,0,0,0,0,0,0,0,0,3,0,3,0,0,0,0,0,0,0,0,0,15,3,16,0,0,0,0,0,5,4,10,0,7,0,11,0,8,0,8,0,3,0,3,0,0,0,0,0,3,0,3,0,0,0,0,0,0,0,0,0,24,8,36
SSC70078,3,43,7,54,5,28,3,35,3,72,16,94,7,78,9,96,8,113,19,140,13,97,12,124,4,42,6,53,3,18,0,21,0,5,0,4,43,497,77,615,0,31,3,31,0,26,8,29,10,99,17,128,14,92,12,114,7,120,16,143,9,73,12,92,5,31,3,40,7,11,4,17,0,4,3,7,44,482,73,600,7,74,8,85,3,53,8,65,14,177,32,222,23,168,21,207,13,229,35,282,21,169,18,211,9,73,9,86,7,24,5,36,0,9,3,10,84,978,153,1212
SSC70079,0,3,3,4,0,5,3,11,0,36,17,54,3,12,7,23,0,17,8,25,0,14,0,15,0,3,0,10,0,0,0,0,0,0,0,0,3,88,43,142,0,0,0,0,0,4,3,6,0,12,4,15,0,9,4,13,0,3,0,5,3,11,7,14,0,4,0,9,0,0,0,0,0,0,0,0,9,34,18,62,0,3,3,4,0,12,5,17,3,44,21,66,3,22,13,32,0,23,13,32,3,22,7,33,0,12,3,11,0,0,0,0,0,0,0,0,7,128,65,204
SSC70080,9,86,12,108,11,98,25,126,12,200,34,244,18,166,29,218,13,187,25,219,12,117,20,146,3,36,5,48,0,12,0,15,0,0,0,0,77,896,158,1128,4,89,19,108,7,83,21,108,21,204,35,260,37,160,21,222,20,147,21,187,15,86,14,122,3,33,3,47,6,15,3,20,0,0,0,0,113,828,144,1074,12,173,34,216,17,176,40,232,32,401,74,505,56,331,55,438,28,332,45,403,29,205,40,274,9,74,12,92,6,29,4,36,0,0,0,0,186,1717,301,2206
SSC70081,0,0,3,3,0,0,0,0,0,4,0,7,6,4,0,8,3,8,0,17,0,24,0,26,3,25,5,34,0,3,0,3,0,0,0,0,12,79,15,103,0,0,0,3,0,3,0,6,0,7,0,6,3,5,0,14,5,12,0,16,4,13,3,20,3,11,0,21,0,0,0,3,0,0,0,0,15,62,8,85,0,0,3,4,0,3,0,7,0,10,0,14,9,12,0,23,4,23,3,31,9,43,3,50,8,39,8,52,0,4,0,7,0,0,0,0,28,138,23,185
SSC70082,0,0,0,0,0,0,0,0,0,0,0,0,0,3,0,3,0,13,4,18,0,18,3,17,0,13,3,14,0,3,0,3,0,0,0,0,3,47,7,57,0,0,0,0,0,0,0,3,0,0,0,0,0,4,0,4,0,3,0,3,3,9,0,9,0,4,0,4,0,0,0,0,0,0,0,0,3,15,3,25,0,0,0,0,0,0,0,3,0,3,0,3,0,6,0,5,0,13,4,17,3,19,6,26,0,13,3,20,0,3,0,3,0,0,0,0,7,62,14,84
SSC70083,0,0,0,0,0,0,0,0,0,0,0,0,0,9,0,7,0,9,3,10,3,10,3,18,0,6,3,8,0,0,0,0,0,0,0,0,3,33,8,46,0,0,0,0,0,0,0,0,0,0,0,0,0,0,0,0,0,5,0,7,3,0,0,4,0,4,3,7,0,0,0,0,0,0,0,0,3,17,3,17,0,0,0,0,0,0,0,0,0,0,0,3,0,12,0,11,0,7,3,16,6,14,3,20,0,7,3,14,0,0,0,0,0,0,0,0,10,47,9,64
SSC70084,6,78,6,90,3,122,9,133,11,362,42,414,13,252,17,284,9,185,17,213,11,124,9,140,9,40,3,50,0,7,0,10,0,0,0,3,60,1166,108,1336,6,82,4,89,8,105,15,117,21,346,42,413,33,223,12,272,26,180,8,218,19,98,13,133,4,37,11,55,3,9,3,16,0,0,0,0,117,1085,106,1313,12,158,13,182,10,224,25,256,39,710,81,826,47,479,33,561,34,368,25,429,24,222,29,272,14,77,16,103,3,15,7,27,0,6,0,4,181,2251,218,2652
SSC70085,0,0,0,0,0,0,0,3,0,0,0,0,0,0,0,0,0,3,0,3,0,0,0,0,0,0,0,0,0,0,0,0,0,0,0,0,0,6,0,8,0,0,0,0,0,0,0,0,0,0,0,0,0,0,0,0,0,0,0,0,0,0,0,0,0,0,0,0,0,0,0,0,0,0,0,0,0,0,0,0,0,0,0,0,0,0,0,3,0,0,0,0,0,0,0,0,0,3,0,3,0,0,0,0,0,0,0,0,0,0,0,0,0,0,0,0,0,7,0,11
SSC70086,11,34,43,92,7,31,4,47,16,45,3,58,11,54,0,63,15,30,0,44,5,30,0,30,3,9,0,17,0,7,0,10,0,0,0,0,72,242,52,364,22,28,0,55,10,32,6,48,29,38,5,67,24,52,3,74,10,23,0,30,11,22,0,34,5,6,0,14,0,5,0,3,0,0,0,0,115,198,18,332,35,60,43,142,18,60,10,92,42,78,12,126,38,104,3,139,26,49,0,82,13,46,3,67,8,21,0,23,0,7,0,12,0,0,0,0,182,435,72,690
SSC70087,0,0,0,0,0,0,0,0,0,0,0,0,0,0,0,0,0,0,0,0,0,0,0,0,0,0,0,0,0,0,0,0,0,0,0,0,0,6,0,11,0,0,0,0,0,0,0,0,0,3,0,3,0,0,0,0,0,0,0,0,0,0,0,0,0,0,0,0,0,0,0,0,0,0,0,0,0,0,0,3,0,0,0,0,0,0,0,0,0,3,0,3,0,0,0,0,0,3,0,3,0,0,0,0,0,0,0,0,0,0,0,0,0,0,0,0,0,13,0,11
SSC70088,3,81,3,88,4,57,6,73,5,188,35,225,17,156,21,194,14,160,20,190,18,146,23,184,9,78,12,97,4,16,0,23,0,5,0,6,73,894,117,1082,3,56,6,72,3,59,3,63,21,236,46,307,20,196,20,241,30,188,20,235,25,178,26,234,16,75,15,103,4,25,0,28,0,4,3,7,125,1027,148,1296,11,140,14,155,4,121,14,135,35,426,80,538,36,356,39,432,42,353,36,429,39,328,45,415,19,159,25,202,7,42,3,51,0,10,4,17,196,1923,260,2379
SSC70089,0,6,0,4,0,14,4,17,0,66,5,70,0,22,0,22,0,17,3,17,0,6,0,9,0,3,0,3,0,0,0,0,0,0,0,0,0,133,10,146,0,8,0,4,0,13,0,13,0,15,0,18,0,12,0,13,0,5,0,6,0,0,0,0,0,0,0,0,0,0,0,0,0,0,0,0,0,55,4,55,0,11,0,9,0,27,4,33,0,80,3,82,0,35,0,37,0,25,3,24,0,5,0,9,0,3,0,3,0,0,0,0,0,0,0,0,0,186,16,197
SSC70090,0,6,4,4,0,3,3,8,0,14,6,16,0,7,3,10,0,14,10,26,0,6,5,11,0,6,0,10,0,0,0,0,0,0,0,0,0,47,41,90,0,0,0,0,0,3,3,6,0,3,3,3,0,10,7,14,0,14,9,22,0,6,5,14,0,3,3,10,0,0,0,0,0,0,0,0,0,37,34,74,0,6,3,6,0,9,12,19,0,15,9,22,0,12,13,31,0,21,23,44,0,16,10,23,0,7,6,13,0,0,0,0,0,0,0,0,3,80,76,159
SSC70091,7,4,0,10,8,9,0,13,3,14,3,23,10,10,3,21,6,0,0,13,5,4,0,6,3,3,0,7,0,4,0,4,0,0,0,0,32,56,5,99,4,14,3,16,8,5,0,11,8,14,0,26,9,12,0,26,10,11,0,15,3,11,0,18,0,8,0,8,0,0,0,0,0,0,0,0,36,76,5,119,5,19,4,24,14,16,0,27,16,26,3,49,16,25,3,43,13,12,3,26,5,23,0,30,3,13,0,18,0,4,0,3,0,0,0,0,70,132,12,222
SSC70092,0,0,0,0,0,0,0,0,0,0,0,0,0,0,0,0,0,0,0,0,0,0,0,0,0,0,0,0,0,0,0,0,0,0,0,0,0,0,0,0,0,0,0,0,0,0,0,0,0,0,0,0,0,0,0,0,0,0,0,0,0,0,0,0,0,0,0,0,0,0,0,0,0,0,0,0,0,0,0,0,0,0,0,0,0,0,0,0,0,0,0,0,0,0,0,0,0,0,0,0,0,0,0,0,0,0,0,0,0,0,0,0,0,0,0,0,0,0,0,0
SSC70093,0,3,0,3,0,0,0,0,0,3,0,3,0,0,0,0,0,3,0,7,0,4,0,3,0,4,0,4,0,0,0,0,0,0,0,0,3,14,0,23,0,0,0,0,0,0,0,3,0,0,0,0,0,0,0,3,0,0,0,7,0,0,0,0,0,3,0,3,0,0,0,0,0,0,0,0,3,6,7,14,0,3,0,3,0,0,0,3,0,3,0,3,0,0,0,3,3,8,3,11,0,4,0,3,0,7,0,11,0,0,0,0,0,0,0,0,5,24,7,37
SSC70094,0,9,5,18,0,15,0,18,0,14,5,19,0,11,4,16,0,17,8,24,0,15,0,21,0,8,0,9,0,0,0,0,0,0,0,0,7,96,24,120,0,16,0,15,0,15,10,26,0,16,3,22,0,13,3,19,0,10,5,19,0,4,3,8,0,10,0,14,0,3,0,3,0,0,0,0,4,88,24,121,0,22,4,30,0,27,9,39,0,30,10,41,0,29,7,37,3,26,14,44,4,25,3,30,4,17,0,17,0,3,0,3,0,0,0,0,8,186,47,242
SSC70095,0,5,3,7,5,12,0,13,0,3,0,8,0,4,0,3,0,5,0,5,0,6,0,5,0,3,0,3,0,0,0,0,0,0,0,0,3,39,4,49,0,3,0,6,3,5,0,9,4,11,0,10,3,11,0,18,0,6,0,13,0,3,0,3,0,3,0,3,0,0,0,0,0,0,0,0,11,51,5,65,0,7,5,13,4,21,0,23,3,13,0,19,3,12,3,21,0,16,0,18,0,4,0,13,0,5,0,4,0,3,0,3,0,0,0,0,19,90,9,114
SSC70096,0,0,0,0,0,0,0,0,0,0,3,7,0,3,3,3,0,9,0,8,0,7,3,12,0,5,0,7,0,0,3,5,0,0,0,0,3,24,12,39,0,0,0,3,0,0,0,0,0,4,3,10,0,5,4,4,0,4,0,6,0,3,0,6,0,3,0,4,0,0,0,0,0,0,0,0,6,21,6,36,0,5,0,0,0,0,0,0,3,6,3,15,0,5,3,10,3,12,0,13,0,9,3,15,0,8,4,7,0,0,3,5,0,0,0,0,5,48,21,76
SSC70097,0,54,10,59,0,30,9,41,8,181,17,205,8,139,25,176,17,170,18,210,20,134,16,164,13,99,19,136,3,56,6,66,0,17,6,28,77,885,125,1091,0,40,9,49,3,38,3,44,8,193,28,230,23,155,21,195,27,144,19,193,21,111,17,151,19,92,16,127,10,59,3,74,0,43,5,47,111,873,123,1112,0,88,13,109,8,66,13,84,20,374,47,435,30,299,39,371,45,321,40,402,44,241,35,319,33,191,38,260,12,118,10,142,0,64,14,79,189,1758,254,2199
SSC70098,0,34,3,42,3,49,7,58,6,139,16,158,10,105,15,132,3,63,9,78,0,43,0,40,0,24,3,23,0,14,0,14,0,9,0,8,27,479,53,556,0,31,3,36,0,43,7,47,10,131,16,158,13,112,15,139,7,64,5,82,6,21,3,32,4,15,3,19,0,15,0,21,0,5,0,5,46,445,49,541,3,66,9,79,8,93,14,105,21,276,28,320,24,222,27,268,12,131,16,155,9,64,3,70,4,38,4,43,0,28,0,31,0,13,0,12,68,924,103,1101
SSC70099,0,6,0,8,0,6,0,9,8,14,0,18,3,7,0,13,0,7,4,8,0,3,3,6,0,3,0,0,0,0,0,0,0,0,0,0,13,50,11,69,0,5,0,3,0,3,0,6,6,18,0,22,0,5,0,9,3,10,0,13,0,12,3,13,0,0,0,3,0,0,0,0,0,0,0,0,10,52,7,68,0,10,0,14,4,11,0,12,11,34,3,42,6,11,0,17,4,16,4,23,5,14,3,20,0,3,0,7,0,3,0,3,0,0,0,0,26,104,15,139
SSC70100,0,0,0,0,0,0,0,0,0,3,0,4,0,0,0,0,0,5,4,6,0,3,3,9,0,3,3,4,0,3,0,0,0,0,0,0,0,17,13,35,0,0,0,0,0,0,0,0,0,4,0,4,0,0,0,0,0,0,3,7,0,4,0,7,0,4,3,8,0,0,0,0,0,0,0,0,0,11,11,21,0,0,3,3,0,0,0,0,0,5,3,6,0,0,0,0,0,3,12,11,0,7,3,17,0,9,4,11,0,3,0,0,0,0,0,0,0,30,23,50
SSC70101,0,0,0,3,0,5,0,5,0,7,3,10,0,4,0,3,0,14,4,14,0,3,3,9,0,0,0,0,0,0,0,0,0,0,0,0,0,33,9,39,0,3,0,3,0,0,0,0,0,8,0,6,0,8,0,7,0,3,0,5,0,0,0,3,0,3,0,3,0,0,0,0,0,0,0,0,0,20,3,35,0,0,0,8,0,3,0,3,0,8,10,14,0,10,5,13,0,13,4,23,3,3,3,9,0,3,0,3,0,0,0,0,0,0,0,0,3,53,15,72
SSC70102,0,0,3,3,0,0,0,0,0,13,4,14,0,16,6,24,3,8,0,10,0,4,4,8,0,4,0,10,0,0,0,3,0,0,0,0,5,46,16,69,0,8,0,6,0,0,0,0,3,14,3,15,3,4,7,12,0,12,3,14,0,0,0,5,0,6,0,10,0,0,0,0,0,0,0,0,3,44,12,58,0,3,3,11,0,0,0,0,4,20,8,32,4,19,10,34,5,18,3,23,0,7,7,13,0,12,6,13,0,3,0,0,0,0,0,0,14,88,28,128
SSC70103,0,0,0,3,0,3,0,3,0,4,0,5,0,7,8,14,0,6,3,8,0,0,3,6,0,0,0,0,0,0,0,0,0,0,0,0,0,21,12,35,0,0,0,0,0,0,0,0,0,0,0,0,0,0,0,0,0,0,0,0,0,0,0,0,0,0,0,0,0,0,0,0,0,0,0,0,0,3,3,8,0,0,0,3,0,3,0,3,0,7,0,4,0,8,8,17,0,5,3,9,0,0,3,6,0,0,0,0,0,0,0,0,0,0,0,0,0,27,15,44
SSC70104,0,3,0,3,0,4,0,4,0,6,3,9,3,3,0,5,0,3,0,3,0,3,0,3,0,0,0,0,0,0,0,0,0,0,0,0,4,21,8,34,0,3,0,4,0,3,0,4,0,9,0,6,4,7,0,4,0,3,0,3,0,4,3,5,0,0,0,3,0,0,0,0,0,0,0,0,8,26,5,39,3,3,0,8,0,6,0,8,0,11,3,15,5,11,0,17,3,4,3,8,0,3,3,8,0,6,3,3,0,0,0,0,0,0,0,0,14,44,11,74
SSC70105,0,3,0,3,0,0,0,0,0,0,0,0,0,0,0,4,0,0,0,0,0,0,0,0,0,0,0,0,0,0,0,0,0,0,0,0,0,11,5,17,0,0,0,0,0,0,0,0,0,0,0,0,0,0,0,0,0,3,3,6,0,0,3,3,0,0,0,0,0,0,0,0,0,0,0,0,0,3,5,9,0,3,0,3,0,0,0,0,0,0,3,3,0,0,0,4,0,6,3,6,0,0,3,3,0,0,0,0,0,0,0,0,0,0,0,0,0,9,9,25
SSC70106,23,82,9,116,18,69,3,87,49,141,11,195,44,73,10,127,30,80,7,117,10,45,0,60,3,9,0,14,0,4,0,4,0,0,0,0,177,506,34,715,23,85,9,115,24,69,4,94,66,118,14,196,54,87,8,142,38,74,7,124,23,59,8,88,0,15,3,23,0,3,0,3,0,0,0,0,223,510,55,788,48,166,19,233,44,135,5,179,108,258,26,393,91,163,10,271,71,159,14,243,33,100,10,142,4,27,3,36,0,13,0,13,0,0,0,0,401,1020,83,1505
SSC70107,0,7,46,56,0,12,29,49,0,31,59,95,0,23,30,53,0,14,21,37,0,9,10,27,0,4,4,11,0,0,0,0,0,0,0,0,3,110,203,314,0,11,37,45,0,14,32,44,0,38,53,86,4,20,52,78,3,17,22,43,0,14,9,27,0,3,7,9,0,0,3,3,0,0,0,0,11,117,211,336,0,17,80,101,0,22,65,92,3,68,110,184,4,45,83,132,3,32,41,75,0,30,26,52,0,4,12,13,0,0,3,5,0,0,0,0,11,225,413,652
SSC70108,0,0,3,5,0,10,10,13,0,6,4,9,0,5,5,13,0,4,0,7,0,5,0,5,0,3,0,5,0,3,0,3,0,0,0,0,6,39,24,60,0,0,4,3,0,13,6,13,0,6,3,13,0,0,0,0,0,0,0,3,0,8,0,8,0,0,0,0,0,0,0,0,0,0,0,0,3,28,13,44,0,5,4,9,0,18,10,29,3,15,10,19,0,7,3,12,3,4,4,9,0,10,0,10,0,6,0,7,0,3,0,3,0,0,0,0,4,63,33,102
SSC70109,10,121,22,154,11,91,22,121,20,263,64,348,30,247,43,317,31,220,41,285,21,166,25,211,3,75,20,101,8,26,8,33,0,7,0,7,132,1212,244,1583,6,92,17,113,7,110,15,134,36,285,63,387,40,252,43,333,41,256,43,340,34,166,38,236,6,81,20,108,4,35,9,46,0,12,3,16,178,1285,245,1711,15,209,41,266,11,200,39,251,63,553,126,741,74,497,83,654,75,472,82,627,52,328,64,447,9,151,39,202,11,61,14,84,0,16,3,20,303,2497,487,3296
SSC70110,0,56,5,63,0,55,5,63,0,71,7,77,13,111,9,135,16,143,14,174,14,84,15,113,5,46,8,54,0,5,0,6,0,0,0,0,47,579,64,689,8,44,4,58,3,24,0,33,3,63,4,74,16,127,12,154,23,115,18,154,6,64,4,77,0,17,0,21,0,3,3,5,0,0,0,0,68,466,51,581,9,101,12,123,3,85,3,90,3,135,13,155,29,241,26,294,38,255,33,321,22,148,19,188,6,68,7,80,0,11,3,13,0,0,0,0,106,1050,111,1268
SSC70111,0,0,0,0,0,0,0,0,0,0,0,0,0,0,0,0,0,0,0,0,0,0,0,0,0,0,0,0,0,0,0,0,0,0,0,0,0,0,0,0,0,0,0,0,0,0,0,0,0,0,0,0,0,0,0,0,0,0,0,0,0,0,0,0,0,0,0,0,0,0,0,0,0,0,0,0,0,0,0,0,0,0,0,0,0,0,0,0,0,0,0,0,0,0,0,0,0,0,0,0,0,0,0,0,0,0,0,0,0,0,0,0,0,0,0,0,0,0,0,0
SSC70112,7,82,24,109,9,84,15,105,17,208,38,255,17,188,26,228,16,197,33,247,20,123,25,173,7,64,21,89,0,21,10,34,0,5,0,11,87,972,195,1256,11,65,26,105,8,82,17,109,21,210,49,281,41,177,43,266,22,145,28,200,17,118,24,163,11,58,19,90,0,24,3,25,0,5,7,12,142,893,212,1246,13,146,52,213,11,164,34,217,39,413,82,540,61,368,65,492,37,346,62,446,32,245,55,329,25,121,39,180,3,44,16,65,3,14,6,25,224,1866,413,2498
SSC70113,0,6,0,5,0,0,0,4,0,4,0,4,0,7,0,7,0,3,0,3,0,7,0,5,0,0,0,3,0,0,0,0,0,0,0,0,0,26,3,28,0,0,0,3,3,0,0,4,0,3,4,6,0,0,0,0,0,4,0,4,0,3,0,3,0,0,0,0,0,0,0,0,0,0,0,0,4,15,9,21,0,8,0,12,3,0,0,5,0,5,3,12,0,6,0,11,0,8,0,8,0,8,0,6,0,0,0,3,0,0,0,0,0,0,0,0,8,37,11,56
SSC70114,0,0,0,0,0,0,0,0,0,0,0,0,0,0,0,0,0,0,0,0,0,0,0,0,0,0,0,0,0,0,0,0,0,0,0,0,0,0,0,3,0,0,0,0,0,0,0,0,0,0,0,0,0,0,0,0,0,0,0,0,0,0,0,0,0,0,0,0,0,0,0,0,0,0,0,0,0,0,0,3,0,0,0,0,0,0,0,0,0,0,0,0,0,0,0,0,0,0,0,0,0,0,0,0,0,0,0,0,0,0,0,0,0,0,0,0,0,3,0,3
SSC70115,0,52,9,62,7,41,0,49,11,73,11,98,14,50,12,80,3,44,30,78,6,20,10,40,4,7,0,8,0,0,0,0,0,0,0,0,41,297,77,415,11,53,8,63,0,48,3,50,9,90,11,109,13,62,16,91,12,56,34,97,5,22,6,38,3,3,0,7,0,4,0,4,0,0,0,0,56,331,76,459,12,99,18,128,11,90,3,98,20,168,22,203,26,110,26,167,14,99,65,180,12,44,14,74,4,13,3,17,0,4,0,4,0,0,0,0,94,625,154,876
SSC70116,3,57,8,75,8,89,9,104,5,230,17,252,10,199,25,238,20,141,19,181,5,93,11,107,3,25,0,31,0,12,0,12,0,0,0,3,54,857,82,994,5,71,17,86,3,85,5,94,16,223,13,256,21,186,18,226,23,129,9,160,17,87,13,117,6,30,0,35,0,8,0,11,0,0,0,0,88,823,76,987,9,129,21,159,11,175,10,201,26,459,32,510,34,390,42,460,40,268,28,333,22,186,19,227,10,56,3,65,0,21,0,24,0,3,0,3,147,1679,161,1983
SSC70117,0,0,0,0,0,0,0,0,0,0,0,0,0,0,0,0,0,0,0,0,0,3,0,3,0,0,0,0,0,0,0,0,0,0,0,0,0,3,0,3,0,0,0,0,0,0,0,0,0,0,0,0,0,0,0,0,0,0,0,0,0,0,0,0,0,0,0,0,0,0,0,0,0,0,0,0,0,0,0,0,0,0,0,0,0,0,0,0,0,0,0,0,0,0,0,0,0,0,0,0,0,3,0,3,0,0,0,0,0,0,0,0,0,0,0,0,0,4,0,4
SSC70118,4,6,0,12,3,6,3,9,7,14,4,25,3,8,0,14,0,3,0,8,5,5,3,17,0,6,0,5,0,0,0,0,0,0,0,0,25,51,8,90,3,9,3,12,3,8,0,15,12,17,0,26,7,5,0,13,3,12,0,11,0,9,0,7,0,3,0,3,0,0,0,0,0,0,0,0,27,60,6,97,5,17,3,23,4,10,3,25,24,26,7,55,11,18,0,26,3,10,4,15,4,17,3,27,0,9,0,9,0,0,0,0,0,0,0,0,55,115,14,183
SSC70119,0,3,0,3,0,0,0,0,0,0,4,6,0,0,0,0,0,0,0,0,0,0,0,0,0,0,0,0,0,0,0,0,0,0,0,0,0,5,4,9,0,0,0,0,0,0,0,3,0,0,0,0,0,0,0,0,0,0,0,0,0,0,0,0,0,0,0,0,0,0,0,0,0,0,0,0,0,3,3,6,0,3,0,5,0,3,0,3,0,3,4,3,0,0,0,0,0,0,0,0,0,0,0,0,0,0,0,0,0,0,0,0,0,0,0,0,0,7,5,19
SSC70120,0,10,3,13,0,0,0,0,5,4,0,13,6,7,3,8,0,5,3,10,0,0,0,0,0,0,0,0,0,0,0,0,0,0,0,0,11,28,5,51,0,3,0,9,0,0,0,0,3,5,3,11,3,13,0,13,3,4,0,6,0,3,0,3,0,3,0,3,0,0,0,0,0,0,0,0,10,33,3,52,0,14,3,19,0,0,0,3,13,11,3,27,5,20,3,24,3,11,5,16,0,4,0,3,0,3,0,3,0,0,0,0,0,0,0,0,26,67,11,98
SSC70121,0,0,3,0,0,0,16,19,0,4,3,3,0,0,0,3,0,0,3,3,0,3,0,0,0,0,0,0,0,0,0,0,0,0,0,0,0,14,24,40,0,0,0,0,0,0,10,12,3,0,0,3,0,7,0,7,0,5,0,3,0,0,0,0,0,0,0,0,0,4,0,4,0,0,0,0,3,16,13,29,0,0,3,0,0,4,29,35,3,4,5,8,0,7,0,11,0,3,0,5,0,4,0,4,0,0,0,6,0,7,0,7,0,0,0,0,3,31,41,73
SSC70122,0,6,0,4,0,7,0,6,3,13,4,21,0,11,3,13,0,3,3,10,0,8,0,13,0,3,0,4,0,0,0,0,0,0,0,0,10,49,13,72,0,3,0,3,0,0,0,0,3,8,8,19,3,8,0,10,0,9,0,13,0,6,0,9,0,0,0,0,0,0,0,0,0,0,0,0,11,29,11,49,0,8,0,11,0,7,0,6,7,23,9,39,3,14,3,17,3,9,6,20,3,14,0,15,4,4,0,8,0,0,0,0,0,0,0,0,15,81,20,118
SSC70123,3,37,12,55,0,26,3,31,8,106,20,132,6,119,23,155,14,122,19,161,4,68,13,83,3,29,4,40,0,13,3,16,0,0,0,0,39,531,99,668,0,28,5,41,0,31,4,40,8,115,19,139,17,112,17,145,14,111,11,138,5,61,10,74,3,25,9,35,0,6,0,11,0,0,0,0,44,500,81,630,9,71,22,95,0,60,12,71,16,220,38,269,29,237,42,297,27,241,35,301,6,135,24,159,3,59,12,79,0,24,3,27,0,0,0,0,85,1029,181,1298
SSC70124,3,24,3,32,3,21,0,23,12,24,11,45,5,21,0,24,7,19,22,48,3,18,3,19,0,3,0,5,0,0,0,0,0,0,0,0,34,125,39,199,3,10,0,21,0,21,0,30,18,31,10,61,8,35,3,48,13,22,37,68,0,18,4,27,0,6,0,12,4,0,0,3,0,0,0,0,48,157,53,258,13,35,5,52,7,41,0,53,26,56,17,103,12,56,3,75,14,44,55,112,5,33,5,43,0,13,0,15,4,0,0,3,0,0,0,0,82,287,92,457
SSC70125,0,0,0,0,0,0,0,0,0,0,0,0,0,0,0,0,0,0,0,0,0,0,0,0,0,0,0,0,0,0,0,0,0,0,0,0,0,0,0,0,0,0,0,0,0,0,0,0,0,0,0,0,0,0,0,0,0,0,0,0,0,0,0,0,0,0,0,0,0,0,0,0,0,0,0,0,0,0,0,0,0,0,0,0,0,0,0,0,0,0,0,0,0,0,0,0,0,0,0,0,0,0,0,0,0,0,0,0,0,0,0,0,0,0,0,0,0,0,0,0
SSC70126,0,0,0,0,0,0,0,0,0,0,0,0,0,0,0,0,0,0,0,0,0,0,0,0,0,0,0,0,0,0,0,0,0,0,0,0,0,0,0,0,0,0,0,0,0,0,0,0,0,0,0,0,0,0,0,0,0,0,0,0,0,0,0,0,0,0,0,0,0,0,0,0,0,0,0,0,0,0,0,0,0,0,0,0,0,0,0,0,0,0,0,0,0,0,0,0,0,0,0,0,0,0,0,0,0,0,0,0,0,0,0,0,0,0,0,0,0,0,0,0
SSC70127,0,63,27,87,4,261,164,426,3,147,350,497,3,40,232,268,5,33,147,180,0,22,46,66,0,10,4,17,0,3,0,3,0,0,0,0,8,573,954,1544,0,7,0,6,0,39,14,50,3,27,24,54,0,15,24,38,4,12,14,38,0,21,9,26,0,3,3,10,0,0,0,0,0,0,0,3,6,120,94,226,0,70,24,96,4,297,175,477,3,172,374,555,3,47,254,310,7,50,164,220,0,37,55,92,0,10,9,24,0,3,0,3,0,0,0,3,17,694,1054,1766
SSC70128,0,0,0,0,0,0,0,0,0,0,0,0,0,0,0,0,0,0,0,0,0,0,0,0,0,0,0,0,0,0,0,0,0,0,0,0,0,0,0,0,0,0,0,0,0,0,0,0,0,0,0,0,0,0,0,0,0,0,0,0,0,0,0,0,0,0,0,0,0,0,0,0,0,0,0,0,0,0,0,0,0,0,0,0,0,0,0,0,0,0,0,0,0,0,0,0,0,0,0,0,0,0,0,0,0,0,0,0,0,0,0,0,0,0,0,0,0,0,0,0
SSC70129,3,86,31,120,3,111,58,172,21,387,381,791,19,385,358,765,32,398,282,712,33,290,136,460,18,134,44,198,0,36,8,52,0,11,3,11,131,1837,1300,3274,7,59,19,86,4,64,9,78,21,123,22,161,23,161,29,220,49,221,48,312,42,189,35,266,19,84,23,121,3,21,3,29,0,6,3,11,160,932,190,1290,12,146,46,203,8,179,66,251,35,507,408,956,46,548,392,981,79,621,325,1022,73,481,169,731,42,215,62,321,5,56,10,79,0,14,5,21,294,2773,1490,4559
SSC70130,0,3,19,30,0,10,91,99,0,6,211,218,0,11,145,160,0,13,67,76,0,12,29,47,0,7,4,8,0,5,3,5,0,0,0,0,5,58,572,637,0,3,5,9,0,7,13,18,0,6,31,40,0,5,30,32,3,14,10,28,0,12,13,31,0,9,0,9,0,0,0,3,0,0,0,0,8,56,98,164,0,14,25,36,3,14,100,116,3,13,244,254,0,20,173,197,3,21,80,104,0,30,40,75,3,10,4,14,0,8,6,8,0,0,0,0,11,119,670,798
SSC70131,0,3,0,3,0,0,0,0,0,0,0,0,0,4,0,6,0,7,0,6,0,5,0,5,0,3,0,6,0,0,0,0,0,0,0,0,0,26,4,26,0,0,0,0,0,0,0,0,0,3,0,9,0,3,0,3,0,4,0,6,4,3,3,10,0,0,0,0,0,3,0,3,0,0,0,0,3,22,5,34,0,3,0,4,0,4,0,4,0,4,0,11,0,7,0,7,0,8,3,15,4,10,3,9,0,9,0,6,0,3,0,3,0,0,0,0,4,48,10,60
SSC70132,9,125,41,174,5,92,21,121,22,227,37,286,24,257,42,321,26,321,57,409,20,221,38,278,19,118,38,178,3,18,3,30,0,4,0,6,130,1389,280,1799,0,97,21,124,8,82,16,106,21,225,35,284,40,240,46,326,35,278,53,369,37,163,45,244,10,95,25,127,0,30,3,34,0,4,3,12,154,1228,248,1626,10,224,67,295,16,177,34,231,41,459,70,572,58,500,93,649,63,601,107,777,55,386,87,525,30,216,59,305,3,46,9,62,0,10,5,17,287,2617,528,3428
SSC70133,0,14,0,20,0,9,3,12,0,14,9,17,5,22,3,24,5,37,16,59,4,32,10,43,0,9,5,17,0,3,0,3,0,0,0,0,14,142,43,197,0,7,3,18,3,8,3,14,3,16,3,24,3,20,6,28,8,42,10,54,8,23,14,45,0,4,0,4,0,3,0,5,0,0,0,0,23,131,38,189,0,27,3,35,3,25,4,30,3,28,12,38,13,38,6,55,13,76,25,118,8,52,24,90,0,15,5,22,0,8,0,7,0,0,0,0,37,273,84,389
SSC70134,0,3,0,3,0,8,14,18,0,12,5,14,0,7,0,7,0,3,0,6,0,9,0,9,0,0,0,0,0,0,0,0,0,0,0,0,0,38,18,51,0,0,0,5,0,0,18,21,0,13,0,13,0,6,0,4,0,4,0,7,0,7,0,6,0,4,0,3,0,0,0,0,0,0,0,0,6,31,27,60,0,3,0,4,0,8,35,40,0,21,5,30,0,13,0,14,3,3,0,7,0,10,0,12,0,4,0,3,0,0,0,0,0,0,0,0,10,65,45,117
SSC70135,0,0,0,0,0,0,0,0,0,0,0,0,0,0,0,0,0,0,0,0,0,0,0,0,0,0,0,0,0,0,0,0,0,0,0,0,0,0,0,0,0,0,0,0,0,0,0,0,0,0,0,0,0,0,0,0,0,0,0,0,0,0,0,0,0,0,0,0,0,0,0,0,0,0,0,0,0,0,0,0,0,0,0,0,0,0,0,0,0,0,0,0,0,0,0,0,0,0,0,0,0,0,0,0,0,0,0,0,0,0,0,0,0,0,0,0,0,0,0,0
SSC70136,0,12,7,27,0,27,10,38,8,62,13,86,12,82,13,110,7,71,29,110,0,46,13,65,0,9,5,14,0,4,0,4,0,0,0,0,27,321,94,446,0,11,8,17,0,15,7,28,4,76,22,102,7,68,7,86,5,58,22,86,3,29,9,41,0,6,12,19,0,0,0,3,0,0,0,0,29,274,85,380,0,23,12,41,3,43,17,65,11,145,34,188,18,153,23,194,13,130,53,195,6,78,28,107,0,17,16,27,0,9,0,6,0,0,0,0,50,591,182,821
SSC70137,0,5,7,19,0,11,0,11,0,11,4,19,5,15,8,20,3,16,3,16,0,4,0,3,0,0,0,0,0,0,0,0,0,0,0,0,7,60,23,90,0,7,4,22,0,9,0,12,6,16,4,20,4,17,3,24,5,15,3,20,0,8,0,12,0,3,0,3,0,0,0,0,0,0,0,0,18,77,20,116,5,18,18,40,0,19,0,24,8,21,10,35,7,35,11,51,9,26,8,37,3,8,0,13,0,3,0,3,0,0,0,3,0,0,0,0,27,138,44,206
SSC70138,0,46,9,47,0,40,3,52,9,73,15,91,15,136,12,163,3,113,12,136,4,63,9,81,8,59,5,68,7,23,0,34,0,3,0,3,50,553,65,673,4,41,7,54,4,26,7,34,11,94,13,122,10,118,10,141,19,113,20,155,10,77,12,103,22,36,12,70,0,19,4,24,0,4,0,4,84,532,85,701,3,87,15,101,3,73,12,89,21,168,24,212,30,249,22,297,28,228,36,290,17,140,26,180,30,94,11,138,7,43,7,50,0,10,0,10,135,1086,149,1371
SSC70139,3,32,7,36,4,120,12,137,14,240,26,275,11,131,10,160,6,50,8,62,0,19,3,26,0,10,3,8,0,0,0,0,0,0,0,0,39,605,67,712,3,32,13,48,3,116,16,137,16,227,22,264,16,137,18,176,10,51,0,62,3,25,7,39,0,13,0,9,0,0,0,0,0,0,0,0,52,599,79,729,3,69,13,85,7,234,30,274,33,466,47,546,32,268,30,330,13,103,6,123,3,49,8,63,0,14,5,24,0,0,0,0,0,0,0,0,98,1208,142,1445
SSC70140,3,12,3,15,0,13,7,19,0,25,3,29,0,22,8,29,0,20,8,31,0,11,5,12,0,3,0,3,0,0,0,0,0,0,0,0,8,96,30,138,0,11,0,12,0,8,5,15,4,18,11,33,3,8,3,15,8,12,5,22,0,7,0,11,0,3,0,9,0,0,0,0,0,0,0,0,22,72,24,117,3,18,7,26,3,16,8,31,4,43,16,62,4,31,8,39,9,35,8,57,0,12,3,20,3,5,3,15,0,0,0,0,0,3,0,3,32,171,47,250
SSC70141,0,8,8,14,4,7,0,15,3,16,7,29,3,9,0,16,0,12,5,16,4,11,3,14,0,3,0,3,0,3,0,3,0,0,0,0,12,70,23,104,3,3,3,8,7,14,5,23,3,15,10,32,5,12,3,20,8,14,3,27,3,11,0,8,0,4,0,7,0,3,0,3,0,0,0,0,24,80,25,128,3,14,12,21,8,21,5,37,8,32,15,56,3,22,3,33,10,25,8,43,3,14,3,25,0,6,0,13,0,8,0,6,0,0,0,0,37,148,47,230
SSC70142,0,5,19,25,0,8,5,15,0,23,6,24,3,16,14,33,0,23,3,28,5,11,6,24,0,3,0,3,0,4,0,3,0,0,0,0,11,101,48,157,0,11,15,24,0,14,3,21,3,18,5,30,3,17,10,31,3,17,5,24,0,9,0,9,0,7,4,16,0,7,0,8,0,0,0,0,19,99,50,165,0,17,35,54,0,26,9,39,3,40,9,59,9,32,20,65,4,41,13,53,3,20,6,35,3,9,4,18,0,8,3,11,0,0,0,0,30,202,98,323
SSC70143,10,150,32,203,14,136,18,170,15,283,61,361,35,276,42,351,27,235,43,307,26,232,41,299,13,102,20,135,4,21,0,28,3,5,0,11,148,1448,258,1859,12,125,30,172,10,114,31,146,32,321,70,421,58,270,46,368,60,234,52,341,37,220,41,300,22,78,12,113,5,37,8,47,0,13,3,13,237,1408,291,1938,27,280,65,373,25,248,49,323,55,599,127,781,90,544,86,717,83,473,93,654,60,451,79,592,38,178,31,247,9,61,11,79,3,17,3,27,386,2855,551,3793
SSC70144,0,23,9,27,7,36,13,51,0,108,42,153,8,58,18,80,3,73,24,101,12,64,19,95,0,41,17,62,0,17,6,26,0,10,0,6,31,430,153,619,3,24,7,37,4,44,20,70,7,97,39,140,12,57,17,82,15,88,35,131,12,73,17,91,0,27,3,27,0,16,7,24,0,8,3,9,45,427,149,617,0,42,13,63,8,84,29,119,6,204,84,300,18,117,29,165,19,162,58,233,17,132,40,187,3,70,22,94,0,33,16,45,0,16,8,20,78,857,302,1230
SSC70145,4,86,45,142,3,75,19,93,17,198,54,265,18,153,44,209,27,135,49,210,9,89,26,123,3,59,18,87,4,18,11,28,0,0,0,3,83,819,255,1158,4,68,26,102,13,65,16,89,26,213,55,295,24,160,46,227,17,124,45,187,11,104,34,145,7,44,23,74,0,15,4,18,0,0,0,3,100,797,246,1144,13,158,74,239,13,137,34,183,40,413,107,560,39,309,86,429,44,261,94,405,18,196,58,266,8,109,41,153,3,29,12,47,0,3,3,5,182,1611,502,2297
SSC70146,0,19,16,40,4,34,9,41,3,86,36,130,4,60,17,78,3,69,29,97,0,86,49,136,0,53,21,75,0,12,13,22,0,0,8,9,17,402,197,621,0,23,10,37,3,36,10,54,12,84,47,142,13,64,31,114,12,78,35,120,0,55,28,83,3,34,9,41,0,5,8,16,0,0,3,3,48,380,179,611,3,43,28,73,7,68,26,100,20,176,84,270,18,122,52,191,11,144,58,219,0,136,73,214,6,82,30,115,0,14,22,39,0,0,7,6,64,785,378,1231
SSC70147,0,5,0,4,0,11,0,16,0,8,0,10,3,6,0,11,3,17,0,17,0,12,3,18,0,24,0,25,0,15,6,25,0,7,0,9,6,106,14,126,0,3,3,5,0,10,0,8,0,14,6,18,3,11,0,16,0,10,0,18,0,13,0,16,0,31,0,33,0,36,6,38,0,25,3,31,11,154,15,184,0,9,0,9,0,16,0,23,4,25,5,34,6,21,3,22,4,26,4,31,0,28,3,30,0,52,5,56,0,51,9,65,0,35,3,42,19,255,28,309
SSC70148,3,9,5,13,9,6,0,16,6,16,0,22,6,18,0,22,3,7,13,22,3,10,0,13,0,6,0,7,0,0,0,0,0,0,0,0,30,71,19,125,0,7,12,22,5,17,0,22,15,25,0,39,9,23,6,37,7,13,7,23,3,22,8,32,3,4,0,9,0,0,0,3,0,0,0,0,42,107,29,180,7,12,18,37,17,22,0,35,21,39,0,66,15,35,7,58,9,18,18,45,9,30,8,41,3,12,0,15,0,4,0,4,0,0,0,0,75,184,46,306
SSC70149,0,9,3,12,0,14,0,23,3,29,0,29,0,19,0,25,0,18,9,25,3,26,4,29,3,13,4,22,0,0,0,0,0,4,0,3,10,131,26,169,0,17,3,23,5,13,0,21,0,27,3,35,3,16,5,27,9,23,0,26,7,15,3,28,3,12,0,12,0,3,0,4,0,0,0,0,23,121,29,168,0,25,6,33,7,35,0,36,6,51,4,61,3,35,10,50,10,40,10,53,7,41,12,63,3,22,5,35,0,3,0,5,0,3,0,7,35,256,52,339
SSC70150,0,0,0,0,0,0,0,0,0,0,0,0,0,0,0,0,0,0,0,0,0,0,0,0,0,0,0,0,0,0,0,0,0,0,0,0,0,0,0,0,0,0,0,0,0,0,0,0,0,0,0,0,0,0,0,0,0,0,0,0,0,0,0,0,0,0,0,0,0,0,0,0,0,0,0,0,0,0,0,0,0,0,0,0,0,0,0,0,0,0,0,0,0,0,0,0,0,0,0,0,0,0,0,0,0,0,0,0,0,0,0,0,0,0,0,0,0,0,0,0
SSC70151,0,0,0,3,0,0,0,5,3,5,0,11,0,3,0,4,3,7,0,9,0,0,0,3,0,0,0,0,0,0,0,0,0,0,0,0,12,17,3,34,0,0,0,4,0,0,0,0,7,3,0,10,6,7,0,14,5,0,0,6,0,3,0,5,3,0,0,0,0,3,0,3,0,0,0,0,20,16,4,42,3,3,0,3,0,0,0,5,9,9,0,19,6,12,0,14,3,10,0,17,0,3,0,5,3,0,0,3,0,4,0,4,0,0,0,0,34,37,4,73
SSC70152,3,13,18,38,3,14,0,21,10,36,0,45,9,27,0,37,0,22,3,31,3,14,3,16,0,4,0,4,0,0,0,0,0,0,0,0,23,134,28,186,3,19,6,22,5,12,0,18,10,38,3,54,9,29,0,36,11,23,5,37,8,7,0,18,8,3,0,8,0,3,0,3,0,0,0,0,41,139,13,199,3,34,25,60,6,32,0,38,22,75,5,101,16,59,3,71,12,53,3,67,9,24,5,33,8,4,0,14,0,3,0,3,0,0,0,0,68,272,40,387
SSC70153,0,0,0,0,0,0,0,0,0,3,0,3,0,3,3,5,0,10,0,11,0,10,0,11,0,9,3,15,0,0,0,0,0,0,0,0,0,36,14,44,0,0,0,0,0,0,0,0,0,3,0,5,0,6,0,6,0,4,0,6,3,3,4,12,0,4,4,13,0,0,0,0,0,0,0,0,3,21,13,38,0,0,0,0,0,3,0,5,0,5,0,8,0,5,3,10,0,14,0,11,3,16,10,20,0,14,5,26,0,0,0,0,0,0,0,0,4,59,21,86
SSC70154,0,0,0,0,0,3,0,3,0,0,0,0,0,0,0,0,0,0,0,0,0,0,0,0,0,0,0,0,0,0,0,0,0,0,0,0,0,3,0,4,0,0,0,0,0,0,0,0,0,0,0,0,0,0,0,0,0,0,0,0,0,0,0,0,0,0,0,0,0,0,0,0,0,0,0,0,0,0,0,0,0,0,0,0,0,3,0,3,0,0,0,0,0,0,0,0,0,0,0,0,0,0,0,0,0,0,0,0,0,0,0,0,0,0,0,0,0,5,0,5
SSC70155,0,10,11,20,0,4,0,12,0,17,0,18,0,20,9,24,0,28,3,33,3,12,11,26,0,17,3,21,0,7,0,7,0,0,0,0,7,113,38,155,0,4,3,5,0,5,0,5,3,12,0,14,3,15,5,23,0,26,8,32,3,9,4,18,0,16,0,15,0,3,0,3,0,0,0,0,11,92,19,121,0,16,7,24,0,7,0,11,3,25,0,32,5,37,12,48,0,56,10,69,7,28,11,44,0,30,4,34,0,10,0,10,0,0,0,0,16,205,55,282
SSC70156,0,7,12,21,0,13,5,13,0,19,6,32,0,19,14,32,4,23,15,43,3,23,16,47,0,10,8,25,0,11,4,17,0,0,0,0,11,120,86,215,0,4,4,11,0,4,5,9,0,20,13,30,0,16,5,29,3,15,17,40,3,12,15,33,3,7,7,19,0,7,3,7,0,0,0,0,19,89,77,185,0,16,12,31,0,18,13,28,0,40,22,61,3,35,20,60,7,35,37,82,6,40,35,76,3,20,20,44,0,15,6,22,0,0,0,0,27,211,163,404
SSC70157,0,5,0,7,0,16,0,16,0,18,0,19,0,10,0,10,0,6,0,12,0,5,0,5,0,0,0,0,0,5,0,5,0,0,0,0,3,63,3,70,0,3,0,4,4,16,0,20,4,13,3,19,3,15,6,15,0,11,0,12,0,8,0,9,0,0,0,0,0,0,0,0,0,0,0,0,8,67,18,95,0,10,3,11,4,27,0,28,5,36,4,44,3,24,6,29,0,16,5,19,0,13,0,15,0,5,0,5,0,3,0,3,0,0,0,0,8,132,21,162
SSC70158,0,65,15,83,0,56,12,64,14,121,16,149,16,130,25,175,16,130,18,156,3,97,22,119,0,28,10,43,0,7,0,7,0,0,0,0,50,639,115,807,0,45,8,53,3,48,3,56,25,127,30,184,18,144,18,184,25,141,17,187,22,80,20,118,3,36,12,50,0,24,0,25,0,4,0,6,99,650,113,864,5,111,20,137,0,101,18,120,37,250,48,330,33,277,48,357,39,269,38,342,25,177,40,242,6,62,22,91,0,32,0,36,3,3,0,8,155,1286,230,1665
SSC70159,0,47,15,59,4,131,43,183,11,402,121,534,16,244,56,320,13,247,34,292,6,174,23,210,9,96,17,126,3,41,8,50,0,11,3,16,72,1399,315,1787,0,47,14,63,8,101,23,128,23,395,63,471,14,196,30,238,19,192,16,226,15,143,11,172,10,66,11,86,3,17,5,29,0,8,0,8,87,1162,175,1426,0,101,27,124,7,235,66,312,34,799,179,1013,30,442,78,556,36,435,52,518,25,322,38,380,19,162,31,210,3,61,11,71,0,20,3,22,157,2564,490,3207
SSC70160,0,0,0,0,0,0,0,0,0,4,3,3,0,0,0,3,0,0,0,0,0,7,0,3,0,3,0,3,0,0,0,0,0,0,0,0,0,12,8,21,0,0,0,3,0,0,3,3,0,0,0,3,0,0,0,3,0,0,0,4,0,0,0,3,0,0,0,3,0,0,0,0,0,0,0,0,0,6,10,17,0,0,0,3,0,0,3,3,0,4,3,4,0,3,5,3,0,0,0,3,0,5,3,8,0,3,0,9,0,3,0,3,0,0,0,0,0,22,16,36
SSC70161,8,120,22,147,6,140,11,158,12,295,36,348,38,267,22,333,35,272,25,326,30,235,37,298,16,153,14,175,6,44,9,56,0,5,0,3,146,1528,177,1852,5,106,13,121,9,101,9,118,30,291,35,359,46,276,28,350,65,258,35,360,44,238,30,307,20,118,9,146,5,52,10,69,0,7,3,10,219,1459,170,1844,11,227,33,269,15,237,26,277,44,594,68,704,78,547,58,685,94,533,57,683,72,471,63,610,29,273,21,325,14,92,15,125,0,11,3,18,360,2984,348,3693
SSC70162,0,0,0,0,0,0,0,0,0,3,0,3,0,0,0,0,0,4,4,8,0,14,0,16,0,13,7,17,0,3,0,3,0,0,0,0,0,37,12,53,0,0,0,0,0,0,0,0,0,0,0,3,0,3,0,0,0,4,0,7,0,11,3,15,0,9,3,13,0,3,0,3,0,0,0,0,0,33,12,47,0,0,0,0,0,0,0,0,0,5,0,5,0,5,0,7,0,10,5,14,0,24,3,29,0,24,7,33,0,4,3,10,0,0,0,0,0,76,20,94
SSC70163,0,0,3,3,0,0,0,0,0,5,0,6,0,0,0,4,0,0,0,0,0,0,0,3,0,0,0,0,0,0,0,0,0,0,0,0,4,10,3,15,0,0,0,0,0,0,0,0,0,0,0,0,0,0,0,3,0,0,3,8,0,0,0,0,0,0,0,0,0,0,0,0,0,0,0,0,0,11,4,15,0,0,3,3,0,0,0,0,0,7,0,6,0,0,3,3,0,5,3,3,0,0,0,3,0,4,0,4,0,0,0,0,0,0,0,0,3,14,7,26
SSC70164,0,0,3,3,0,0,0,0,0,0,0,0,0,0,0,0,0,0,3,3,0,3,0,3,0,7,0,7,0,0,0,0,0,0,0,0,0,11,5,15,0,0,0,0,0,0,0,0,0,3,0,4,0,3,4,8,0,0,3,0,0,3,0,3,0,0,0,0,0,0,0,0,0,0,0,0,3,11,10,16,0,0,5,5,0,0,0,0,0,3,0,4,0,8,4,5,0,0,4,7,0,3,0,5,0,7,0,8,0,0,0,0,0,0,0,0,3,21,10,34
SSC70165,0,12,14,24,0,7,3,13,0,14,6,21,0,28,7,37,0,31,11,41,3,25,3,27,0,12,6,18,0,0,0,4,0,0,0,0,6,138,47,193,0,12,3,22,0,13,4,23,0,17,5,30,4,24,4,33,3,22,4,30,4,22,7,34,0,0,0,3,0,0,3,4,0,0,0,0,16,117,44,174,0,28,17,48,0,21,10,29,4,33,14,49,4,50,16,73,3,52,14,69,7,49,8,67,0,20,5,24,0,3,3,5,0,0,0,0,20,259,89,367
SSC70166,0,0,0,0,0,8,0,9,0,15,0,16,0,14,0,11,0,9,0,11,0,10,0,11,0,0,0,3,0,0,0,0,0,0,0,0,4,50,4,64,0,4,0,3,0,9,0,9,4,15,0,15,0,17,0,13,3,3,0,7,0,3,0,7,0,0,3,4,0,0,0,0,0,0,0,0,4,49,3,58,0,3,0,6,0,15,0,20,4,26,0,31,3,26,0,25,4,14,3,18,0,12,0,15,0,3,5,3,0,0,0,0,0,0,0,0,8,97,13,119
SSC70167,6,51,10,69,7,33,13,50,4,116,34,149,9,90,18,126,17,94,15,129,5,72,8,85,6,41,5,56,0,20,4,30,0,3,0,3,56,522,113,696,4,47,12,59,7,26,9,42,13,126,21,161,13,106,19,141,20,92,18,127,15,66,6,89,5,51,15,70,3,16,4,22,0,0,0,0,80,531,96,712,10,95,22,132,15,63,23,93,17,239,53,310,26,196,34,259,32,185,30,254,16,133,19,169,12,92,20,133,3,37,12,46,0,3,0,7,143,1056,210,1404
SSC70168,0,68,9,81,7,64,0,70,13,178,19,204,15,184,19,214,13,118,17,147,4,46,3,50,3,15,0,24,0,4,0,6,0,0,0,0,62,676,61,795,8,67,12,87,3,68,4,80,19,199,10,223,22,173,15,205,16,103,13,128,4,38,9,53,10,18,0,29,0,7,0,9,0,0,0,0,74,674,61,817,11,139,16,167,12,130,7,148,27,373,26,433,36,355,26,417,27,218,29,275,7,87,8,98,13,38,3,55,0,13,0,17,0,0,0,0,139,1350,124,1612
SSC70169,10,72,17,99,5,57,9,69,10,181,40,226,13,186,27,219,25,155,15,189,11,164,21,199,6,79,24,105,3,23,3,25,0,4,0,11,71,921,148,1148,8,73,16,102,10,75,13,99,19,178,40,237,21,169,28,220,41,160,25,227,25,137,27,195,8,60,17,88,4,26,6,31,0,7,0,6,143,886,172,1204,16,151,31,201,16,130,24,167,31,361,74,466,31,357,57,445,66,313,38,416,38,306,50,391,13,141,33,192,4,44,11,60,0,12,3,15,217,1811,321,2350
SSC70170,0,0,0,0,0,0,0,0,0,0,0,0,0,0,0,0,0,0,0,0,0,0,0,0,0,0,0,0,0,0,0,0,0,0,0,0,0,0,0,3,0,0,0,0,0,0,0,0,0,0,0,3,0,0,0,0,0,0,0,0,0,0,0,0,0,0,0,0,0,0,0,0,0,0,0,0,0,0,0,3,0,0,0,0,0,0,0,0,0,0,3,3,0,0,0,0,0,0,0,0,0,0,0,0,0,0,0,0,0,0,0,0,0,0,0,0,0,3,3,7
SSC70171,0,0,0,0,0,0,0,0,0,0,0,0,0,0,0,0,0,0,0,0,0,0,0,0,0,0,0,0,0,0,0,0,0,0,0,0,0,0,0,0,0,0,0,0,0,0,0,0,0,0,0,0,0,0,0,0,0,0,0,0,0,0,0,0,0,0,0,0,0,0,0,0,0,0,0,0,0,0,0,0,0,0,0,0,0,0,0,0,0,0,0,0,0,0,0,0,0,0,0,0,0,0,0,0,0,0,0,0,0,0,0,0,0,0,0,0,0,0,0,0
SSC70172,10,61,11,87,12,90,18,116,37,165,21,222,29,107,91,224,15,87,16,119,10,52,11,71,0,9,3,16,0,3,0,4,0,0,0,0,115,581,170,865,8,68,8,90,24,92,10,126,39,136,28,209,26,90,66,191,14,83,24,126,8,59,8,76,0,7,0,10,0,3,3,11,0,3,0,3,132,545,153,831,24,130,24,182,36,179,27,238,80,298,51,432,54,206,158,412,34,170,35,244,17,110,14,147,0,17,4,25,7,6,4,9,0,3,0,3,249,1126,323,1694
SSC70173,0,3,0,4,0,0,0,0,0,6,0,6,0,9,0,10,3,7,0,4,0,4,0,10,0,0,0,0,0,0,0,0,0,0,0,0,7,31,4,40,0,0,0,0,0,0,0,0,0,4,0,5,0,5,0,11,3,4,0,5,0,0,0,5,0,0,0,0,0,0,0,0,0,0,0,0,7,20,3,27,0,3,0,4,0,3,0,4,0,14,0,12,3,13,0,17,7,6,0,11,8,13,0,19,0,0,0,0,0,0,0,0,0,0,0,0,14,49,5,66
SSC70174,0,0,0,0,0,0,0,0,0,0,0,0,0,0,0,0,0,0,0,0,0,0,0,0,0,0,0,0,0,0,0,0,0,0,0,0,0,0,0,0,0,0,0,0,0,0,0,0,0,0,0,0,0,0,0,0,0,0,0,0,0,0,0,0,0,0,0,0,0,0,0,0,0,0,0,0,0,0,0,0,0,0,0,0,0,0,0,0,0,0,0,0,0,0,0,0,0,0,0,0,0,0,0,0,0,0,0,0,0,0,0,0,0,0,0,0,0,0,0,0
SSC70175,0,0,0,0,0,0,0,0,0,0,0,0,0,0,0,0,0,0,0,0,0,0,0,0,0,0,0,0,0,0,0,0,0,0,0,0,0,0,0,3,0,0,0,0,0,0,0,0,0,0,0,0,0,0,0,0,0,0,0,4,0,0,0,0,0,0,0,0,0,0,0,0,0,0,0,0,0,4,0,5,0,0,0,0,0,0,0,0,0,0,0,0,0,0,0,0,0,0,0,4,0,0,0,0,0,0,0,0,0,0,0,0,0,0,0,0,0,6,3,10
SSC70176,0,17,0,16,0,22,3,28,0,27,7,34,0,55,5,65,7,66,9,79,4,40,4,54,0,10,4,18,0,3,0,4,0,0,0,0,18,245,34,293,0,19,0,19,0,13,0,15,5,31,0,40,6,44,3,52,13,50,0,61,5,30,3,41,4,8,3,11,0,5,0,7,0,0,0,0,36,199,18,252,0,31,0,35,0,33,3,36,5,65,12,78,7,103,7,115,21,116,11,137,15,70,12,97,4,20,8,27,0,7,0,13,0,3,0,3,49,447,54,545
SSC70177,0,11,10,19,0,10,7,15,0,20,10,27,0,38,6,42,11,42,13,57,4,43,4,49,0,20,4,18,0,4,4,12,0,0,0,0,21,177,48,242,0,8,4,12,3,3,0,8,3,21,6,29,8,20,9,30,3,32,5,43,5,9,0,14,0,8,4,14,0,4,0,4,0,0,0,0,21,107,26,147,0,18,11,26,3,10,5,19,3,37,8,51,8,56,12,78,10,66,18,100,8,50,6,67,0,26,6,32,0,8,4,14,0,0,0,0,41,282,73,390
SSC70178,3,33,9,49,0,40,15,57,8,100,25,129,4,93,17,112,5,96,17,121,11,118,13,144,5,67,9,76,0,21,3,21,0,7,0,7,38,573,108,719,0,26,3,36,3,27,9,35,3,95,16,116,14,84,0,99,25,86,15,119,13,98,12,124,3,60,9,69,0,11,0,13,0,5,0,5,61,489,63,615,3,58,13,82,3,67,20,97,11,193,46,244,13,177,24,213,28,178,32,241,26,214,22,267,9,127,13,150,3,32,3,41,0,8,0,8,98,1062,174,1333
SSC70179,0,8,0,3,0,11,9,18,0,14,10,17,3,15,9,28,3,20,8,32,0,27,13,35,0,17,11,26,0,3,5,10,0,0,0,0,8,106,56,170,0,3,0,5,0,3,0,3,0,9,3,17,3,9,9,20,0,24,10,30,0,17,10,32,0,7,10,19,0,8,0,8,0,0,0,0,4,90,43,129,0,6,3,14,0,15,9,21,0,21,10,29,3,24,18,44,3,46,19,66,0,44,28,70,4,22,18,41,0,7,5,15,0,0,0,0,12,195,98,302
SSC70180,0,7,4,12,0,14,3,15,0,26,3,28,3,23,4,28,0,27,6,37,0,18,3,22,0,13,0,17,0,0,0,3,0,0,0,0,9,143,24,171,0,4,3,11,0,6,0,12,0,5,3,9,0,3,0,8,0,11,0,11,0,24,3,26,0,9,4,16,0,0,0,0,0,0,0,0,7,70,16,93,0,14,6,24,0,22,5,23,4,33,3,40,4,31,4,39,0,43,6,46,0,43,5,49,5,24,5,38,0,0,0,3,0,0,0,0,13,210,34,261
SSC70181,0,27,5,32,0,18,0,22,8,25,4,35,6,59,9,71,0,45,4,54,3,41,9,55,0,29,9,38,0,9,5,17,0,0,0,0,22,256,46,322,0,15,8,23,0,9,0,9,4,35,10,48,6,59,10,76,6,36,6,46,3,28,4,41,3,17,6,29,5,10,3,13,0,3,3,3,29,205,46,278,6,38,6,52,0,30,0,28,9,57,16,78,20,117,18,148,7,81,13,97,7,69,14,94,4,46,15,66,3,16,8,34,0,3,3,3,53,460,90,606
SSC70182,0,0,3,3,0,0,9,9,0,0,0,0,0,0,0,0,0,0,0,0,0,0,0,0,0,0,0,0,0,0,0,0,0,0,0,0,0,0,16,16,0,0,8,8,0,0,0,0,0,0,0,0,0,0,0,0,0,0,0,0,0,0,0,0,0,0,0,0,0,0,0,0,0,0,0,0,0,3,8,17,0,0,12,12,0,0,9,9,0,0,0,0,0,0,0,0,0,3,0,3,0,0,0,0,0,0,0,0,0,0,0,0,0,0,0,0,0,6,24,30
SSC70183,0,0,0,0,0,0,0,0,0,0,0,0,0,0,0,0,0,0,0,0,0,0,0,0,0,0,0,0,0,0,0,0,0,0,0,0,0,0,0,0,0,0,0,0,0,0,0,0,0,0,0,0,0,0,0,0,0,0,0,0,0,0,0,0,0,0,0,0,0,0,0,0,0,0,0,0,0,0,0,0,0,0,0,0,0,0,0,0,0,0,0,0,0,0,0,0,0,0,0,0,0,0,0,0,0,0,0,0,0,0,0,0,0,0,0,0,0,0,0,0
SSC70184,0,0,0,0,0,4,0,4,0,7,0,11,0,3,0,3,0,7,0,6,0,0,0,3,0,3,0,3,0,0,0,0,0,0,0,0,0,26,3,37,0,0,0,0,0,0,0,0,0,3,0,3,0,0,0,0,0,3,0,4,0,0,0,0,0,5,0,5,0,0,0,0,0,0,0,0,0,14,3,16,0,0,0,0,0,4,0,4,0,11,0,13,0,4,0,4,0,11,3,12,3,0,0,9,0,10,0,10,0,0,0,0,0,0,0,0,3,43,6,53
SSC70185,0,24,0,24,3,19,0,23,0,23,0,24,0,34,0,34,0,27,0,30,3,17,0,20,0,3,0,3,0,0,0,0,0,0,0,0,6,133,3,146,0,18,0,17,0,18,0,21,0,27,0,28,3,20,0,21,0,33,0,30,0,16,0,16,0,4,0,3,0,3,0,3,0,0,0,0,5,144,0,148,0,40,0,41,3,37,0,40,3,51,0,56,3,51,0,53,0,57,0,60,3,33,0,40,0,9,0,6,0,3,0,3,0,0,0,0,13,275,8,295
SSC70186,28,46,4,73,27,38,0,59,53,61,0,111,27,58,3,91,24,39,0,68,16,20,0,35,7,9,0,12,0,0,0,0,0,0,0,0,183,264,3,460,20,35,3,62,17,25,0,44,54,45,3,100,53,44,0,99,39,30,0,67,17,25,0,43,0,9,0,15,0,3,0,3,0,0,0,0,207,221,11,436,51,77,3,136,43,64,0,104,105,102,6,214,86,106,3,193,65,68,0,134,33,41,0,78,8,17,0,30,0,5,0,5,0,0,0,0,391,487,13,893
SSC70187,4,55,9,68,3,56,12,74,9,225,43,276,16,158,27,206,20,137,22,177,10,102,17,131,9,58,8,75,3,35,11,48,0,0,0,3,80,829,150,1056,3,49,13,65,3,56,13,74,10,207,25,239,26,166,26,210,23,142,18,183,16,90,23,131,12,67,11,88,0,33,3,34,0,8,0,4,101,809,130,1040,3,104,24,129,13,111,23,152,21,427,68,518,45,326,48,420,40,278,42,357,30,199,32,263,15,119,27,165,8,66,11,83,3,8,0,7,180,1637,280,2093
SSC70188,0,0,3,3,0,0,12,12,0,0,8,8,0,0,10,11,0,0,10,10,0,0,4,4,0,0,7,7,0,0,0,0,0,0,0,0,0,0,55,55,0,0,7,7,0,0,4,9,0,0,16,16,0,0,11,12,0,0,11,11,0,0,3,3,0,0,0,0,0,0,0,0,0,0,0,0,0,0,54,51,0,0,16,16,0,0,14,18,0,0,24,24,0,0,21,18,0,0,17,17,0,0,8,8,0,0,7,7,0,0,0,0,0,0,0,0,0,4,108,108
SSC70189,3,22,7,31,3,12,6,22,11,37,12,59,5,18,7,28,5,16,0,17,0,17,4,21,0,6,0,10,0,0,0,0,0,0,0,0,29,125,27,188,3,21,5,34,7,17,3,26,9,48,10,64,15,14,3,33,3,22,3,29,5,13,3,19,0,0,0,0,0,0,0,3,0,0,0,0,44,131,26,198,8,40,12,59,15,26,7,49,23,84,15,125,18,39,10,60,6,34,9,45,3,25,5,39,3,6,0,11,0,3,0,0,0,0,0,0,79,254,59,388
SSC70190,3,10,0,13,0,6,0,7,5,19,0,21,0,11,0,11,3,12,0,13,3,3,0,6,0,8,0,11,0,0,0,0,0,0,0,0,16,65,4,83,0,7,0,8,0,7,0,8,3,13,0,20,3,10,3,19,3,6,0,7,3,8,0,13,0,3,0,3,0,0,0,0,0,0,0,0,15,58,5,82,3,22,0,24,0,15,0,16,7,32,0,41,3,24,3,33,7,18,0,20,7,7,0,18,0,10,0,13,0,0,0,0,0,0,0,0,27,129,13,164
SSC70191,0,0,0,0,0,0,0,0,0,0,0,0,0,0,0,0,0,0,0,0,0,0,0,0,0,0,0,0,0,0,0,0,0,0,0,0,0,0,0,0,0,0,0,0,0,0,0,0,0,0,0,0,0,0,0,0,0,0,0,0,0,0,0,0,0,0,0,0,0,0,0,0,0,0,0,0,0,0,0,0,0,0,0,0,0,0,0,0,0,0,0,0,0,0,0,0,0,0,0,0,0,0,0,0,0,0,0,0,0,0,0,0,0,0,0,0,0,0,0,0
SSC70192,3,75,11,91,3,45,6,52,9,110,10,127,18,124,22,161,10,111,22,136,11,100,8,121,13,60,19,85,3,17,8,34,0,0,0,3,64,636,100,804,6,57,7,69,3,36,3,39,8,108,14,135,22,125,19,169,17,110,7,128,12,82,20,117,13,41,12,72,4,14,5,23,0,3,0,4,84,576,97,753,13,125,24,159,3,80,6,92,20,218,27,259,38,248,38,329,23,217,29,270,25,181,24,231,27,102,32,153,6,34,15,54,0,3,0,9,151,1210,200,1559
SSC70193,7,86,26,127,3,75,10,95,14,158,36,200,25,155,34,213,27,142,29,200,6,109,21,138,3,57,15,79,10,8,4,20,0,0,0,0,96,786,181,1063,7,82,24,111,3,67,15,86,24,186,35,247,33,155,26,215,22,134,25,181,16,110,22,141,9,56,15,86,3,16,3,21,0,8,3,6,114,815,165,1096,17,167,53,230,8,145,26,177,35,344,72,449,54,310,57,423,55,280,53,382,25,210,42,281,12,113,31,162,12,25,5,42,0,8,3,6,214,1598,342,2156
SSC70194,0,0,0,0,0,0,0,0,0,0,3,3,0,5,0,5,0,0,0,0,0,0,0,3,0,0,0,0,0,0,0,0,0,0,0,0,0,10,0,14,0,0,0,0,0,0,0,3,0,4,0,6,0,5,0,5,0,0,0,0,0,3,0,3,0,0,0,0,0,0,0,0,0,0,0,0,0,12,3,12,0,0,0,0,0,0,0,3,0,5,4,6,0,7,0,7,0,0,0,0,0,3,0,3,0,0,0,0,0,0,0,0,0,0,0,0,3,22,7,26
SSC70195,0,16,3,21,0,5,0,5,0,42,8,52,0,43,3,52,0,35,6,36,0,28,7,40,0,3,0,5,0,0,0,0,0,0,0,0,3,178,31,212,0,12,6,10,0,12,5,15,0,55,14,70,0,35,5,42,4,24,3,33,0,20,3,21,0,4,0,4,0,3,0,3,0,0,0,0,4,162,40,214,0,24,7,30,0,18,5,25,3,101,21,126,0,78,16,93,3,59,8,73,3,51,5,61,0,7,0,11,0,6,0,4,0,0,0,0,10,344,73,421
SSC70196,3,8,0,11,0,4,0,4,4,8,0,7,8,13,3,20,3,10,0,11,3,0,0,3,0,3,0,3,0,0,0,0,0,0,0,0,16,45,3,60,3,4,0,10,0,3,0,3,8,11,0,11,8,6,6,19,0,4,0,12,0,3,0,0,0,3,0,5,0,0,0,0,0,0,0,0,22,40,9,63,3,15,0,16,0,8,0,8,9,11,0,23,9,20,10,38,3,16,0,25,3,3,0,4,0,3,0,4,0,0,0,0,0,0,0,0,35,80,10,126
SSC70197,0,0,0,0,0,0,0,0,3,3,0,6,0,3,0,4,0,6,0,10,0,4,0,10,0,4,0,4,0,0,0,0,0,0,0,0,7,24,3,37,0,0,0,0,0,0,0,3,0,3,0,6,3,3,0,8,0,3,0,10,0,7,0,7,0,0,0,0,0,0,0,0,0,0,0,0,6,13,6,25,0,4,0,6,0,3,0,5,3,9,5,11,0,7,0,11,5,6,3,16,0,13,0,10,0,4,0,4,0,0,0,0,0,0,0,0,11,39,9,63
SSC70198,0,44,7,54,0,81,11,89,19,274,29,321,19,172,13,207,10,102,8,119,0,40,0,40,0,6,0,8,0,0,0,0,0,0,0,0,55,724,63,841,3,33,3,39,4,93,11,113,24,296,29,341,18,161,9,191,10,85,5,102,3,36,0,37,0,9,0,4,0,3,0,7,0,0,0,0,63,714,59,833,3,79,4,93,6,172,22,201,44,569,57,661,41,333,22,398,19,185,18,220,3,73,0,78,0,17,0,16,0,6,0,8,0,0,0,0,117,1431,129,1673
SSC70199,0,0,0,0,0,0,0,0,0,0,0,0,0,0,0,0,0,0,0,0,0,0,0,0,0,0,0,0,0,0,0,0,0,0,0,0,0,0,0,0,0,0,0,0,0,0,0,0,0,0,0,0,0,0,0,0,0,0,0,0,0,0,0,0,0,0,0,0,0,0,0,0,0,0,0,0,0,0,0,0,0,0,0,0,0,0,0,0,0,0,0,0,0,0,0,0,0,0,0,0,0,0,0,0,0,0,0,0,0,0,0,0,0,0,0,0,0,0,0,0
SSC70200,3,6,4,15,3,9,10,19,4,12,17,29,6,9,3,17,3,9,3,22,0,10,4,13,0,7,0,6,0,4,0,4,0,0,0,0,20,68,41,124,3,5,0,7,7,7,26,36,3,19,4,24,4,16,5,32,3,10,3,19,0,10,0,12,0,3,0,6,0,5,0,5,0,0,0,0,21,79,42,143,3,13,8,21,7,13,32,57,4,32,19,56,10,27,14,49,5,23,8,39,3,16,6,26,3,12,0,12,0,3,0,3,0,0,0,0,36,141,84,264
SSC70201,10,58,3,67,3,59,5,69,10,137,16,168,10,136,20,166,14,105,17,138,16,76,21,108,10,63,9,80,0,31,4,34,0,3,0,4,70,668,86,829,6,48,4,57,3,50,3,54,16,112,15,146,14,121,10,152,22,101,8,131,22,73,18,109,14,55,11,82,3,13,3,23,0,5,0,5,94,584,74,754,13,104,10,129,11,102,11,123,24,254,35,309,30,256,31,314,32,210,26,266,32,147,37,218,22,118,15,155,3,47,3,59,0,7,0,7,165,1253,162,1584
SSC70202,0,0,38,35,0,0,31,31,0,3,0,3,0,0,0,4,0,0,0,0,0,0,0,3,0,0,0,0,0,0,0,0,0,0,0,0,3,9,69,79,0,0,61,67,0,0,0,0,3,0,0,4,0,0,0,0,0,3,5,7,0,0,0,0,0,0,0,0,0,0,0,0,0,0,0,0,8,9,65,81,4,0,100,105,0,0,31,36,3,3,3,13,0,3,0,5,0,3,5,7,0,5,0,3,0,3,0,3,0,0,0,0,0,0,0,0,7,12,140,162
SSC70203,0,7,3,10,4,8,0,20,0,19,0,22,0,18,0,15,0,4,4,10,3,15,4,19,0,3,0,3,0,0,0,0,0,0,0,0,10,78,19,106,4,6,0,13,0,18,0,20,0,24,4,27,6,15,3,21,3,19,7,25,0,16,4,25,0,8,3,12,0,0,0,0,0,0,0,0,12,110,19,146,6,16,3,26,4,28,3,36,6,46,8,54,4,32,3,40,5,26,13,40,4,31,10,46,0,12,3,11,0,3,0,3,0,0,0,0,25,188,39,252
SSC70204,0,6,0,8,0,10,0,5,0,12,3,13,0,3,0,6,0,6,0,8,0,7,0,9,0,0,0,0,0,0,0,0,0,0,0,0,3,41,4,51,0,4,0,4,0,3,0,3,0,10,0,10,0,7,0,6,3,8,3,11,0,4,0,4,0,3,0,3,0,0,0,0,0,0,0,0,4,30,3,37,0,10,0,11,0,8,0,8,0,24,3,26,3,7,0,12,3,13,3,15,0,9,0,13,0,5,0,5,0,0,0,0,0,0,0,0,4,76,6,83
SSC70205,0,0,0,0,0,3,0,3,0,3,0,3,0,0,0,5,0,4,0,3,0,3,0,3,0,0,0,0,0,0,0,0,0,0,0,0,0,15,0,14,0,3,0,3,0,3,0,3,0,4,0,4,4,3,0,3,3,3,0,4,0,0,0,0,0,0,0,0,0,0,0,0,0,0,0,0,4,22,0,27,0,7,0,7,0,10,0,10,0,5,0,10,4,3,0,6,4,5,0,9,0,3,0,3,0,0,0,0,0,0,0,0,0,0,0,0,8,31,0,41
SSC70206,3,15,0,20,7,16,0,20,4,25,0,29,5,17,0,19,0,12,0,12,0,3,0,3,0,0,0,0,0,0,0,0,0,0,0,0,17,86,3,103,4,22,0,28,3,14,0,20,10,23,0,42,3,14,0,25,3,14,0,16,0,5,0,11,0,6,0,3,0,0,0,0,0,0,0,0,28,106,5,142,7,38,0,41,11,30,0,41,13,55,0,67,11,32,3,40,8,21,0,24,3,10,0,12,0,6,0,3,0,0,0,0,0,0,0,0,49,194,5,245
SSC70207,3,24,48,77,0,37,16,51,0,70,28,100,4,45,15,64,4,31,16,53,3,23,13,37,0,9,5,12,0,0,0,0,0,0,0,0,22,238,131,391,0,23,43,64,3,34,14,50,4,57,32,94,17,44,25,79,3,37,9,54,0,27,12,40,0,5,3,7,3,0,0,3,0,0,0,0,39,223,133,387,6,45,88,142,5,68,23,92,9,126,56,193,22,88,38,146,6,65,22,99,8,49,21,73,3,12,3,18,5,0,0,3,0,0,0,0,56,464,260,779
SSC70208,3,63,30,97,0,67,22,91,7,173,57,238,11,217,42,278,19,210,35,268,8,118,37,160,0,50,18,69,0,0,3,4,0,0,0,0,54,901,252,1206,3,58,15,77,4,64,10,81,8,206,48,263,27,224,41,285,18,185,35,229,10,109,29,145,5,27,13,42,0,3,0,3,0,0,0,0,77,863,189,1131,8,119,51,173,4,127,33,167,17,380,106,503,37,441,82,562,38,392,73,505,17,226,69,305,9,74,32,110,0,4,4,8,0,0,0,0,131,1763,445,2340
SSC70209,0,3,0,7,0,9,0,9,0,3,0,3,0,3,0,3,0,5,0,5,0,0,0,0,0,0,0,4,0,0,0,0,0,0,0,0,3,26,0,26,0,0,0,3,0,3,0,5,0,6,0,3,0,3,0,4,0,0,0,0,0,0,0,3,0,0,0,0,0,0,0,0,0,0,0,0,5,16,0,22,3,7,0,4,0,7,0,13,0,12,0,13,0,3,0,10,0,8,0,8,0,0,0,3,0,0,0,4,0,0,0,0,0,0,0,0,4,39,6,46
SSC70210,0,81,8,90,0,90,17,108,21,341,55,417,20,262,41,323,18,195,32,244,18,167,24,210,16,112,27,159,4,25,8,36,3,3,0,6,104,1266,210,1585,3,75,7,86,3,93,16,113,26,354,63,441,37,245,33,314,31,206,32,273,25,149,17,198,23,90,17,131,3,32,7,42,0,13,0,13,147,1259,192,1601,6,152,15,172,9,186,27,221,41,696,119,858,56,507,74,633,51,396,67,514,50,316,45,410,40,202,49,289,10,61,15,74,3,17,0,18,259,2527,406,3191
SSC70211,0,3,0,5,0,3,0,3,0,14,0,11,0,10,3,9,0,11,0,11,0,0,0,3,0,0,5,5,0,0,0,0,0,0,0,0,3,38,10,50,0,4,0,4,0,7,0,7,0,9,3,12,0,7,0,12,0,9,3,11,0,7,3,10,0,3,3,6,0,0,0,0,0,0,0,0,8,47,9,59,0,9,0,14,3,8,0,7,0,23,3,23,3,13,4,18,0,16,3,20,0,8,3,12,0,3,8,13,0,0,0,0,0,0,0,0,10,81,16,111
SSC70212,0,7,0,10,0,10,0,13,0,7,0,10,0,16,4,18,0,28,9,37,0,24,3,32,3,14,5,21,0,0,0,3,0,0,0,0,10,104,29,147,0,8,0,9,0,8,0,8,3,10,0,13,3,12,8,21,4,23,3,29,4,15,3,23,3,6,4,13,0,0,0,0,0,0,0,0,17,87,19,119,0,14,5,19,0,13,0,15,3,20,0,24,3,24,12,44,5,56,11,70,8,42,8,58,3,23,8,39,0,3,0,3,0,0,0,0,25,193,52,265
SSC70213,3,26,14,40,0,22,3,23,9,53,13,75,4,34,8,39,4,21,6,38,4,18,0,26,3,10,3,8,0,0,0,0,0,0,0,0,22,187,42,254,3,22,8,31,3,18,4,28,8,53,12,74,10,33,4,53,9,30,10,49,0,19,5,24,0,6,5,13,0,5,0,6,0,0,0,0,40,189,51,286,10,44,22,79,4,39,11,51,16,111,26,149,11,64,14,88,12,56,17,86,4,34,9,45,8,11,7,24,3,8,0,7,0,0,0,0,70,377,96,540
SSC70214,0,0,0,0,0,0,0,0,0,0,0,0,0,0,0,0,0,0,0,0,0,0,0,0,0,0,0,0,0,0,0,0,0,0,0,0,0,7,3,4,0,0,0,0,0,0,0,0,0,0,0,0,0,0,0,0,0,0,0,0,0,0,0,0,0,0,0,0,0,0,0,0,0,0,0,0,0,3,0,3,0,0,0,0,0,3,0,3,0,4,0,4,0,0,0,0,0,0,0,0,0,0,3,0,0,0,0,0,0,0,0,0,0,0,0,0,0,4,3,11
SSC70215,0,5,3,11,0,0,0,4,8,10,0,19,0,9,0,16,3,13,0,11,0,3,0,7,0,0,0,0,0,0,0,0,0,0,0,0,11,46,4,66,0,5,0,5,7,5,0,12,3,18,0,20,3,15,5,26,3,8,0,11,3,7,0,7,4,7,0,7,0,3,0,3,0,0,0,0,28,65,3,95,0,12,3,17,6,9,0,15,11,27,0,36,7,26,3,33,5,18,0,28,3,10,0,11,4,8,0,9,0,3,0,3,0,0,0,0,36,118,5,162
SSC70216,0,0,0,0,0,0,0,0,0,3,0,3,0,0,0,4,0,0,0,0,0,0,0,0,0,0,0,0,0,0,0,0,0,0,0,0,0,3,3,6,0,0,0,0,0,0,0,0,0,0,0,0,0,0,0,3,0,0,0,0,0,0,0,0,0,0,0,0,0,0,0,0,0,0,0,0,0,3,0,8,0,0,0,0,0,0,0,0,0,4,0,4,3,3,0,5,0,0,0,0,0,0,0,0,0,0,0,0,0,0,0,0,0,0,0,0,3,9,3,14
SSC70217,0,0,0,0,0,3,3,4,0,0,0,0,0,0,0,0,0,0,0,0,0,0,0,0,0,0,0,0,0,0,0,0,0,0,0,0,0,10,5,11,0,0,0,0,0,0,0,0,0,0,0,0,0,0,0,0,0,3,0,3,0,0,0,3,0,0,0,0,0,0,0,0,0,0,0,0,0,10,0,11,0,0,4,4,0,3,3,9,0,3,0,3,0,0,0,0,0,4,3,9,0,0,0,4,0,3,0,3,0,0,0,0,0,0,0,0,0,19,4,30
SSC70218,3,8,3,17,0,12,0,13,9,15,4,31,4,16,0,21,3,12,0,16,3,8,10,24,0,3,0,3,0,0,0,0,0,0,0,0,25,78,24,122,3,5,0,10,9,11,0,16,10,27,9,51,6,19,4,26,13,8,3,21,0,17,12,34,0,3,0,5,0,4,0,4,0,0,0,0,44,94,35,172,3,16,5,26,10,17,0,29,21,47,19,87,15,29,3,48,15,25,3,38,3,29,26,57,3,4,0,6,0,3,0,3,0,0,0,0,69,176,55,295
SSC70219,0,42,8,49,0,62,3,67,15,239,27,274,10,191,21,225,18,179,22,215,8,119,23,148,12,74,15,100,0,12,3,18,0,0,0,3,64,908,129,1104,8,45,6,57,0,63,14,78,15,269,36,317,19,194,25,244,24,158,26,203,17,96,20,127,8,40,0,51,3,16,0,23,0,0,3,4,100,882,124,1103,4,87,9,101,4,126,19,148,29,504,59,593,30,385,52,470,39,334,47,417,27,208,44,273,17,117,15,148,3,35,4,40,0,0,3,5,162,1793,251,2203
SSC70220,0,0,0,0,0,0,0,0,0,0,0,0,0,0,0,0,0,3,0,3,0,0,0,0,0,0,0,0,0,0,0,0,0,0,0,0,0,4,0,4,0,0,0,0,0,0,0,0,0,0,0,0,0,0,0,0,0,0,0,0,0,0,0,0,0,0,0,0,0,0,0,0,0,0,0,0,0,3,0,3,0,0,0,0,0,0,0,0,0,0,0,0,0,0,0,0,0,3,0,3,0,0,0,0,0,0,0,0,0,0,0,0,0,0,0,0,0,3,0,3
SSC70221,0,3,0,3,3,17,0,19,0,3,0,7,0,3,7,4,0,9,0,15,0,0,0,3,0,0,0,0,0,0,0,0,0,0,0,0,8,39,7,56,0,10,0,12,4,6,0,15,0,4,0,3,5,3,7,13,3,4,0,6,0,3,0,7,0,0,0,0,0,0,0,0,0,0,0,0,11,35,11,55,0,17,0,18,5,22,0,31,0,4,3,12,4,9,8,22,6,13,0,24,0,5,3,7,0,0,0,0,0,0,0,0,0,0,0,0,16,72,21,111
SSC70222,0,4,3,8,0,8,3,14,5,14,3,19,0,8,3,10,0,6,3,9,0,4,4,10,0,4,0,8,0,0,0,0,0,3,0,3,8,49,18,78,0,0,0,0,0,6,6,21,3,20,4,31,0,3,0,3,0,5,5,13,0,3,4,12,0,6,0,6,0,0,0,0,0,0,0,0,6,50,22,86,0,4,3,10,0,16,8,28,9,32,8,50,0,9,3,16,5,15,5,20,4,10,8,16,0,15,0,16,0,0,0,0,0,3,0,3,16,99,39,160
SSC70223,3,3,0,4,0,4,0,6,0,4,0,5,3,3,0,4,0,3,0,3,0,3,0,3,0,0,0,0,0,0,0,0,0,0,0,0,4,27,3,37,3,7,0,9,0,3,0,5,3,3,0,8,3,3,0,7,3,3,0,8,3,0,0,3,0,0,0,3,0,0,0,0,0,0,0,0,18,22,4,43,5,6,0,13,6,7,0,10,5,8,4,20,5,7,0,8,3,6,0,13,3,3,0,7,0,4,0,3,0,3,0,3,0,0,0,0,22,52,3,75
SSC70224,0,15,4,20,0,10,0,11,3,14,0,17,0,13,4,15,7,12,6,24,0,20,4,30,4,11,5,17,0,5,0,8,0,0,0,0,20,99,28,143,0,8,0,11,0,5,4,9,3,13,3,19,3,13,4,18,3,16,3,23,3,19,0,19,3,8,0,11,3,4,0,4,0,0,0,0,22,76,19,117,0,20,8,29,3,14,4,24,12,19,9,36,7,21,12,35,12,28,7,48,3,35,7,51,4,20,5,30,3,11,4,17,0,0,0,0,38,179,49,257
SSC70225,0,0,0,0,0,0,0,0,0,0,0,0,0,0,0,3,0,3,0,3,0,4,0,4,0,3,0,3,0,0,0,0,0,0,0,0,0,13,0,14,0,0,0,0,0,0,0,0,0,3,0,3,0,0,0,0,0,0,0,0,0,0,0,0,0,0,0,0,0,0,0,0,0,0,0,0,0,6,0,7,0,0,0,0,0,0,0,0,0,4,0,4,0,0,0,3,0,3,0,3,0,11,0,11,0,3,0,3,0,0,0,0,0,0,0,0,0,21,0,20
SSC70226,0,12,0,13,0,8,3,11,5,24,3,26,3,24,20,42,5,13,0,15,6,14,3,17,0,3,0,3,0,3,0,3,0,0,0,0,16,89,30,135,0,8,0,10,0,6,3,9,0,26,3,29,3,22,16,43,7,14,0,15,3,16,0,19,0,7,0,9,0,10,0,10,0,0,0,0,18,95,27,143,0,17,7,19,0,13,4,20,6,44,3,53,8,44,41,92,4,29,0,34,12,24,3,35,0,9,0,6,0,10,0,10,0,0,0,0,33,189,52,274
SSC70227,0,0,0,0,0,0,0,0,0,3,0,5,0,0,0,0,0,0,0,0,0,0,0,0,0,0,0,0,0,0,0,0,0,0,0,0,0,12,0,10,0,0,0,0,0,4,0,4,0,0,0,0,0,0,0,0,0,0,0,0,0,0,0,0,0,0,0,0,0,0,0,0,0,0,0,0,0,11,0,11,0,0,0,0,0,4,0,4,0,5,0,8,0,0,0,0,0,3,0,3,0,0,0,0,0,0,0,0,0,0,0,0,0,0,0,0,0,20,0,20
SSC70228,0,0,0,0,0,3,0,3,3,9,0,7,0,6,0,8,0,10,3,12,0,3,0,10,0,0,0,0,0,0,0,0,0,0,0,0,3,31,10,38,0,3,0,3,0,3,0,3,0,3,0,9,0,3,0,3,0,7,0,7,0,7,0,10,0,3,3,5,0,0,0,0,0,0,0,0,0,31,7,42,0,3,0,3,0,5,3,9,3,16,3,17,0,9,0,12,0,14,3,22,0,9,3,14,0,3,3,8,0,0,0,0,0,0,0,0,3,61,18,83
SSC70229,5,17,6,35,4,38,3,44,15,56,5,72,6,40,0,48,11,32,4,46,9,24,3,32,0,10,0,10,0,0,0,0,0,0,0,0,51,213,22,285,10,23,3,30,6,38,0,50,23,58,0,87,16,48,0,69,19,33,9,60,13,18,5,29,0,13,0,9,0,5,0,5,0,0,0,3,84,231,22,334,13,36,8,61,15,70,7,90,39,109,5,156,26,84,3,120,26,63,17,109,15,39,9,57,0,24,0,23,0,4,0,4,0,0,0,3,138,443,41,622
SSC70230,0,4,0,4,0,3,0,3,0,6,0,6,0,3,0,3,0,0,0,0,0,3,0,3,0,0,3,3,0,0,0,0,0,0,0,0,0,15,3,23,0,0,0,0,0,3,0,3,0,8,0,8,0,3,0,3,0,0,0,0,0,0,0,0,0,0,0,3,0,0,0,0,0,0,0,0,0,17,3,20,0,8,0,8,0,3,0,3,0,9,0,9,0,5,0,5,0,0,0,0,0,3,0,3,0,0,3,6,0,0,0,0,0,0,0,0,0,31,5,42
SSC70231,3,66,17,80,3,77,17,89,8,257,47,307,11,214,42,270,19,190,39,243,11,160,27,191,7,78,17,107,8,25,7,37,0,3,3,9,68,1072,203,1339,4,64,13,86,3,61,15,82,12,288,45,351,19,242,39,301,21,166,33,226,20,158,25,201,3,61,13,78,7,22,9,38,0,12,5,12,94,1076,200,1371,6,132,30,165,7,135,31,175,22,545,94,660,31,453,85,574,43,356,74,471,29,316,54,397,16,142,29,184,12,47,13,69,0,14,4,18,161,2144,405,2712
SSC70232,0,0,0,0,0,0,0,0,0,0,0,0,0,0,0,3,0,0,0,3,0,0,0,0,0,3,0,0,0,0,0,0,0,0,0,0,0,3,3,6,0,0,0,0,0,0,0,0,0,0,0,0,0,0,0,0,0,0,0,0,0,3,0,3,0,3,0,3,0,0,0,0,0,0,0,0,0,5,0,5,0,0,0,0,0,0,0,0,0,0,0,0,0,0,0,3,3,0,0,7,0,3,0,3,0,3,0,3,0,0,0,0,0,0,0,0,4,11,3,13
SSC70233,0,15,0,10,0,13,0,13,0,17,0,21,0,9,0,13,0,10,0,10,0,8,0,8,0,3,0,3,0,0,0,0,0,0,0,0,0,70,3,72,0,14,0,19,0,10,0,10,0,11,0,13,0,9,0,9,0,6,0,12,0,8,0,8,0,0,0,0,0,0,0,0,0,0,0,0,3,61,3,67,0,23,3,29,0,28,0,28,0,31,3,33,0,20,0,25,0,20,0,19,0,9,0,9,0,0,0,0,0,0,0,0,0,0,0,0,4,132,5,145
SSC70234,9,129,8,147,3,135,16,160,14,392,42,451,27,331,37,395,17,206,25,243,11,86,7,101,4,33,3,39,0,12,7,19,0,3,0,8,87,1328,149,1560,4,93,6,103,8,132,14,148,36,384,36,456,50,293,21,365,23,180,19,220,18,85,14,120,8,42,3,52,0,6,0,10,0,3,0,6,153,1217,117,1486,12,221,16,249,11,269,29,308,51,775,79,914,80,629,63,765,37,380,42,466,27,167,20,218,14,71,4,87,0,24,5,27,0,7,3,12,238,2543,269,3047
SSC70235,0,8,3,13,0,6,3,14,5,35,10,43,3,33,11,49,0,44,11,58,3,50,7,59,3,35,17,53,0,3,3,3,0,0,0,0,22,216,59,299,5,12,0,17,3,18,3,17,4,34,11,47,10,27,6,42,4,42,6,53,3,58,10,72,3,13,8,27,3,6,0,11,0,0,0,0,29,212,52,288,4,20,3,26,3,23,5,34,8,63,17,92,13,61,17,90,8,89,19,118,7,105,15,132,8,52,27,80,5,4,3,13,0,0,0,0,47,424,114,583
SSC70236,0,0,0,0,0,0,0,0,0,3,5,8,0,3,0,7,0,6,5,6,0,9,5,14,0,0,6,7,0,0,0,0,0,0,0,0,0,22,16,42,0,0,0,0,0,0,0,0,0,3,5,3,0,3,0,3,3,3,3,6,0,11,7,14,0,0,0,0,0,0,0,0,0,0,0,0,3,17,12,32,0,0,0,0,0,0,3,3,0,8,9,14,0,5,0,5,3,7,5,12,0,15,8,27,0,3,3,6,0,0,0,0,0,0,0,0,3,41,32,72
SSC70237,4,53,18,73,6,45,12,67,14,167,37,219,9,117,17,138,7,112,25,143,5,82,16,111,0,39,6,49,0,10,3,16,0,4,0,3,54,623,146,824,7,45,10,60,3,55,13,71,26,140,37,209,15,132,23,170,17,113,25,153,19,86,24,131,8,33,12,49,0,7,0,7,0,3,0,5,95,608,153,855,7,98,26,131,10,101,32,141,44,308,78,424,25,251,35,315,21,224,52,295,26,169,45,238,8,68,18,97,0,16,6,24,0,6,3,9,146,1236,295,1676
SSC70238,3,11,12,29,6,12,0,20,17,24,17,55,10,24,0,35,5,22,5,24,3,12,3,17,3,3,0,7,0,3,0,7,0,0,0,0,44,112,37,193,11,11,9,27,7,8,5,26,16,33,12,57,10,22,0,32,14,22,4,39,5,23,3,29,6,5,0,15,0,8,0,8,0,0,0,3,66,134,36,238,10,26,23,56,13,26,10,50,28,55,28,112,20,43,0,69,20,43,6,65,10,42,3,51,11,14,0,20,4,13,0,16,0,0,0,3,112,254,72,434
SSC70239,4,20,0,24,3,14,0,17,3,35,6,44,4,34,3,37,3,17,3,19,0,17,4,24,0,9,0,11,0,4,5,4,0,0,0,0,16,145,19,184,3,22,8,29,3,17,0,17,7,41,3,48,7,28,5,41,4,14,4,25,10,20,3,31,3,3,0,7,0,3,0,3,0,0,0,4,47,147,19,209,5,34,5,54,6,29,0,38,9,72,12,90,14,56,6,82,8,33,6,48,16,35,7,53,3,11,0,17,0,8,6,12,0,3,0,3,62,293,45,397
SSC70240,0,4,0,4,0,8,0,9,0,0,0,0,0,0,0,0,0,0,0,0,0,0,0,0,0,0,0,0,0,0,0,0,0,0,0,0,0,12,0,15,0,0,0,0,0,0,0,0,0,0,0,0,0,0,0,0,0,0,0,0,0,0,0,0,0,0,0,0,0,0,0,0,0,0,0,0,0,5,0,5,0,4,0,4,0,8,0,9,0,0,0,0,0,0,0,0,0,0,0,0,0,0,0,0,0,3,0,3,0,0,0,0,0,0,0,0,0,15,0,16
SSC70241,0,0,0,0,0,0,0,0,0,0,0,0,0,0,0,0,0,0,0,0,0,0,0,0,0,0,0,0,0,0,0,0,0,0,0,0,0,0,0,0,0,0,0,0,0,0,0,0,0,0,0,0,0,0,0,0,0,0,0,0,0,0,0,0,0,0,0,0,0,0,0,0,0,0,0,0,0,0,0,0,0,0,0,0,0,0,0,0,0,0,0,0,0,0,0,0,0,0,0,0,0,0,0,0,0,0,0,0,0,0,0,0,0,0,0,0,0,0,0,0
SSC70242,0,0,0,3,0,0,0,3,0,22,5,22,0,12,4,14,3,13,3,21,4,7,3,15,0,7,7,10,0,0,4,4,0,0,0,0,3,65,24,92,0,3,0,3,0,0,0,3,0,15,7,23,3,10,0,16,4,13,3,18,0,0,4,8,0,5,0,5,0,0,3,5,0,0,0,0,6,52,16,76,0,6,0,6,0,3,3,3,0,35,14,47,3,22,3,29,4,29,4,40,4,11,7,17,0,8,4,17,0,0,4,9,0,0,0,0,11,115,43,167
SSC70243,0,0,0,0,0,0,0,0,0,0,0,0,0,0,0,0,0,3,3,6,0,7,6,9,0,4,0,6,0,0,0,0,0,0,0,0,0,14,10,23,0,0,0,0,0,0,0,0,0,3,0,4,0,0,0,3,0,3,3,10,3,3,3,4,0,0,0,0,0,0,0,0,0,0,0,0,7,13,13,26,0,3,0,4,0,0,0,3,0,4,0,3,0,0,3,3,0,5,7,16,3,11,4,20,0,4,3,8,0,0,0,0,0,0,0,0,5,30,20,51
SSC70244,3,20,0,23,0,11,3,14,4,24,7,28,3,23,3,28,4,25,0,30,0,18,0,18,0,3,3,4,0,0,0,0,0,0,0,0,21,121,15,154,0,24,0,21,0,12,6,12,4,22,9,40,4,40,7,52,3,26,0,28,0,19,0,20,0,4,0,4,0,3,0,6,0,0,0,0,22,146,24,189,6,38,0,46,3,22,5,30,7,43,7,68,6,64,13,85,5,48,0,59,3,34,0,41,0,4,4,13,0,3,3,4,0,0,0,0,39,272,41,344
SSC70245,7,54,15,74,3,145,27,182,18,484,98,593,17,286,44,351,21,223,43,291,24,182,32,237,7,84,18,109,5,25,5,35,0,9,0,11,91,1497,284,1875,3,57,8,65,5,148,16,166,24,479,83,592,22,247,49,321,24,185,28,243,29,152,40,216,14,60,11,79,4,25,3,26,0,5,0,13,119,1359,234,1715,6,110,22,139,7,295,44,349,37,965,181,1182,36,539,94,670,46,414,76,527,46,337,72,455,16,140,23,186,6,52,9,62,0,15,8,21,206,2857,518,3586
SSC70246,0,0,0,0,0,4,0,5,0,0,0,3,0,0,3,3,0,3,0,3,0,5,0,5,0,0,0,3,0,0,0,0,0,0,0,0,0,17,9,21,0,0,0,0,0,0,0,0,0,0,0,3,0,0,0,0,0,6,0,3,0,0,0,0,0,0,0,0,0,0,0,0,0,0,0,0,0,10,6,13,0,0,0,4,0,7,0,7,0,7,5,10,0,0,3,3,0,3,0,10,0,6,0,6,0,0,0,4,0,0,0,0,0,0,0,0,0,22,13,40
SSC70247,0,8,3,14,0,9,0,14,0,14,3,13,0,10,0,10,0,3,0,10,0,5,0,9,0,12,0,12,0,0,0,0,0,0,0,0,8,70,9,83,0,5,0,5,3,8,0,20,0,20,3,20,0,7,0,3,0,6,0,4,0,3,0,7,4,6,0,10,0,0,0,0,0,0,0,0,15,57,4,74,0,11,3,17,5,23,4,30,3,34,8,39,0,18,0,20,0,12,0,17,0,13,0,16,4,15,0,22,0,0,0,0,0,0,0,0,17,120,13,157
SSC70248,0,0,0,0,0,3,0,4,0,18,7,20,0,8,3,16,0,12,0,12,0,4,0,4,0,3,0,5,0,0,0,0,0,0,0,0,0,44,12,57,0,0,0,0,0,0,0,0,0,5,0,5,0,0,0,0,0,0,0,0,0,0,0,0,0,0,0,0,0,0,0,0,0,0,0,0,0,7,0,7,0,0,0,0,0,6,0,5,0,19,7,24,0,11,3,17,0,12,0,12,0,8,0,8,0,3,0,5,0,0,0,0,0,0,0,0,0,51,8,64
SSC70249,0,0,0,0,0,3,7,11,0,0,0,0,0,4,0,3,0,3,0,3,0,0,0,0,0,0,0,0,0,0,0,0,0,0,0,0,0,11,6,19,0,0,0,0,0,0,0,0,0,5,0,5,0,0,0,0,0,3,0,3,0,0,0,0,0,0,0,0,0,0,0,0,0,0,0,0,0,5,0,8,0,0,0,0,0,3,6,9,0,5,0,5,0,4,0,3,0,6,3,9,0,0,0,0,0,0,0,0,0,0,0,0,0,0,0,0,0,15,13,31
SSC70250,0,3,0,3,0,0,0,0,0,5,8,16,0,3,0,5,3,4,0,3,0,3,0,3,0,0,0,0,0,0,0,0,0,0,0,0,5,13,12,33,0,0,0,0,0,4,0,3,0,7,9,12,4,7,0,9,0,3,0,6,0,0,0,0,0,0,0,0,0,0,0,0,0,0,0,0,6,17,8,26,0,3,0,3,0,4,0,4,0,11,11,24,4,7,3,12,4,8,0,6,0,4,0,4,0,0,0,0,0,0,0,0,0,0,0,0,7,30,15,56
SSC70251,9,72,13,91,7,67,39,115,27,168,50,248,11,140,50,207,20,170,34,222,15,137,36,192,11,72,18,98,4,18,6,26,0,0,0,0,110,857,248,1206,5,60,18,87,14,85,23,119,29,197,31,263,25,137,29,188,28,149,38,215,18,133,18,168,10,52,8,68,0,14,14,28,0,4,3,8,131,829,180,1144,18,137,26,180,19,154,58,233,61,366,86,504,35,282,79,394,51,319,77,443,32,273,56,359,17,122,23,166,4,33,18,56,0,3,3,7,239,1685,424,2351
SSC70252,0,7,0,7,0,10,0,10,3,15,0,21,0,8,0,8,0,8,0,8,0,7,0,7,0,4,0,4,0,0,0,0,0,0,0,0,3,65,0,65,0,9,0,9,0,14,0,14,0,14,0,17,0,5,0,5,0,8,0,6,0,7,0,7,0,3,0,3,0,0,0,0,0,0,0,0,0,61,0,65,0,19,0,21,0,20,0,26,3,36,0,40,0,18,0,18,0,13,0,15,0,13,0,13,0,4,0,4,0,0,0,0,0,0,0,0,5,125,0,128
SSC70253,0,23,3,26,0,47,7,53,9,175,40,222,3,106,19,133,6,100,28,130,3,50,10,67,3,28,7,32,0,11,3,12,0,0,0,4,30,533,130,685,0,19,0,18,0,42,20,60,22,189,54,264,4,101,25,129,13,81,19,108,5,80,19,106,3,28,7,35,0,6,0,14,0,3,0,3,46,549,144,740,3,39,4,46,3,92,24,118,27,364,101,486,10,208,44,264,21,179,50,246,11,130,33,170,3,55,12,69,0,18,3,21,0,6,3,8,76,1080,271,1429
SSC70254,0,23,8,28,3,20,5,29,3,79,4,82,3,55,4,61,3,43,4,51,3,28,8,39,0,26,0,23,0,6,5,9,0,0,0,0,14,282,37,326,0,12,0,12,0,26,0,27,3,80,4,87,5,49,4,63,3,35,3,40,9,41,9,48,0,19,0,22,0,5,0,5,0,4,0,4,26,264,23,311,0,39,3,42,5,44,4,55,6,158,9,170,8,108,9,125,8,79,11,98,7,64,8,90,0,38,3,46,0,8,7,11,0,4,0,4,42,543,58,638
SSC70255,0,19,0,26,0,12,4,15,3,31,6,37,3,48,9,56,6,41,5,51,0,27,4,36,7,23,3,28,0,5,3,6,0,0,0,4,21,207,40,267,0,6,0,13,0,8,0,14,8,31,5,47,3,38,10,48,5,33,5,50,6,26,4,36,0,21,3,22,0,4,0,5,0,0,0,3,27,172,36,234,0,31,0,33,0,22,6,23,13,62,16,81,3,85,21,108,17,73,13,100,11,60,11,75,7,40,6,50,0,16,0,18,0,3,0,3,49,380,73,500
SSC70256,0,0,0,0,0,0,0,0,0,3,0,8,0,4,0,4,0,5,0,10,0,7,0,8,0,0,0,0,0,0,0,0,0,0,0,0,3,23,3,27,0,0,0,3,0,0,0,0,0,5,0,3,0,3,0,5,0,3,3,7,0,7,0,10,0,0,0,0,0,0,0,3,0,0,0,0,4,24,5,38,0,0,0,3,0,0,0,0,0,11,0,9,0,10,0,10,0,10,4,16,0,17,0,16,0,0,0,0,0,0,0,3,0,0,0,0,4,48,7,62
SSC70257,0,14,0,15,4,11,5,17,4,5,3,8,0,8,4,12,0,17,3,25,0,16,4,18,0,10,0,10,0,3,4,4,0,0,0,0,9,80,18,108,0,4,0,11,0,5,0,8,3,13,3,20,0,5,0,6,4,16,3,19,3,15,7,18,0,7,0,7,0,4,0,4,0,0,0,0,3,66,14,87,0,15,5,25,4,12,3,19,4,14,6,30,0,13,3,21,3,32,7,42,3,27,7,38,0,16,0,17,0,7,4,12,0,0,0,0,18,142,38,197
SSC70258,0,16,3,18,0,49,10,61,3,134,29,162,4,62,4,69,0,49,10,57,3,12,0,12,0,0,0,0,0,0,0,0,0,0,0,0,14,312,58,375,0,14,3,18,0,23,0,27,11,108,12,124,7,38,4,44,0,31,4,34,0,0,0,0,0,0,0,0,0,0,0,0,0,0,0,0,12,209,27,246,0,32,4,33,0,64,18,83,13,237,40,293,11,96,10,113,0,77,11,90,3,10,0,14,0,0,0,0,0,0,0,0,0,0,0,0,27,522,82,630
SSC70259,0,3,0,3,0,3,0,3,0,0,0,0,0,3,0,3,0,5,0,6,0,0,0,0,0,0,0,0,0,0,0,0,0,0,0,0,0,17,0,20,0,0,0,0,0,0,0,0,0,0,0,0,0,3,0,3,0,4,0,3,0,0,0,0,0,0,0,0,0,0,0,0,0,0,0,0,0,4,0,5,0,3,0,3,0,3,0,3,0,0,0,0,0,3,0,3,3,11,0,8,0,0,0,0,0,0,0,0,0,0,0,0,0,0,0,0,3,21,0,22
SSC70260,0,6,3,14,3,0,0,3,5,13,12,25,0,13,0,19,0,10,5,14,0,5,0,5,0,3,0,3,0,0,0,0,0,0,0,0,13,53,18,87,8,0,0,8,0,6,0,11,3,8,14,27,0,7,3,8,4,6,0,15,0,4,0,9,0,7,0,6,0,0,0,0,0,0,0,0,26,50,19,94,8,13,4,20,4,11,0,16,7,21,21,55,3,22,5,31,7,16,3,30,4,13,3,15,0,13,0,16,0,0,0,0,0,0,0,0,37,104,38,183
SSC70261,0,0,0,0,0,0,0,0,0,0,0,0,0,0,0,0,0,0,0,0,0,0,0,0,0,0,0,0,0,0,0,0,0,0,0,0,0,0,0,0,0,0,0,0,0,0,0,0,0,0,0,0,0,0,0,0,0,0,0,0,0,0,0,0,0,0,0,0,0,0,0,0,0,0,0,0,0,0,0,0,0,0,0,0,0,0,0,0,0,0,0,0,0,0,0,0,0,0,0,0,0,0,0,0,0,0,0,0,0,0,0,0,0,0,0,0,0,0,0,0
SSC70262,3,57,9,68,0,45,7,52,11,172,21,207,16,153,24,191,16,102,16,131,17,110,24,145,7,81,21,102,9,47,10,63,0,22,7,30,78,787,133,998,0,48,7,53,4,55,7,65,9,172,20,198,23,171,19,210,32,127,14,172,15,86,17,115,23,80,14,112,7,49,11,66,0,38,9,50,120,819,118,1054,5,104,17,120,3,101,13,117,21,344,38,405,45,323,38,409,47,227,32,305,34,199,36,265,31,156,35,216,15,99,22,131,3,64,18,84,198,1608,251,2049
SSC70263,0,0,0,0,0,0,0,0,0,14,4,16,0,6,0,6,0,7,0,6,0,7,0,12,0,4,0,3,0,0,0,0,0,0,0,0,0,37,6,48,0,0,0,0,0,0,0,0,0,12,0,17,0,10,0,10,3,4,0,4,0,7,0,9,0,0,0,0,0,0,0,0,0,0,0,0,6,43,0,45,0,0,0,0,0,0,0,0,0,27,4,31,0,19,0,19,3,10,0,13,3,16,0,19,0,3,0,4,0,3,0,3,0,0,0,0,8,79,6,96
SSC70264,0,0,0,0,0,0,0,0,0,0,0,0,0,0,0,0,0,0,0,0,0,0,0,0,0,0,0,0,0,0,0,0,0,0,0,0,0,0,0,0,0,0,0,0,0,0,0,0,0,0,0,0,0,0,0,0,0,0,0,0,0,0,0,0,0,0,0,0,0,0,0,0,0,0,0,0,0,0,0,0,0,0,0,0,0,0,0,0,0,0,0,0,0,0,0,0,0,0,0,0,0,0,0,0,0,0,0,0,0,0,0,0,0,0,0,0,0,3,0,3
SSC70265,0,0,0,0,0,0,0,0,0,0,0,0,0,0,0,0,0,0,0,0,0,0,0,3,0,0,0,0,0,0,0,0,0,0,0,0,0,3,3,7,0,0,0,0,0,0,0,0,0,0,0,0,0,0,0,0,0,0,0,0,0,3,0,3,0,0,0,0,0,0,0,0,0,0,0,0,0,0,0,3,0,0,0,0,0,0,0,0,0,0,0,0,0,0,0,0,0,0,0,0,0,4,0,9,0,0,0,0,0,0,0,0,0,0,0,0,0,6,3,14
SSC70266,0,5,3,10,0,0,0,0,0,9,3,16,0,4,0,7,0,15,4,19,0,9,4,16,0,6,0,7,0,0,0,0,0,0,0,0,4,62,12,80,0,3,0,3,0,3,0,6,0,5,0,9,0,3,0,4,0,10,6,15,0,4,0,13,0,4,0,8,0,0,0,0,0,0,0,0,3,41,10,61,0,11,3,15,3,4,0,7,0,21,4,22,4,10,0,14,3,24,8,38,5,13,4,22,0,12,3,13,0,3,0,3,0,3,0,3,13,106,24,135
SSC70267,0,28,8,36,0,19,3,21,0,45,4,54,0,26,6,34,0,19,0,19,0,17,0,18,0,0,0,0,0,0,0,0,0,0,0,0,3,155,25,180,0,16,7,23,0,24,0,29,0,45,4,45,0,31,6,34,3,27,3,35,0,16,3,18,0,3,4,8,0,0,0,0,0,0,0,0,7,161,21,192,0,43,15,60,0,39,5,47,3,86,10,98,0,61,10,69,3,46,3,51,0,29,5,34,0,3,3,8,0,0,0,0,0,0,0,0,9,318,45,369
SSC70268,0,0,0,0,0,0,0,0,0,0,0,0,0,0,0,0,0,0,0,0,0,0,0,0,0,0,0,0,0,0,0,0,0,0,0,0,0,0,0,0,0,0,0,0,0,0,0,0,0,0,0,0,0,0,0,0,0,0,0,0,0,0,0,0,0,0,0,0,0,0,0,0,0,0,0,0,0,0,0,0,0,0,0,0,0,0,0,0,0,0,0,0,0,0,0,0,0,0,0,0,0,0,0,0,0,0,0,0,0,0,0,0,0,0,0,0,0,0,0,0
SSC70269,0,3,0,4,0,0,0,0,0,5,0,5,0,18,0,14,3,8,0,11,0,13,0,10,0,6,0,3,0,5,0,8,0,0,0,0,6,56,6,62,0,0,0,0,0,3,0,3,0,9,0,9,0,9,0,9,3,12,0,14,0,13,3,16,3,0,0,3,3,0,0,4,0,0,0,0,11,51,3,58,0,4,0,3,0,6,0,7,0,17,0,17,0,27,0,31,8,18,0,21,0,27,3,32,3,9,0,9,0,5,3,12,0,0,0,0,11,102,9,123
SSC70270,0,0,0,0,0,0,0,0,0,0,0,0,0,0,0,0,0,0,0,0,0,0,0,0,0,0,0,0,0,0,0,0,0,0,0,0,0,0,0,0,0,0,0,0,0,0,0,0,0,0,0,0,0,0,0,0,0,0,0,0,0,0,0,0,0,0,0,0,0,0,0,0,0,0,0,0,0,0,0,0,0,0,0,0,0,0,0,0,0,0,0,0,0,0,0,0,0,0,0,0,0,0,0,0,0,0,0,0,0,0,0,0,0,0,0,0,0,0,0,0
SSC70271,0,7,0,5,0,4,6,14,0,6,15,23,0,3,8,12,0,4,16,18,0,0,5,11,0,3,4,8,0,0,0,0,0,0,0,0,0,29,57,86,0,0,0,0,0,0,0,0,0,3,8,11,0,10,4,14,0,0,14,16,0,0,5,6,0,0,3,4,0,0,0,3,0,0,0,0,0,18,31,53,0,8,0,3,0,9,6,14,0,8,26,35,0,8,10,23,0,4,29,32,0,3,11,18,0,3,10,13,0,0,3,3,0,0,0,0,4,43,86,137
SSC70272,0,0,0,0,0,0,0,0,0,0,0,0,0,0,0,0,0,0,0,0,0,0,0,0,0,0,0,0,0,0,0,0,0,0,0,0,0,0,0,0,0,0,0,0,0,0,0,0,0,0,0,0,0,0,0,0,0,0,0,0,0,0,0,0,0,0,0,0,0,0,0,0,0,0,0,0,0,0,0,0,0,0,0,0,0,0,0,0,0,0,0,0,0,0,0,0,0,0,0,0,0,0,0,0,0,0,0,0,0,0,0,0,0,0,0,0,0,0,0,0
SSC70273,0,3,7,8,0,8,10,16,0,13,9,20,0,8,3,8,0,3,3,5,0,4,0,8,0,0,0,0,0,0,0,0,0,0,0,0,0,37,26,65,0,0,0,3,0,10,6,17,0,11,10,17,0,3,0,3,0,5,0,7,0,4,0,6,0,0,0,0,0,0,0,3,0,0,0,0,0,34,18,55,0,3,9,13,0,19,12,33,0,21,13,38,0,12,3,16,0,4,3,9,0,8,4,11,0,3,0,3,0,0,0,3,0,0,0,0,0,76,46,119
SSC70274,0,56,6,65,4,52,3,51,4,80,16,104,9,107,11,124,19,152,26,200,24,111,15,150,4,57,9,65,3,9,7,21,0,3,0,3,62,623,90,781,3,40,6,49,4,34,9,41,5,87,13,112,12,97,11,118,26,117,23,170,23,103,21,144,7,37,4,46,3,12,0,14,0,0,0,0,82,526,88,702,3,98,12,116,4,84,7,99,13,166,27,212,21,202,20,242,44,271,51,367,38,212,38,294,10,91,12,114,8,22,7,33,0,6,0,6,144,1157,175,1476
SSC70275,14,65,11,84,10,77,5,94,20,132,72,226,27,102,33,159,6,63,17,90,10,46,4,62,0,6,0,8,0,3,0,3,0,0,0,0,90,490,141,722,14,83,13,108,15,76,9,103,38,172,68,283,27,79,37,139,16,75,14,108,8,54,8,65,3,17,5,23,0,3,5,9,0,0,0,0,123,553,157,832,27,143,22,192,29,153,12,197,62,302,138,503,55,182,67,303,21,137,32,192,20,99,11,125,3,24,5,31,0,7,5,11,0,0,0,0,217,1046,295,1554
SSC70276,0,4,0,8,0,6,3,7,0,11,0,18,5,25,3,31,0,39,6,49,5,39,3,52,0,29,7,39,0,3,0,7,0,0,0,0,16,165,16,200,4,9,0,7,0,8,0,8,4,17,0,23,6,20,0,28,3,33,4,41,10,33,5,43,5,25,4,32,0,4,0,4,0,0,0,0,29,147,13,196,5,9,0,17,0,11,3,16,7,33,3,40,10,51,3,60,6,78,6,88,11,76,6,97,9,53,6,69,0,9,0,7,0,3,0,3,49,312,31,394
SSC70277,4,47,14,67,3,66,20,87,7,164,23,197,12,142,29,178,12,119,15,152,5,85,14,105,0,63,15,77,3,16,4,21,0,6,0,7,57,702,130,895,5,47,14,61,3,50,12,58,5,136,29,173,31,125,20,176,13,102,22,142,18,86,20,128,6,47,10,62,6,25,10,41,0,3,0,3,87,615,131,839,16,95,23,129,4,116,28,151,15,302,49,366,43,261,52,356,30,225,37,289,22,172,40,230,10,107,19,139,5,45,14,64,0,9,0,8,142,1321,263,1730
SSC70278,0,0,0,0,0,0,0,0,0,0,0,0,0,0,0,0,0,0,0,0,0,0,0,0,0,0,0,0,0,0,0,0,0,0,0,0,0,0,0,0,0,0,0,0,0,0,0,0,0,0,0,0,0,0,0,0,0,0,0,0,0,0,0,0,0,0,0,0,0,0,0,0,0,0,0,0,0,0,0,0,0,0,0,0,0,0,0,0,0,0,0,0,0,0,0,0,0,0,0,0,0,0,0,0,0,0,0,0,0,0,0,0,0,0,0,0,0,0,0,0
SSC70279,0,3,0,3,0,4,0,5,0,6,3,11,3,3,0,5,0,6,0,5,4,0,0,7,0,3,0,3,0,0,0,0,0,0,0,0,12,24,3,39,0,4,0,4,0,3,0,3,3,10,3,17,0,3,0,6,0,3,0,5,3,0,0,4,0,0,0,0,0,0,0,0,0,0,0,0,9,31,3,37,0,4,0,4,4,8,0,8,3,18,6,25,3,7,0,10,3,5,0,10,8,3,0,9,0,7,0,7,0,0,0,0,0,0,0,0,17,49,6,79
SSC70280,0,63,12,69,0,47,3,52,11,100,9,130,8,103,20,136,14,109,18,144,7,91,12,107,8,57,9,70,0,32,0,34,0,7,0,7,59,611,80,743,0,56,15,67,3,38,8,49,4,103,14,120,21,116,13,152,18,118,14,147,15,90,11,114,12,52,6,77,0,9,0,16,0,3,0,5,75,587,83,745,0,113,26,142,9,86,9,99,22,208,24,254,30,220,39,289,28,226,31,290,24,187,18,222,13,114,13,141,0,43,3,47,0,10,0,12,131,1195,165,1489
SSC70281,3,7,3,13,4,9,4,11,4,19,3,21,4,18,3,31,5,17,4,24,6,11,0,17,0,3,0,3,0,0,0,3,0,0,0,0,26,78,21,129,7,10,3,19,3,9,9,19,7,17,9,36,3,11,6,24,7,4,6,16,3,20,0,22,3,0,0,6,0,0,0,0,0,0,0,0,27,75,34,135,12,16,10,32,3,18,12,31,16,34,14,63,7,31,9,47,6,25,14,45,12,26,3,38,3,4,0,5,0,3,0,3,0,0,0,0,59,158,58,270
SSC70282,0,6,0,6,0,9,0,9,0,7,3,16,0,9,4,17,0,12,0,11,0,3,0,3,3,0,0,4,0,0,0,3,0,0,0,0,3,41,15,62,0,4,0,4,4,7,4,11,0,3,0,4,0,12,8,19,0,7,0,5,3,5,3,12,0,3,0,4,0,0,0,0,0,0,0,0,10,34,15,58,0,13,0,12,3,13,3,21,3,10,4,16,0,18,10,30,3,14,0,16,3,6,3,12,3,3,3,6,0,0,0,3,0,0,0,0,10,78,26,120
SSC70283,0,3,0,3,0,0,0,0,0,4,0,3,0,0,0,0,0,4,0,4,0,5,0,5,0,5,0,3,0,0,0,0,0,0,0,0,0,26,3,26,0,3,0,3,0,0,0,0,0,8,0,10,3,0,0,3,0,3,0,3,0,8,0,6,0,0,0,3,0,0,0,0,0,0,0,0,4,19,0,24,0,5,0,5,0,0,0,0,3,7,0,11,3,0,0,3,0,10,0,10,0,11,0,9,0,4,0,9,0,3,0,3,0,0,0,0,3,44,4,54
SSC70284,3,17,4,23,4,20,7,37,6,42,13,62,12,25,7,42,9,18,6,25,0,10,3,12,3,11,0,13,0,0,0,0,0,3,0,3,39,137,35,211,3,26,4,34,3,16,3,29,13,43,9,68,9,20,7,41,6,19,4,25,0,11,0,13,0,3,3,11,0,3,0,7,0,0,0,0,43,146,38,234,7,37,6,58,9,38,17,64,22,87,21,130,24,40,13,81,12,35,9,57,3,22,3,27,0,16,3,20,0,5,0,6,0,6,0,6,80,286,79,440
SSC70285,0,3,0,3,0,5,0,5,0,8,0,8,0,5,5,8,4,14,11,27,3,19,8,29,3,7,4,13,0,4,0,4,0,0,0,0,8,67,26,102,0,6,0,5,0,3,0,3,3,7,0,14,0,9,3,11,0,18,6,33,4,22,3,24,0,8,0,10,0,0,0,0,0,3,0,3,10,71,26,111,0,5,0,7,0,4,0,4,3,17,0,21,0,13,6,24,8,34,16,59,9,35,14,56,5,17,3,30,0,3,0,8,0,3,0,3,23,146,43,209
SSC70286,0,0,0,0,0,3,0,3,0,34,37,72,0,34,44,80,0,23,45,67,0,8,31,37,0,0,0,0,0,0,0,0,0,0,0,0,4,96,161,262,0,0,0,0,0,0,0,0,0,0,0,0,0,0,0,0,0,0,0,0,0,0,0,0,0,0,0,0,0,0,0,0,0,0,0,0,0,0,5,5,0,0,0,0,0,3,0,3,0,34,40,76,0,34,44,80,0,23,46,70,0,8,31,41,0,0,0,0,0,0,0,0,0,0,0,0,4,97,163,268
SSC70287,0,7,3,16,3,15,0,12,4,19,0,21,3,12,0,15,3,10,0,12,3,8,0,8,0,3,0,3,0,0,0,0,0,0,0,0,18,69,6,94,0,5,3,15,3,10,0,15,4,17,0,23,7,10,0,19,10,9,3,21,4,11,0,14,0,3,0,3,0,0,0,3,0,0,0,0,35,72,11,116,6,18,6,26,6,28,0,30,11,36,0,42,13,23,0,35,10,21,3,35,11,11,0,24,0,6,0,6,0,0,0,3,0,0,0,0,50,143,19,210
SSC70288,0,3,0,3,0,3,0,3,0,7,0,9,3,10,0,11,0,3,0,3,4,3,0,4,0,0,0,0,0,0,0,0,0,0,0,0,3,28,0,35,0,4,0,7,0,4,0,4,0,8,0,8,3,11,0,12,4,3,0,7,0,4,0,4,0,3,0,3,0,3,0,3,0,0,0,0,3,34,0,43,0,10,0,10,0,4,0,4,0,16,0,12,3,14,0,21,4,5,0,10,4,10,0,11,0,3,0,3,0,3,0,3,0,0,0,0,9,65,0,74
SSC70289,0,9,4,10,0,3,0,5,0,4,0,8,0,7,0,5,0,5,7,12,0,0,0,0,0,0,0,0,0,0,0,0,0,0,0,0,0,35,9,46,0,3,3,5,0,0,0,0,0,5,6,10,0,8,0,5,0,3,0,4,0,0,0,3,0,0,0,0,0,0,0,0,0,0,0,0,0,25,8,36,0,9,9,18,0,9,0,10,3,9,6,21,0,15,0,14,0,11,4,13,0,3,0,3,0,0,0,0,0,0,0,0,0,0,0,0,4,55,21,76
SSC70290,0,0,0,0,0,7,0,7,0,14,3,15,0,24,4,32,0,28,3,28,0,27,6,40,0,14,4,25,0,0,0,0,0,0,0,0,4,113,20,143,0,0,0,0,0,0,0,0,0,10,0,11,0,3,3,6,0,12,0,12,0,20,3,24,0,0,0,7,0,0,0,0,0,0,0,0,8,44,8,59,0,0,0,0,0,6,0,6,0,25,7,27,0,23,8,32,5,33,4,39,5,48,9,58,3,22,4,25,0,0,0,0,0,0,0,0,10,154,30,199
SSC70291,0,0,0,0,0,0,0,0,0,0,0,0,0,0,0,0,0,0,0,0,0,0,0,0,0,0,0,0,0,0,0,0,0,0,0,0,0,0,0,0,0,0,0,0,0,0,0,0,0,0,0,0,0,0,0,0,0,0,0,0,0,0,0,0,0,0,0,0,0,0,0,0,0,0,0,0,0,0,0,0,0,0,0,0,0,0,0,0,0,0,0,0,0,0,0,0,0,0,0,0,0,0,0,0,0,0,0,0,0,0,0,0,0,0,0,0,0,0,0,0
SSC70292,3,97,19,117,4,97,10,115,17,211,21,248,13,208,32,248,23,189,25,238,7,115,24,147,4,58,9,69,4,15,7,24,0,3,0,3,75,989,149,1214,6,97,14,125,4,86,24,112,28,216,41,281,27,210,33,267,29,185,28,243,18,109,18,144,9,43,13,64,3,14,8,22,0,3,0,3,127,967,168,1260,8,198,29,239,7,183,33,225,43,425,62,527,37,414,59,518,56,366,58,479,27,222,45,292,9,103,18,131,8,25,14,45,0,3,0,6,202,1951,319,2475
SSC70293,0,18,3,20,0,29,8,42,8,141,21,167,4,85,13,96,3,48,3,50,0,30,3,36,0,6,0,13,0,5,0,5,0,0,0,0,17,370,50,433,0,11,0,10,3,31,3,36,0,124,16,149,3,62,9,74,3,36,0,40,5,28,3,32,0,14,0,14,3,4,0,6,0,3,0,3,15,317,36,362,0,28,4,37,3,68,9,80,8,267,38,316,12,142,17,175,3,81,10,92,8,59,3,71,0,28,0,29,3,6,0,9,0,5,0,5,29,683,84,798
SSC70294,4,77,12,93,3,50,5,58,12,121,21,147,9,162,22,197,16,141,22,185,15,96,19,127,10,69,5,81,3,21,3,23,0,0,0,0,76,741,108,922,4,56,12,69,3,42,3,49,16,141,20,176,23,165,24,212,19,140,15,177,23,93,13,126,9,59,10,77,0,20,3,21,0,6,0,6,106,722,91,921,10,131,18,162,8,92,7,112,28,257,39,327,33,328,42,408,39,279,46,358,33,196,30,257,20,130,18,163,4,35,4,43,0,5,0,9,177,1460,199,1843
SSC70295,5,44,14,60,9,64,3,72,12,117,13,139,3,96,4,113,11,90,4,102,11,48,3,58,0,24,3,29,0,3,0,4,0,0,0,0,47,489,42,581,4,48,10,65,12,60,0,65,21,112,6,139,18,85,4,110,17,82,15,111,15,51,3,66,3,20,0,26,0,8,0,6,0,0,0,4,79,462,47,593,10,93,22,125,19,121,3,138,27,230,17,275,24,190,12,218,27,174,20,221,24,95,7,129,9,44,3,50,0,10,0,14,0,0,0,4,129,951,89,1173
SSC70296,0,0,0,0,0,4,3,9,0,15,0,17,7,5,0,10,0,6,0,5,0,0,0,0,0,3,0,6,0,0,0,0,0,0,0,0,6,37,4,49,0,3,0,3,0,3,4,9,3,11,0,20,3,6,0,15,0,5,0,11,0,3,0,4,0,4,0,4,0,0,0,0,0,0,0,0,11,48,4,66,0,9,0,8,0,7,3,13,8,28,0,38,7,17,3,22,0,17,0,15,0,3,0,4,3,6,0,11,0,0,0,0,0,0,0,0,19,83,8,117
SSC70297,0,3,7,10,3,7,3,12,8,12,12,29,3,11,4,14,3,3,5,17,0,5,0,7,0,0,0,3,0,3,0,3,0,0,0,0,22,40,35,97,4,3,5,9,9,6,7,19,3,18,14,31,5,7,6,15,4,5,7,19,4,3,3,13,0,7,3,8,0,0,0,3,0,0,0,0,30,48,34,115,9,6,7,27,12,14,6,30,12,23,24,60,9,10,11,29,11,12,10,35,8,11,3,18,0,9,4,13,0,3,0,7,0,0,0,0,53,90,66,209
SSC70298,0,0,0,0,0,0,3,3,0,0,0,0,0,3,0,3,0,0,5,4,0,0,0,0,0,0,0,9,0,0,0,0,0,0,0,0,3,11,10,25,0,0,0,0,0,0,0,0,0,0,0,0,0,0,0,0,0,0,0,0,0,0,0,0,0,0,0,0,0,3,0,6,0,0,0,0,0,9,0,11,0,0,0,0,0,3,3,3,0,4,0,4,0,4,0,4,0,0,5,4,0,5,0,5,0,0,0,9,0,3,0,6,0,0,0,0,3,14,11,32
SSC70299,5,34,0,46,6,16,0,26,16,71,3,88,9,38,0,47,4,26,0,34,5,12,0,17,4,8,3,13,0,4,0,4,0,0,0,0,48,214,13,276,3,28,0,28,10,32,0,45,19,55,4,77,7,54,4,64,9,33,0,45,3,21,3,29,0,9,3,14,0,0,0,0,0,0,0,0,56,238,10,306,13,62,0,77,11,54,4,70,30,126,4,161,21,96,4,113,14,56,3,78,7,40,4,50,4,19,3,28,0,4,0,4,0,0,0,0,102,455,23,581
SSC70300,0,3,5,6,0,12,0,9,0,21,3,23,0,11,0,12,0,6,0,6,0,4,0,5,0,8,0,8,0,6,0,6,0,0,0,0,4,67,8,80,0,3,0,3,0,12,0,12,0,19,0,21,3,5,3,16,3,9,3,9,0,8,0,8,0,4,0,9,0,0,0,0,0,0,0,0,8,62,9,83,0,12,5,11,0,25,4,27,0,36,7,41,3,18,8,25,3,13,3,19,0,8,3,11,0,10,0,14,0,6,0,6,0,0,0,3,6,130,25,159
SSC70301,3,21,4,27,0,32,0,31,0,39,3,46,4,45,10,60,3,29,13,46,0,22,3,25,0,3,0,4,0,0,0,0,0,0,0,0,20,187,31,239,3,18,0,23,3,26,0,35,7,57,11,74,7,49,17,79,7,30,11,45,3,25,3,32,0,4,0,11,0,4,0,3,0,0,0,0,36,213,50,301,4,36,3,45,6,57,3,64,10,92,18,123,12,94,26,139,15,54,26,97,7,42,11,59,4,8,0,14,0,6,0,4,0,0,0,3,61,396,80,542
SSC70302,0,10,0,11,0,80,21,99,5,145,42,188,4,67,21,97,3,49,19,67,0,54,14,71,0,10,0,10,0,0,0,0,0,0,0,0,17,412,124,555,3,21,4,27,0,64,20,79,6,134,32,172,6,45,11,62,0,56,9,68,4,30,6,43,0,3,5,11,0,3,0,3,0,0,0,0,15,355,87,464,3,31,3,36,0,137,33,179,8,278,76,368,5,119,40,163,6,100,30,137,3,85,22,116,0,16,3,21,0,4,0,3,0,0,0,3,37,768,216,1015
SSC70303,0,24,3,24,3,48,8,58,12,158,19,184,3,92,3,100,0,37,0,34,0,21,6,22,0,3,0,3,0,0,0,0,0,0,0,0,21,372,38,433,3,17,0,24,6,58,13,67,10,144,15,167,6,72,3,77,3,38,3,46,4,5,3,11,0,3,0,3,0,0,0,0,0,0,0,0,33,335,30,402,0,43,3,51,9,107,16,131,18,303,30,354,12,161,5,174,8,71,3,81,8,27,6,38,0,3,0,3,0,0,0,0,0,0,0,0,52,710,71,834
SSC79494,0,15,4,16,0,64,38,98,5,126,85,219,12,118,84,215,15,141,105,257,14,151,63,229,7,129,35,174,0,12,12,20,0,0,0,0,53,762,428,1240,0,16,0,17,3,45,40,85,10,141,86,239,16,94,67,180,16,110,77,203,19,142,50,212,9,76,24,105,0,5,5,10,0,0,0,0,75,628,343,1043,0,25,8,32,7,105,73,183,17,267,171,457,26,210,156,396,27,253,179,461,32,298,106,438,16,202,59,278,0,24,15,38,0,0,0,0,124,1388,770,2281
SSC79797,0,0,0,0,0,4,0,4,0,18,5,23,0,12,7,16,0,5,4,11,0,0,5,3,0,0,0,0,0,0,0,0,0,0,0,0,5,33,17,61,0,0,0,0,0,0,0,0,0,3,0,3,0,0,0,0,0,0,0,0,0,0,0,0,0,0,0,0,0,0,0,3,0,0,0,0,0,6,3,9,0,0,0,0,0,4,0,3,0,20,3,30,0,12,10,19,0,4,4,9,0,0,5,3,0,0,0,0,0,0,0,3,0,0,0,0,5,39,27,72
